"gene","type","aaseq","num_hits"
"KHS","truncated","LGGFVIAAAAYATPYWVAAICIASTGGVCSPIAGAVLATSAVIVAAVLVGKSSGSATKRGLSKTISVLNHTITFTDHVLNGQTLSNGTSSNFVTIGFSGYAVHDTIKRDGAAELNFVGYTTEHGTHISTSSVHNVSMLIDQIVAAVPGVPDIGGNASALSLQRRSQEFATSWISMTYDQSYGDLAQNWQNDEGGAGNFDSYAEEELQNFFSGNRDWKYCFAAEDTKNGEPLDYDDIPGDGAGTGSAFKSEIYFNTYGGIDNYCNDEHIGAQNTGDGR",1
"KHS","truncated","MNKSYTDDMNSSPPNYLTTRTFRIVRLFAIIFALLLVAYSLFLSTLRTGAIPDHANTAALVRRAR",1
"KHS","mutant","MNKSYTDDMNSSSPNYLTTRTFRIVRLFAIIFALLLVAYSLFLSTLKTGAIPDHTSTAALVRRARWSFATGLGLGGFVIAAAAYATPYWVAAICIASTGGVCSPIAGAVLATSAVIVAAVLVGKSSGSATKRGLSKTISVLNHTITFTDHVLNGQTLSNGTSSNFVTIGFSGYAVHDTIKRDGAAELNFVGYTTEHGTHISTSSVHNVSMLIDQIVAAVPGVPDIGGNASALSLQRRSQEFATSWISMTYDQSYGDLAQNWQNDEGGAGNFDSYAEEELQNFFSGNRDWKYCFAAEDTKNGEPLDYDDIPGDGAGTGSAFKSEIYFNTYGGIDNYCNDEHIGAQNTGDGR",1
"KHS","mutant","MNRSYTDDMNSSPPNYLTTRTFRIVRLFAIIFALLLVAYSLFLSTLKTGAIPDHTSTAALVRRARWSFATGLGLGGFVIAAAAYATPYWVAAICIASTGGVCSPIAGAVLATSTVIVAAVLVGKSSGSATKRGLSKTISVLNHTITFTDHVLNGQTLSNGTSSNFVTIGFSGYAVHDTIKRDGAAELNFVGYTTEHGTHISTSSVHNVSMLIDQIVAAVPGVPDIGGNASALSLQRRSQEFATSWISMTYDQSYGDLAQNWQNDEGGAGNFDSYAEEELQNFFSDNRDWKYCFAAEDTKNGEPLDYDDIPGDGAGTGSAFKSEIYFNTYGGIDNYCNDEHIGAQNTGDGR",1
"KHS","truncated","MNRSYTDDMNSSPPNYLTTRTFRIVRLFAIIFALLLVAYSLFLSTLRTGAIPDHANTAALVRRAR",1
"KHS","truncated","MNRSYTDDMNSSPPNYLTTRTFRIVRLFAIIFALLLVAYSLFLSTLRTGAIPDHVNTAALVRRAR",1
"KHS","truncated","MNRSYTDDMNSSPPNYLTTRTFRIVRLFAIIFALLLVAYSLFLSTLRTGAIPDRANTAALVRRAR",2
"KHS","truncated","MNRSYTDDMNSSSPNYLTTRTFRIFRLFAIIFALLLIAYSLFLSTLKTGSIPDRANTVTLMRRARWSFGTGLGLGGFVIAAAAYATPYWVAAIC",1
"KHS","mutant","MNRSYTDDMNSSSPNYLTTRTFRIFRLFAIIFALLLIAYSLFLSTLKTGSIPDRANTVTLMRRARWSFGTGLGLGGFVIAAAAYATPYWVAAICIASTGGVCSPIAGAVLATSAVIVAAVLVGKSSGSATKRGLSKTISVLNHTITFTDHVLNGQTLSNGTSSNFVTIGFSGYAVHDTIKRDGAAELNFVGYTTEHGTHISTSSVHNVSMLIDQIVAAVPGVPDIGGNASALSLQRRSQEFATSWISMTYDQSYGDLAQNWQNDEGGAGNFDSYAEEELQNFFSGNRDWKYCFAAEDTKNGEPLDYDDIPGDGAGTGSAFKSEIYFNTYGGIDNYCNDEHIGAQNTGDGR",1
"KHS","mutant","MNRSYTDDMNSSSPNYLTTRTFRIFRLFAIIFALLLIAYSLFLSTLKTGSIPDRANTVTLMRRARWSFGTGLGLGGFVIAAAAYATPYWVAAICLATASEVCAPIAGAVLATAAVIVAAVLVGKSSGSATKRGLTKTISVLNHTITFTDHILNGQTLSNGTGSNFVTIGFSGYAVHDTIKRDSTTDINFVGYTTEHGTHISTSSVHNVSSLIDKIVAAVPGVPDTGGNASALSFQKRSQEFATSWISMTYDQSYGDLAQTWQNDEGGAGNFDSYAEEELQNFFSGNRDWKYCFAAEDTKSGEPIDYDDIPGDGPGTGSAFKSEIYFNTYGGIDNYCNDEHIGAQNTGDGR",11
