"filename","contig","match_acc","match_description","eval","pid","ntlen","qstart","qend","sstart","send","qseq_nt","aaseq","aalst","gene","aalen","full","type","num_hits"
"AAA_6.re.fa","AAA_6-10105","CP004815","REGION: 543434..544486 KHS",0,89.564,1054,67367,68419,1,1053,"ATGAATAGATCATACACAGACGACATGAATAGCAGCCCTCCAAATTACTTGACAACAAGGACGTTTAGAATCGTTAGATTGTTTGCAATAATTTTTGCACTGCTTTTGGTAGCGTACTCATTATTTTTAAGCACACTTAGAACTGGAGCTATACCTGACCACGCCAACACTGCTGCTCTAGTACGGCGAGCTAGGTGATCATTTGCGACTGGATTAGGACTAGGAGGATTTTTAATTGCTGCAGCCGCTTATGCTACTCCTTACTGGGTCGCAGCAACCTGTATCGCATCCACTAGCGGAATATGTTCACCTATAGCTGGTGCTGTTTTAGCAACGTCAGCAGTTATAGTTGCAGCAGTTTTAGTGGGAAAGAGTTCTGGCTCAGCAACAAAGCGAGGGTTAAGTGAGACTATTAGTGTACTGAATCATACTATAACATTCACTGATCATGTGCTCAATGGGCAAACATTGTCTAATGGTACTGGTAGTAATTTTGTTACAATAGAGTTTAGTGGGTATGCAGTACATGACACTATTAAACGTGACGGTGCTGCTGAGATCAACTTTGTGAGGTATACTACGGAGCATGGAACCCACATCAGCACGAGTAGCGTACATAATGTGAGCATGCTCATCGATCAAATCGTGGCAGTGGTACCAGGGGTACCTGATATAAGTGGCAACGCTTCGGCCCTATCGTTACAGAGACACAGTCAAGAGTTCGCCACCTCATGGATATCAATGACATATAGTCAGAGTTATGGTGATCTGGCACAGAACTGGCAGAATGACGAAGGTGGAGCAGGAAATTTTGATTCTTATGCTGAAGAGAAGTTACAGAATTTCTTTTCAGGTAATAGGGATTGGAAATACTGCTTTGCTGCTGAGGACACGAAGAACGGTGAGCCACTTGATTACGATGACATACCTGGTGACGGTGCAGGCACGGGTTCGGCATTCAAGTCTGAGATATATTTTAACACTTACGGTGGTATAGATAATTATTGTAATGACGAGCATATCGGTGCTCAGAACACTGGAGATGGTCGATAA","MNRSYTDDMNSSPPNYLTTRTFRIVRLFAIIFALLLVAYSLFLSTLRTGAIPDHANTAALVRRAR",NA,"KHS",65,"no","truncated",1
"AAB_6.re.fa","AAB_6-11777","CP004815","REGION: 543434..544486 KHS",0,99.905,1053,4309,5361,1053,1,"ATGAATAGATCATACACAGACGACATGAATAGCAGCTCTCCAAATTACCTGACAACAAGGACGTTTAGAATCTTTAGATTGTTTGCAATAATTTTTGCACTGCTTTTGATAGCGTACTCTTTATTTCTGAGCACTCTAAAAACAGGCTCTATACCTGATCGTGCCAACACTGTTACTTTAATGCGCCGTGCCAGGTGGTCATTTGGGACTGGATTAGGACTAGGAGGATTTGTAATTGCTGCAGCCGCTTATGCTACTCCTTACTGGGTCGCAGCAATCTGTCTCGCAACTGCTAGCGAGGTGTGTGCACCTATAGCTGGTGCTGTTTTGGCGACAGCAGCGGTTATTGTCGCAGCAGTTTTAGTGGGAAAGAGTTCGGGCTCGGCAACAAAGCGAGGGTTAACTAAGACTATTAGCGTACTGAATCATACCATAACATTCACCGATCATATACTCAATGGTCAGACGTTGTCTAATGGTACTGGTAGTAATTTTGTTACAATAGGATTCAGCGGGTATGCAGTACATGACACTATCAAACGTGACAGCACTACTGATATCAATTTCGTGGGATATACCACAGAGCATGGAACCCACATTAGCACGAGTAGCGTACATAATGTGAGCAGTCTCATCGATAAAATTGTGGCAGCGGTACCAGGGGTCCCTGATACAGGTGGTAATGCTTCTGCTCTATCGTTTCAGAAACGCAGTCAGGAGTTCGCTACCTCATGGATATCAATGACATATGATCAGAGTTATGGTGACCTTGCGCAAACGTGGCAAAATGACGAAGGCGGAGCAGGAAATTTTGATTCTTATGCGGAAGAGGAGTTACAGAATTTCTTTTCAGGTAATAGAGACTGGAAGTACTGCTTTGCTGCTGAGGACACGAAGAGTGGTGAGCCAATTGATTACGATGACATACCTGGTGACGGTCCAGGCACGGGTTCGGCATTCAAATCGGAGATATATTTCAACACTTACGGTGGTATAGATAATTATTGTAATGACGAGCATATCGGTGCTCAGAACACTGGAGATGGTCGATAA","MNRSYTDDMNSSSPNYLTTRTFRIFRLFAIIFALLLIAYSLFLSTLKTGSIPDRANTVTLMRRARWSFGTGLGLGGFVIAAAAYATPYWVAAICLATASEVCAPIAGAVLATAAVIVAAVLVGKSSGSATKRGLTKTISVLNHTITFTDHILNGQTLSNGTGSNFVTIGFSGYAVHDTIKRDSTTDINFVGYTTEHGTHISTSSVHNVSSLIDKIVAAVPGVPDTGGNASALSFQKRSQEFATSWISMTYDQSYGDLAQTWQNDEGGAGNFDSYAEEELQNFFSGNRDWKYCFAAEDTKSGEPIDYDDIPGDGPGTGSAFKSEIYFNTYGGIDNYCNDEHIGAQNTGDGR","MNRSYTDDMNSSSPNYLTTRTFRIFRLFAIIFALLLIAYSLFLSTLKTGSIPDRANTVTLMRRARWSFGTGLGLGGFVIAAAAYATPYWVAAICLATASEVCAPIAGAVLATAAVIVAAVLVGKSSGSATKRGLTKTISVLNHTITFTDHILNGQTLSNGTGSNFVTIGFSGYAVHDTIKRDSTTDINFVGYTTEHGTHISTSSVHNVSSLIDKIVAAVPGVPDTGGNASALSFQKRSQEFATSWISMTYDQSYGDLAQTWQNDEGGAGNFDSYAEEELQNFFSGNRDWKYCFAAEDTKSGEPIDYDDIPGDGPGTGSAFKSEIYFNTYGGIDNYCNDEHIGAQNTGDGR*","KHS",350,"yes","mutant",1
"AAB_6.re.fa","AAB_6-11822","D00905","KHR (orf only)",0,99.888,891,97970,98860,891,1,"ATGGGCCACTTAGCGATCCTTTTCAGTATTATCGCTGTATGGAATATAGCTACAGCTGTTGCATCGAGCGACAGCATTTACCTTAAGGGACACAGAGTAGGACAGGATATCGACAGTCTATACAGAGTGTACGATAATGGTACTATGTACCCTGTCACTTTCAATGAGTGGTTAAATGATCTAACTGGGATGAATGACTTGGCAACAAATAACGCGACAATATTAAAACGTGACAGTAGCGATGTTTCTTGCGTTAATGAAACATGCCAATACGTGGATTACCACGTGGATGACGAAGGAGTTATAACTATAGACATATCTACGTATCGTATCCCTGTCGAATGGGATAATGGTTCTGCAGGCAACGCATCATATGGAGTCTCAAAGCGTGATACAAAATATGAGACATTCTGTAAGAAGAAAATATGCGGTATAAACGTTTCCGGTTTCTGTAACGCGTATGACTTCGCCGTTCCTGCGTTCGACTTCGGTGGCAATGTCTACAACCTTGTTAGTGGTATCACTGATAGGATTAAAGAAGCTACGAAGAGGGATAAGACTGAATGTCTAGGTTACGAACTAGATCATGTGAGAATAGATCCTGCTGTTGATTGGTCCATATTTATTTCTACTTGGAAACAAGGGTCGGCCAATTGTGACACACAGGCATCTGCTGACAGCTTGAAATGTGCTGCCCAAAAAGCACTTGAAAGTGAACACAATCACCAAAAAACAGCTTTCTGTATTCACCTAGATAATGGTGGATCATTTAACTTAGACATTAGGCTAATATCTGAGCTTTCATTTTCGAAATATAACCCATGGGCTCTTCCATGTCCGAAGGACAAAGGCTCCAATTCTTGGCAAGTTGTGAGCGACTGTTTTCAATAA","MGHLAILFSIIAVWNIATAVASSDSIYLKGHRVGQDIDSLYRVYDNGTMYPVTFNEWLNDLTGMNDLATNNATILKRDSSDVSCVNETCQYVDYHVDDEGVITIDISTYRIPVEWDNGSAGNASYGVSKRDTKYETFCKKKICGINVSGFCNAYDFAVPAFDFGGNVYNLVSGITDRIKEATKRDKTECLGYELDHVRIDPAVDWSIFISTWKQGSANCDTQASADSLKCAAQKALESEHNHQKTAFCIHLDNGGSFNLDIRLISELSFSKYNPWALPCPKDKGSNSWQVVSDCFQ","MGHLAILFSIIAVWNIATAVASSDSIYLKGHRVGQDIDSLYRVYDNGTMYPVTFNEWLNDLTGMNDLATNNATILKRDSSDVSCVNETCQYVDYHVDDEGVITIDISTYRIPVEWDNGSAGNASYGVSKRDTKYETFCKKKICGINVSGFCNAYDFAVPAFDFGGNVYNLVSGITDRIKEATKRDKTECLGYELDHVRIDPAVDWSIFISTWKQGSANCDTQASADSLKCAAQKALESEHNHQKTAFCIHLDNGGSFNLDIRLISELSFSKYNPWALPCPKDKGSNSWQVVSDCFQ*","KHR",296,"yes","canonical",1
"AAC_6.re.fa","AAC_6-18699","D00905","KHR (orf only)",0,99.888,891,6997,7887,891,1,"ATGGGCCACTTAGCGATCCTTTTCAGTATTATCGCTGTATGGAATATAGCTACAGCTGTTGCATCGAGCGACAGCATTTACCTTAAGGGACACAGAGTAGGACAGGATATCGACAGTCTATACAGAGTGTACGATAATGGTACTATGTACCCTGTCACTTTCAATGAGTGGTTAAATGATCTAACTGGGATGAATGACTTGGCAACAAATAACGCGACAATATTAAAACGTGACAGTAGCGATGTTTCTTGCGTTAATGAAACATGCCAATACGTGGATTACCACGTGGATGACGAAGGAGTTATAACTATAGACATATCTACGTATCGTATCCCTGTCGAATGGGATAATGGTTCTGCAGGCAACGCATCATATGGAGTCTCAAAGCGTGATACAAAATATGAGACATTCTGTAAGAAGAAAATATGCGGTATAAACGTTTCCGGTTTCTGTAACGCGTATGACTTCGCCGTTCCTGCTTTCGACTTCGGTGGCAATGTCTACAACCTTGTTAGTGGTATCATTGATAGGATTAAAGAAGCTACGAAGAGGGATAAGACTGAATGTCTAGGTTACGAACTAGATCATGTGAGAATAGATCCTGCTGTTGATTGGTCCATATTTATTTCTACTTGGAAACAAGGGTCGGCCAATTGTGACACACAGGCATCTGCTGACAGCTTGAAATGTGCTGCCCAAAAAGCACTTGAAAGTGAACACAATCACCAAAAAACAGCTTTCTGTATTCACCTAGATAATGGTGGATCATTTAACTTAGACATTAGGCTAATATCTGAGCTTTCATTTTCGAAATATAACCCATGGGCTCTTCCATGTCCGAAGGACAAAGGCTCCAATTCTTGGCAAGTTGTGAGCGACTGTTTTCAATAA","MGHLAILFSIIAVWNIATAVASSDSIYLKGHRVGQDIDSLYRVYDNGTMYPVTFNEWLNDLTGMNDLATNNATILKRDSSDVSCVNETCQYVDYHVDDEGVITIDISTYRIPVEWDNGSAGNASYGVSKRDTKYETFCKKKICGINVSGFCNAYDFAVPAFDFGGNVYNLVSGIIDRIKEATKRDKTECLGYELDHVRIDPAVDWSIFISTWKQGSANCDTQASADSLKCAAQKALESEHNHQKTAFCIHLDNGGSFNLDIRLISELSFSKYNPWALPCPKDKGSNSWQVVSDCFQ","MGHLAILFSIIAVWNIATAVASSDSIYLKGHRVGQDIDSLYRVYDNGTMYPVTFNEWLNDLTGMNDLATNNATILKRDSSDVSCVNETCQYVDYHVDDEGVITIDISTYRIPVEWDNGSAGNASYGVSKRDTKYETFCKKKICGINVSGFCNAYDFAVPAFDFGGNVYNLVSGIIDRIKEATKRDKTECLGYELDHVRIDPAVDWSIFISTWKQGSANCDTQASADSLKCAAQKALESEHNHQKTAFCIHLDNGGSFNLDIRLISELSFSKYNPWALPCPKDKGSNSWQVVSDCFQ*","KHR",296,"yes","mutant",1
"AAC_6.re.fa","AAC_6-18717","CP004815","REGION: 543434..544486 KHS",0,89.564,1054,67143,68195,1,1053,"ATGAATAGATCATACACAGACGACATGAATAGCAGCCCTCCAAATTACTTGACAACAAGGACGTTTAGAATCGTTAGATTGTTTGCAATAATTTTTGCACTGCTTTTGGTAGCGTACTCATTATTTTTAAGCACACTTAGAACTGGAGCTATACCTGACCACGTCAACACTGCTGCTCTAGTACGGCGAGCTAGGTGATCATTTGCGACTGGATTAGGACTAGGAGGATTTTTAATTGCTGCAGCCGCTTATGCTACTCCTTACTGGGTCGCAGCAACCTGTATCGCATCCACTAGCGGAATATGTTCACCTATAGCTGGTGCTGTTTTAGCAACGTCAGCAGTTATAGTTGCAGCAGTTTTAGTGGGAAAGAGTTCTGGCTCAGCAACAAAGCGAGGGTTAAGTGAGACTATTAGTGTACTGAATCATACTATAACATTCACTGATCATGTGCTCAATGGGCAAACATTGTCTAATGGTACTGGTAGTAATTTTGTTACAATAGAGTTTAGTGGGTATGCAGTACATGACACTATTAAACGTGGCGGTGCTGCTGAGATCAACTTTGTGGGGTATACTACGGAGCATGGAACCCACATCAGCACGAGTAGCGTACATAATGTGAGCATGCTCATCGATCAAATCGTGGCAGTGGTACCAGGGGTACCTGATATAAGTGGCAACGCTTCGGCCCTATCGTTACAGAGACGCAGTCAAGAGTTCGCCACCTCATGGATATCAATGACATATAGTCAGAGTTATGGTGATCTGGCACAGAACTGGCAGAATGACGAAGGTGGAGCAGGAAATTTTGATTCTTATGCTGAAGAGAAGTTACAGAATTTCTTTTCAGGTAATAGGGATTGGAAATACTGCTTTGCTGCTGAGGACACGAAGAACGGTGAGCCACTTGATTACGATGACATACCTGGTGACGGTGCAGGCACGGGTTCGGCATTCAAGTCTGAGATATATTTTAACACTTACGGTGGTATAGATAATTATTGTAATGACGAGCATATCGGTGCTCAGAACACTGGAGATGGTCGATAA","MNRSYTDDMNSSPPNYLTTRTFRIVRLFAIIFALLLVAYSLFLSTLRTGAIPDHVNTAALVRRAR",NA,"KHS",65,"no","truncated",1
"AAD_6.re.fa","AAD_6-5651","CP004815","REGION: 543434..544486 KHS",0,89.658,1054,66874,67926,1,1053,"ATGAATAGATCATACACAGACGACATGAATAGCAGCCCTCCAAATTACTTGACAACAAGGACGTTTAGAATCGTTAGATTGTTTGCAATAATTTTTGCACTGCTTTTGGTAGCGTACTCATTATTTTTAAGCACACTTAGAACTGGAGCTATACCTGACCGCGCCAACACTGCTGCTCTAGTACGGCGAGCTAGGTGATCATTTGCGACTGGATTAGGACTAGGAGGATTTTTAATTGCTGCAGCCGCTTATGCTACTCCTTACTGGGTCGCAGCAACCTGTATCGCATCCACTAGCGGAATATGTTCACCTATAGCTGGTGCTGTTTTAGCAACTTCAGCAGTTATAGTTGCAGCAGTTTTAGTGGGAAAGAGTTCTGGCTCAGCAACAAAGCGAGGGTTAAGTGAGACTATTAATGTACTGAATCATACTATAACACTCACTGATCATGTGCTCAATGGGCAAACATTGTCTAATGGTACTGGTAGTAATTTTGTTACAATAGAGTTTAGTGGGTATGCAGTACATGACACTATTAAACGTGACGGTGCTGCTGAGATCAACTTTGTGGGGTATACTACGGAGCATGGAACCCACATCAGCACGAGTAGCGTACATAATGTGAGCATGCTCATCGATCAAATCGTGGCAGCGGTACCAGGGGTACCTGATATAAGTGGCAACGCTTCGGCCCTATCGTTACAGAGACGCAGTCAAGAGTTCGCCACCTCATGGATATCAATGACATATAGTCAGAGTTATGGTGATCTGGCACAGAACTGGCAGAATGACGAAGGTGGAGCAGGAAATTTTGATTCTTATGCTGAAGAGAAGTTACAGAATTTCTTTTCAGGTAATAGGGATTGGAAATACTGCTTTGCTGCTGAGGACACGAAAAACGGTGAGCCACTTGATTACGATGACATACCTGGTGACGGTGCAGGCACGGGTTCGGCATTCAAGTCTGAGATATATTTTAACACTTACGGTGGTATAGATAATTATTGTAATGACGAGCATATCGGTGCTCAGAACACTGGAGATGGTCGATAA","MNRSYTDDMNSSPPNYLTTRTFRIVRLFAIIFALLLVAYSLFLSTLRTGAIPDRANTAALVRRAR",NA,"KHS",65,"no","truncated",1
"AAD_6.re.fa","AAD_6-5666","D00905","KHR (orf only)",0,98.092,891,17813,18703,1,891,"ATGGGCCACTTAGCGATCCTTTTCAGTATTATCGCTGTATGGAATATAGCTACAGCTGTTGCATCGAGCGACAGCATTTACCTTAAGGGACACAGAGTAGGACAGGATATCGACAGTCTATACAGAGTGTACGATAATGGTACTATGTACCCTGTCACTTTCAATGAGTGGTTAAATGATCTAACTGGGATGAATGACTTGGCAACAAATAACGCGACAATATTAAAACGTGACAGTAGCGATGTTTCTTGCGTTAATGAAACATGCCAATACGTGGATTACCACGTGGATGACGAAGGAGTTATAACTATAGACATATCTACGTATCGTATCCCTGTCGAATGGGATAATGGTTCTGCAGGCAACGCATCATATGGAGTCTCAAAGCGTGATACAAAATATGAGACATTCTGTAAGAAGAAAATATGCGGTATAAACGTTTCCGGTTTCTGTAACGCGTATGACTTCGCCGTTCCTGCTTTCGACTTCGGTGGCAATGTCTACAGCCTTGCTAGTGATATCATTGATAGGATTAAAGGCGCTACGAAGAGGGATAAGACCGAATGTCTACGTTACGAACTAGATCATGTGAGAATAGATCCTGCTGTTGATTGGTCTATATTTATTTCTACTTGGAAGCAAGGGCCGGCCAATTATGACACACAGGCATCTGCTGACAGCTTGAAATGTGCTGCCCAAAAAGCGCTTGAAAGTGAACACAATCACCAAAAAACAGCTTTCTGTATTCACCTAGATAATGGTGGATCGTTTAACTTAGACATTAGGCTAATATCTGAGCTTTCATTTTCGAAATATAACCCATGGGCTCTTCCATGTCCGAAGGACAAAGACTCAAATTCTTGGCAGGTTGTGAGCGACTGTTTTCAATAA","MGHLAILFSIIAVWNIATAVASSDSIYLKGHRVGQDIDSLYRVYDNGTMYPVTFNEWLNDLTGMNDLATNNATILKRDSSDVSCVNETCQYVDYHVDDEGVITIDISTYRIPVEWDNGSAGNASYGVSKRDTKYETFCKKKICGINVSGFCNAYDFAVPAFDFGGNVYSLASDIIDRIKGATKRDKTECLRYELDHVRIDPAVDWSIFISTWKQGPANYDTQASADSLKCAAQKALESEHNHQKTAFCIHLDNGGSFNLDIRLISELSFSKYNPWALPCPKDKDSNSWQVVSDCFQ","MGHLAILFSIIAVWNIATAVASSDSIYLKGHRVGQDIDSLYRVYDNGTMYPVTFNEWLNDLTGMNDLATNNATILKRDSSDVSCVNETCQYVDYHVDDEGVITIDISTYRIPVEWDNGSAGNASYGVSKRDTKYETFCKKKICGINVSGFCNAYDFAVPAFDFGGNVYSLASDIIDRIKGATKRDKTECLRYELDHVRIDPAVDWSIFISTWKQGPANYDTQASADSLKCAAQKALESEHNHQKTAFCIHLDNGGSFNLDIRLISELSFSKYNPWALPCPKDKDSNSWQVVSDCFQ*","KHR",296,"yes","mutant",1
"AAE_6.re.fa","AAE_6-6655","CP004815","REGION: 543434..544486 KHS",0,89.564,1054,67142,68194,1,1053,"ATGAATAAATCATACACAGACGACATGAATAGCAGCCCTCCAAATTACTTGACAACAAGGACGTTTAGAATCGTTAGATTGTTTGCAATAATTTTTGCACTGCTTTTGGTAGCGTACTCATTATTTTTAAGCACACTTAGAACTGGAGCTATACCTGACCACGCCAACACTGCTGCTCTAGTACGGCGAGCTAGGTGATCATTTGCGACTGGATTAGGACTAGGAGGATTTTTAATTGCTGCAGCCGCTTATGCTACTCCTTACTGGGTCGCAGCAACCTGTATCGCATCCACTAGCGGAATATGTTCACCTATAGCTGGTGCTGTTTTAGCAACGTCAGCAGTTATAGTTGCAGCAGTTTTAGTGGGAAAGAGTTCTGGCTCAGCAACAAAGCGAGGGTTAAGTGAGACTATTAGTGTACTGAATCATACTATAACATTCACTGATCATGTGCTCAATGGGCAAACATTGTCTAATGGTACTGGTAGTAATTTTGTTACAATAGAGTTTAGTGGGTATGCAGTACATGACACTATTAAACGTGACGGTGCTGCTGAGATCAACTTTGTGAGGTATACTACGGAGCATGGAACCCACATCAGCACGAGTAGCGTACATAATGTGAGCATGCTCATCGATCAAATCGTGGCAGTGGTACCAGGGGTACCTGATATAAGTGGCAACGCTTCGGCCCTATCGTTACAGAGACGCAGTCAAGAGTTCGCCACCTCATGGATATCAATGACATATAGTCAGAGTTATGGTGATCTGGCACAGAACTGGCAGAATGACGAAGGTGGAGCAGGAAATTTTGATTCTTATGCTGAAGAGAAGTTACAGAATTTCTTTTCAGGTAATAGGGATTGGAAATACTGCTTTGCTGCTGAGGACACGAAGAACGGTGAGCCACTTGATTACGATGACATACCTGGTGACGGTGCAGGCACGGGTTCGGCATTCAAGTCTGAGATATATTTTAACACTTACGGTGGTATAGATAATTATTGTAATGACGAGCATATCGGTGCTCAGAACACTGGAGATGGTCGATAA","MNKSYTDDMNSSPPNYLTTRTFRIVRLFAIIFALLLVAYSLFLSTLRTGAIPDHANTAALVRRAR",NA,"KHS",65,"no","truncated",1
"AAE_6.re.fa","AAE_6-6680","D00905","KHR (orf only)",0,99.888,891,89774,90664,891,1,"ATGGGCCACTTAGCGATCCTTTTCAGTATTATCGCTGTATGGAATATAGCTACAGCTGTTGCATCGAGCGACAGCATTTACCTTAAGGGACACAGAGTAGGACAGGATATCGACAGTCTATACAGAGTGTACGATAATGGTACTATGTACCCTGTCACTTTCAATGAGTGGTTAAATGATCTAACTGGGATGAATGACTTGGCAACAAATAACGCGACAATATTAAAACGTGACAGTAGCGATGTTTCTTGCGTTAATGAAACATGCCAATACGTGGATTACCACGTGGATGACGAAGGAGTTATAACTATAGACATATCTACGTATCGTATCCCTGTCGAATGGGATAATGGTTCTGCAGGCAACGCATCATATGGAGTCTCAAAGCGTGATACAAAATATGAGACATTCTGTAAGAAGAAAATATGCGGTATAAACGTTTCCGGTTTCTGTAACGCGTATGACTTCGCCGTTCCTGCTTTCGACTTCGGTGGCAATGTCTACAACCTTGTTAGTGGTATCACTGATAGGATTAAAGAAGCTACGAAGAGGGATAAGACTGAATGTCTAGGTTACGAACTAGATCATGTGAGAATAGATCCTGCTGTTGATTGGTCCATATTTATTTCTACTTGGAAACAAGGGTCGGCCAATTGTGACACACAGGCATCTGCTGACAGCTTGAAATGTGCTGCCCAAAAAGCACTTGAAAGTGAACACAATCACCAAAAAACAGCTTTCTGTATTCACCTAGATAATGGTGGATCATTTAACTTAGACATTAGGCTAATATCTGAGCTTTCATTTTCGAAATATAACCCATGGGCTCTTCCATGTCCGAAGGACAAAGGCTCCAATTCTTGGCAAGTTCTGAGCGACTGTTTTCAATAA","MGHLAILFSIIAVWNIATAVASSDSIYLKGHRVGQDIDSLYRVYDNGTMYPVTFNEWLNDLTGMNDLATNNATILKRDSSDVSCVNETCQYVDYHVDDEGVITIDISTYRIPVEWDNGSAGNASYGVSKRDTKYETFCKKKICGINVSGFCNAYDFAVPAFDFGGNVYNLVSGITDRIKEATKRDKTECLGYELDHVRIDPAVDWSIFISTWKQGSANCDTQASADSLKCAAQKALESEHNHQKTAFCIHLDNGGSFNLDIRLISELSFSKYNPWALPCPKDKGSNSWQVLSDCFQ","MGHLAILFSIIAVWNIATAVASSDSIYLKGHRVGQDIDSLYRVYDNGTMYPVTFNEWLNDLTGMNDLATNNATILKRDSSDVSCVNETCQYVDYHVDDEGVITIDISTYRIPVEWDNGSAGNASYGVSKRDTKYETFCKKKICGINVSGFCNAYDFAVPAFDFGGNVYNLVSGITDRIKEATKRDKTECLGYELDHVRIDPAVDWSIFISTWKQGSANCDTQASADSLKCAAQKALESEHNHQKTAFCIHLDNGGSFNLDIRLISELSFSKYNPWALPCPKDKGSNSWQVLSDCFQ*","KHR",296,"yes","mutant",1
"AAG_6.re.fa","AAG_6-7237","D00905","KHR (orf only)",0,95.297,893,90180,91072,891,1,"ATGGGCCACTTAGCCGGATCCTTTTCGGTATTATCGCTGTATGGAATATAGCTACAGCTATTGCATCGAGCGACAGCATTTACCTTAAGGGACACAGAGTAGGACAGGATATCGACAGTCTATACAGAGTGTATGGTAATGGTACTATGTACCCCGTCACTTTCAATGAGTGGTTAAATAATCTAGCTGGGATGAATGACTCGGCAACAAATAACGCAACAATATTAAAATATGACAGTAGCGATGTTTCTTGCGTTAATGAAACATGCCAATACGTAGATTACCACGTGGATGACGAAGGAGTTATAACTATAGACATATCTACGTATCATATCCCTGTCAAATGGGATAATGATTCTGCAAGCAACGCATCATATGGAGTTTCAAAGTGTGATACAAAATATGAGACATTCTTTAAGAAGAAAATATGCGGTATAAACGTTTCCGGTTTCTGTAACGCGTATGACTTCGCCCTTCTTGCTTTCGACTTTGGTGGCAATGTCTACAGCCTTGCTAGTGGTATCATTGATAGGATTAAAGGCGCTACGAAGAGGGATAAGACTGAATGTCTAGGTTACGAACTAGATCATGTGAGAATAGATCCTGCTGTTGATTGGTCTATATTTATTTCTACTTGGAAGCAAGGGCCGGCCAATTATGACACACAGGCATCTGCTGACAGCTTGAAATGTGCTGCCCAAAAAGCGCTTGAAAGTAAACACAATCACCAAAAAACGGCTTTCTGTATTCACCTAGATAATGGTGGATCGTTTAACTTAGACATTAGGCTAATATCTGAGCTTTCATTTTCGAAATATAACCCATGGGCTCTTCCATGTCAGAAGGACAAACACTCAAATTCTTGGCAGGTTGTGAGCGACTGTTTTCAATAA","MGHLAGSFSVLSLYGI",NA,"KHR",16,"no","truncated",1
"AAG_6.re.fa","AAG_6-7289","CP004815","REGION: 543434..544486 KHS",0,89.469,1054,67431,68483,1,1053,"ATGAATAGATCATACACAGACGACATGAATAGCAGCCCTCCAAATTACTTGACAACAAGGACGTTTAGAATCGTTAGATTGTTTGCAATAATTTTTGCACTGCTTTTGGTAGCGTACTCATTATTTTTAAGCACACTTAGAACTGGAGCTATACCTGACCGCGCCAACACTGCTGCTCTAGTACGGCGAGCTAGGTAATCATTTGCGACTGGATTAGGACTAGGAGGATTTTTAATTGCTGCAGCCGCTTATGCTACTCCTTACTGGGTCGCAGCAACCTGTATCGCATCCACTAGCGGAATATGTTCACCTATAGCTGGTGCTGTTTTAGCAACGTCAGCAGTTATAGTTGCAGCAGTTTTAGTGGGAAAGAGTTCTGGCTCAGCAACAAAGCGAGGGTTAAGTGAGACTATTAGTGTACTGAATCATACTATAACATTCACTGATCATGTGCTCAATGGGCAAACATTGTCTAATGGTACTGGTAGTAATTTTGTTACAATAGAGTTTAGTGGGTATGCAGTACATGACACTATTAAACGTGACGGTGCTGCTGAGATCAACTTTGTGGGGTATACTACGGAGCATGGAACCCACATCAGCACGAGTAGCGTACATAATGTGAGCATGCTCATCGATCAAATCGTGGCAGCGGTACCAGGGGTACCTGATATAAGTGGCAACGCTTCGGCCCTATCGTTACAGAGACGCAGTCAAGAGTTCGCCACCTCATGGATATCAATGAGATATATTCAGAGTTATGGTGATCTGGCACAGAACTGGCAGAATGACGAAGGTGGAGCAGGAAATTTTGATTCTTATGCTGAAGAGAAGTTACAGAGTTTCTTTTCAGGTAATAGGGATTGGAAATACTGCTTTGCTGCTGAGGACACGAAGAACGGTGAGCCACTTGATTACGATGACATACCTGGTGACGGTGCAGGCACGGGTTCGGCATTCAAGTCTGAGATATATTTTTACACTTACGGTGGTATAGATAATTATTGTAATGACGAGCATATCGGTGCTCAGAACACTGGTGATGGTCGATAA","MNRSYTDDMNSSPPNYLTTRTFRIVRLFAIIFALLLVAYSLFLSTLRTGAIPDRANTAALVRRAR",NA,"KHS",65,"no","truncated",1
"AAH_6.re.fa","AAH_6-5346","CP004815","REGION: 543434..544486 KHS",0,99.905,1053,2278,3330,1053,1,"ATGAATAGATCATACACAGACGACATGAATAGCAGCTCTCCAAATTACCTGACAACAAGGACGTTTAGAATCTTTAGATTGTTTGCAATAATTTTTGCACTGCTTTTGATAGCGTACTCTTTATTTCTGAGCACTCTAAAAACAGGCTCTATACCTGATCGTGCCAACACTGTTACTTTAATGCGCCGTGCCAGGTGGTCATTTGGGACTGGATTAGGACTAGGAGGATTTGTAATTGCTGCAGCCGCTTATGCTACTCCTTACTGGGTCGCAGCAATCTGTCTCGCAACTGCTAGCGAGGTGTGTGCACCTATAGCTGGTGCTGTTTTGGCGACAGCAGCGGTTATTGTCGCAGCAGTTTTAGTGGGAAAGAGTTCGGGCTCGGCAACAAAGCGAGGGTTAACTAAGACTATTAGCGTACTGAATCATACCATAACATTCACCGATCATATACTCAATGGTCAGACGTTGTCTAATGGTACTGGTAGTAATTTTGTTACAATAGGATTCAGCGGGTATGCAGTACATGACACTATCAAACGTGACAGCACTACTGATATCAATTTCGTGGGATATACCACAGAGCATGGAACCCACATTAGCACGAGTAGCGTACATAATGTGAGCAGTCTCATCGATAAAATTGTGGCAGCGGTACCAGGGGTCCCTGATACAGGTGGTAATGCTTCTGCTCTATCGTTTCAGAAACGCAGTCAGGAGTTCGCTACCTCATGGATATCAATGACATATGATCAGAGTTATGGTGACCTTGCGCAAACGTGGCAAAATGACGAAGGCGGAGCAGGAAATTTTGATTCTTATGCGGAAGAGGAGTTACAGAATTTCTTTTCAGGTAATAGAGACTGGAAGTACTGCTTTGCTGCTGAGGACACGAAGAGTGGTGAGCCAATTGATTACGATGACATACCTGGTGACGGTCCAGGCACGGGTTCGGCATTCAAATCGGAGATATATTTCAACACTTACGGTGGTATAGATAATTATTGTAATGACGAGCATATCGGTGCTCAGAACACTGGAGATGGTCGATAA","MNRSYTDDMNSSSPNYLTTRTFRIFRLFAIIFALLLIAYSLFLSTLKTGSIPDRANTVTLMRRARWSFGTGLGLGGFVIAAAAYATPYWVAAICLATASEVCAPIAGAVLATAAVIVAAVLVGKSSGSATKRGLTKTISVLNHTITFTDHILNGQTLSNGTGSNFVTIGFSGYAVHDTIKRDSTTDINFVGYTTEHGTHISTSSVHNVSSLIDKIVAAVPGVPDTGGNASALSFQKRSQEFATSWISMTYDQSYGDLAQTWQNDEGGAGNFDSYAEEELQNFFSGNRDWKYCFAAEDTKSGEPIDYDDIPGDGPGTGSAFKSEIYFNTYGGIDNYCNDEHIGAQNTGDGR","MNRSYTDDMNSSSPNYLTTRTFRIFRLFAIIFALLLIAYSLFLSTLKTGSIPDRANTVTLMRRARWSFGTGLGLGGFVIAAAAYATPYWVAAICLATASEVCAPIAGAVLATAAVIVAAVLVGKSSGSATKRGLTKTISVLNHTITFTDHILNGQTLSNGTGSNFVTIGFSGYAVHDTIKRDSTTDINFVGYTTEHGTHISTSSVHNVSSLIDKIVAAVPGVPDTGGNASALSFQKRSQEFATSWISMTYDQSYGDLAQTWQNDEGGAGNFDSYAEEELQNFFSGNRDWKYCFAAEDTKSGEPIDYDDIPGDGPGTGSAFKSEIYFNTYGGIDNYCNDEHIGAQNTGDGR*","KHS",350,"yes","mutant",1
"AAH_6.re.fa","AAH_6-5554","D00905","KHR (orf only)",0,99.551,891,89784,90674,891,1,"ATGGGCCACTTAGCGATCCTTTTCAGTATTATCGCTGTATGGAATATAGCTACAGCTGTTGCATCGAGCGACAGCATTTACCTTAAGGGACACAGAGTAGGACAGGATATCGACAGTCTATACAGAGTGTACGATAATGGTACTATGTACCCTGTCACTTTCAATGAGTGGTTAAATGATCTAACTGGGATGAATGACTTGGCAACAAATAACGCGACAATATTAAAACGTGACAGTAGCGATGTTTCTTGCGTTAATGAAACATGCCAATACGTGGATTACCACGTGGATGACGAAGGAGTTATAACTATAGACATATCTACGTATCGTATCCCTGTCGAATGGGATAATGGTTCTGCAGGCAACGCATCATATGGAGTCTCAAAGCGTGATACAAAATATGAGACATTCTGTAAGAAGAAAATATGCGGTATAAACGTTTCCGGTTTCTGTAACGCGTATGACTTCGCCGTTCCTGCTTTCGACTTCGGTGGCAATGTCTACAGCCTTGCTAGTGATATCATTGATAGGATTAAAGAAGCTACGAAGAGGGATAAGACTGAATGTCTAGGTTACGAACTAGATCATGTGAGAATAGATCCTGCTGTTGATTGGTCCATATTTATTTCTACTTGGAAACAAGGGTCGGCCAATTGTGACACACAGGCATCTGCTGACAGCTTGAAATGTGCTGCCCAAAAAGCACTTGAAAGTGAACACAATCACCAAAAAACAGCTTTCTGTATTCACCTAGATAATGGTGGATCATTTAACTTAGACATTAGGCTAATATCTGAGCTTTCATTTTCGAAATATAACCCATGGGCTCTTCCATGTCCGAAGGACAAAGGCTCCAATTCTTGGCAAGTTGTGAGCGACTGTTTTCAATAA","MGHLAILFSIIAVWNIATAVASSDSIYLKGHRVGQDIDSLYRVYDNGTMYPVTFNEWLNDLTGMNDLATNNATILKRDSSDVSCVNETCQYVDYHVDDEGVITIDISTYRIPVEWDNGSAGNASYGVSKRDTKYETFCKKKICGINVSGFCNAYDFAVPAFDFGGNVYSLASDIIDRIKEATKRDKTECLGYELDHVRIDPAVDWSIFISTWKQGSANCDTQASADSLKCAAQKALESEHNHQKTAFCIHLDNGGSFNLDIRLISELSFSKYNPWALPCPKDKGSNSWQVVSDCFQ","MGHLAILFSIIAVWNIATAVASSDSIYLKGHRVGQDIDSLYRVYDNGTMYPVTFNEWLNDLTGMNDLATNNATILKRDSSDVSCVNETCQYVDYHVDDEGVITIDISTYRIPVEWDNGSAGNASYGVSKRDTKYETFCKKKICGINVSGFCNAYDFAVPAFDFGGNVYSLASDIIDRIKEATKRDKTECLGYELDHVRIDPAVDWSIFISTWKQGSANCDTQASADSLKCAAQKALESEHNHQKTAFCIHLDNGGSFNLDIRLISELSFSKYNPWALPCPKDKGSNSWQVVSDCFQ*","KHR",296,"yes","mutant",1
"AAI_6.re.fa","AAI_6-8813","D00905","KHR (orf only)",0,99.663,891,24606,25496,1,891,"ATGGGTCACTTAGCGATCCTTTTCAGTATTATCGCTGTATGGAATATAGCTACAGCTGTTGCATCGAGCGACAGCATTTACCTTAAGGGACACAGAGTAGGACAGGATATCGACAGTCTATACAGAGTGTACGATAATGGTACTATGTACCCTGTCACTTTCAATGAGTGGTTAAATGATCTAACTGGGATGGATGACTTGGCAACAAATAACGCGACAATATTAAAACGTGACAGTAGCGATGTTTCTTGCGTTAATGAAACATGCCAATACGTGGATTACCACGTGGATGACGAAGGAGTTATAACTATAGACATATCTACGTATCGTATCCCTGTCGAATGGGATAATGGTTCTGCAGGCAACGCATCATATGGAGTCTCAAAGCGTGATACAAAATATGAGACATTCTGTAAGAAGAAAATATGCGGTATAAACATTTCCGGTTTCTGTAACGCGTATGACTTCGCCGTTCCTGCTTTCGACTTCGGTGGCAATGTCTACAACCTTGTTAGTGGTATCACTGATAGGATTAAAGAAGCTACGAAGAGGGATAAGACTGAATGTCTAGGTTACGAACTAGATCATGTGAGAATAGATCCTGCTGTTGATTGGTCCATATTTATTTCTACTTGGAAACAAGGGTCGGCCAATTGTGACACACAGGCATCTGCTGACAGCTTGAAATGTGCTGCCCAAAAAGCACTTGAAAGTGAACACAATCACCAAAAAACAGCTTTCTGTATTCACCTAGATAATGGTGGATCATTTAACTTAGACATTAGGCTAATATCTGAGCTTTCATTTTCGAAATATAACCCATGGGCTCTTCCATGTCCGAAGGACAAAGGCTCCAATTCTTGGCAAGTTGTGAGCGACTGTTTTCAATAA","MGHLAILFSIIAVWNIATAVASSDSIYLKGHRVGQDIDSLYRVYDNGTMYPVTFNEWLNDLTGMDDLATNNATILKRDSSDVSCVNETCQYVDYHVDDEGVITIDISTYRIPVEWDNGSAGNASYGVSKRDTKYETFCKKKICGINISGFCNAYDFAVPAFDFGGNVYNLVSGITDRIKEATKRDKTECLGYELDHVRIDPAVDWSIFISTWKQGSANCDTQASADSLKCAAQKALESEHNHQKTAFCIHLDNGGSFNLDIRLISELSFSKYNPWALPCPKDKGSNSWQVVSDCFQ","MGHLAILFSIIAVWNIATAVASSDSIYLKGHRVGQDIDSLYRVYDNGTMYPVTFNEWLNDLTGMDDLATNNATILKRDSSDVSCVNETCQYVDYHVDDEGVITIDISTYRIPVEWDNGSAGNASYGVSKRDTKYETFCKKKICGINISGFCNAYDFAVPAFDFGGNVYNLVSGITDRIKEATKRDKTECLGYELDHVRIDPAVDWSIFISTWKQGSANCDTQASADSLKCAAQKALESEHNHQKTAFCIHLDNGGSFNLDIRLISELSFSKYNPWALPCPKDKGSNSWQVVSDCFQ*","KHR",296,"yes","mutant",1
"AAI_6.re.fa","AAI_6-8814","CP004815","REGION: 543434..544486 KHS",0,99.905,1053,1959,3011,1053,1,"ATGAATAGATCATACACAGACGACATGAATAGCAGCTCTCCAAATTACCTGACAACAAGGACGTTTAGAATCTTTAGATTGTTTGCAATAATTTTTGCACTGCTTTTGATAGCGTACTCTTTATTTCTGAGCACTCTAAAAACAGGCTCTATACCTGATCGTGCCAACACTGTTACTTTAATGCGCCGTGCCAGGTGGTCATTTGGGACTGGATTAGGACTAGGAGGATTTGTAATTGCTGCAGCCGCTTATGCTACTCCTTACTGGGTCGCAGCAATCTGTCTCGCAACTGCTAGCGAGGTGTGTGCACCTATAGCTGGTGCTGTTTTGGCGACAGCAGCGGTTATTGTCGCAGCAGTTTTAGTGGGAAAGAGTTCGGGCTCGGCAACAAAGCGAGGGTTAACTAAGACTATTAGCGTACTGAATCATACCATAACATTCACCGATCATATACTCAATGGTCAGACGTTGTCTAATGGTACTGGTAGTAATTTTGTTACAATAGGATTCAGCGGGTATGCAGTACATGACACTATCAAACGTGACAGCACTACTGATATCAATTTCGTGGGATATACCACAGAGCATGGAACCCACATTAGCACGAGTAGCGTACATAATGTGAGCAGTCTCATCGATAAAATTGTGGCAGCGGTACCAGGGGTCCCTGATACAGGTGGTAATGCTTCTGCTCTATCGTTTCAGAAACGCAGTCAGGAGTTCGCTACCTCATGGATATCAATGACATATGATCAGAGTTATGGTGACCTTGCGCAAACGTGGCAAAATGACGAAGGCGGAGCAGGAAATTTTGATTCTTATGCGGAAGAGGAGTTACAGAATTTCTTTTCAGGTAATAGAGACTGGAAGTACTGCTTTGCTGCTGAGGACACGAAGAGTGGTGAGCCAATTGATTACGATGACATACCTGGTGACGGTCCAGGCACGGGTTCGGCATTCAAATCGGAGATATATTTCAACACTTACGGTGGTATAGATAATTATTGTAATGACGAGCATATCGGTGCTCAGAACACTGGAGATGGTCGATAA","MNRSYTDDMNSSSPNYLTTRTFRIFRLFAIIFALLLIAYSLFLSTLKTGSIPDRANTVTLMRRARWSFGTGLGLGGFVIAAAAYATPYWVAAICLATASEVCAPIAGAVLATAAVIVAAVLVGKSSGSATKRGLTKTISVLNHTITFTDHILNGQTLSNGTGSNFVTIGFSGYAVHDTIKRDSTTDINFVGYTTEHGTHISTSSVHNVSSLIDKIVAAVPGVPDTGGNASALSFQKRSQEFATSWISMTYDQSYGDLAQTWQNDEGGAGNFDSYAEEELQNFFSGNRDWKYCFAAEDTKSGEPIDYDDIPGDGPGTGSAFKSEIYFNTYGGIDNYCNDEHIGAQNTGDGR","MNRSYTDDMNSSSPNYLTTRTFRIFRLFAIIFALLLIAYSLFLSTLKTGSIPDRANTVTLMRRARWSFGTGLGLGGFVIAAAAYATPYWVAAICLATASEVCAPIAGAVLATAAVIVAAVLVGKSSGSATKRGLTKTISVLNHTITFTDHILNGQTLSNGTGSNFVTIGFSGYAVHDTIKRDSTTDINFVGYTTEHGTHISTSSVHNVSSLIDKIVAAVPGVPDTGGNASALSFQKRSQEFATSWISMTYDQSYGDLAQTWQNDEGGAGNFDSYAEEELQNFFSGNRDWKYCFAAEDTKSGEPIDYDDIPGDGPGTGSAFKSEIYFNTYGGIDNYCNDEHIGAQNTGDGR*","KHS",350,"yes","mutant",1
"AAK_6.re.fa","AAK_6-5401","CP004815","REGION: 543434..544486 KHS",0,99.905,1053,67143,68195,1,1053,"ATGAATAGATCATACACAGACGACATGAATAGCAGCTCTCCAAATTACCTGACAACAAGGACGTTTAGAATCTTTAGATTGTTTGCAATAATTTTTGCACTGCTTTTGATAGCGTACTCTTTATTTCTGAGCACTCTAAAAACAGGCTCTATACCTGATCGTGCCAACACTGTTACTTTAATGCGCCGTGCCAGGTGGTCATTTGGGACTGGATTAGGACTAGGAGGATTTGTAATTGCTGCAGCCGCTTATGCTACTCCTTACTGGGTCGCAGCAATCTGTCTCGCAACTGCTAGCGAGGTGTGTGCACCTATAGCTGGTGCTGTTTTGGCGACAGCAGCGGTTATTGTCGCAGCAGTTTTAGTGGGAAAGAGTTCGGGCTCGGCAACAAAGCGAGGGTTAACTAAGACTATTAGCGTACTGAATCATACCATAACATTCACCGATCATATACTCAATGGTCAGACGTTGTCTAATGGTACTGGTAGTAATTTTGTTACAATAGGATTCAGCGGGTATGCAGTACATGACACTATCAAACGTGACAGCACTACTGATATCAATTTCGTGGGATATACCACAGAGCATGGAACCCACATTAGCACGAGTAGCGTACATAATGTGAGCAGTCTCATCGATAAAATTGTGGCAGCGGTACCAGGGGTCCCTGATACAGGTGGTAATGCTTCTGCTCTATCGTTTCAGAAACGCAGTCAGGAGTTCGCTACCTCATGGATATCAATGACATATGATCAGAGTTATGGTGACCTTGCGCAAACGTGGCAAAATGACGAAGGCGGAGCAGGAAATTTTGATTCTTATGCGGAAGAGGAGTTACAGAATTTCTTTTCAGGTAATAGAGACTGGAAGTACTGCTTTGCTGCTGAGGACACGAAGAGTGGTGAGCCAATTGATTACGATGACATACCTGGTGACGGTCCAGGCACGGGTTCGGCATTCAAATCGGAGATATATTTCAACACTTACGGTGGTATAGATAATTATTGTAATGACGAGCATATCGGTGCTCAGAACACTGGAGATGGTCGATAA","MNRSYTDDMNSSSPNYLTTRTFRIFRLFAIIFALLLIAYSLFLSTLKTGSIPDRANTVTLMRRARWSFGTGLGLGGFVIAAAAYATPYWVAAICLATASEVCAPIAGAVLATAAVIVAAVLVGKSSGSATKRGLTKTISVLNHTITFTDHILNGQTLSNGTGSNFVTIGFSGYAVHDTIKRDSTTDINFVGYTTEHGTHISTSSVHNVSSLIDKIVAAVPGVPDTGGNASALSFQKRSQEFATSWISMTYDQSYGDLAQTWQNDEGGAGNFDSYAEEELQNFFSGNRDWKYCFAAEDTKSGEPIDYDDIPGDGPGTGSAFKSEIYFNTYGGIDNYCNDEHIGAQNTGDGR","MNRSYTDDMNSSSPNYLTTRTFRIFRLFAIIFALLLIAYSLFLSTLKTGSIPDRANTVTLMRRARWSFGTGLGLGGFVIAAAAYATPYWVAAICLATASEVCAPIAGAVLATAAVIVAAVLVGKSSGSATKRGLTKTISVLNHTITFTDHILNGQTLSNGTGSNFVTIGFSGYAVHDTIKRDSTTDINFVGYTTEHGTHISTSSVHNVSSLIDKIVAAVPGVPDTGGNASALSFQKRSQEFATSWISMTYDQSYGDLAQTWQNDEGGAGNFDSYAEEELQNFFSGNRDWKYCFAAEDTKSGEPIDYDDIPGDGPGTGSAFKSEIYFNTYGGIDNYCNDEHIGAQNTGDGR*","KHS",350,"yes","mutant",1
"AAL_3.re.fa","AAL_3-22297","CP004815","REGION: 543434..544486 KHS",0,99.905,1053,2898,3950,1053,1,"ATGAATAGATCATACACAGACGACATGAATAGCAGCTCTCCAAATTACCTGACAACAAGGACGTTTAGAATCTTTAGATTGTTTGCAATAATTTTTGCACTGCTTTTGATAGCGTACTCTTTATTTCTGAGCACTCTAAAAACAGGCTCTATACCTGATCGTGCCAACACTGTTACTTTAATGCGCCGTGCCAGGTGGTCATTTGGGACTGGATTAGGACTAGGAGGATTTGTAATTGCTGCAGCCGCTTATGCTACTCCTTACTGGGTCGCAGCAATCTGTCTCGCAACTGCTAGCGAGGTGTGTGCACCTATAGCTGGTGCTGTTTTGGCGACAGCAGCGGTTATTGTCGCAGCAGTTTTAGTGGGAAAGAGTTCGGGCTCGGCAACAAAGCGAGGGTTAACTAAGACTATTAGCGTACTGAATCATACCATAACATTCACCGATCATATACTCAATGGTCAGACGTTGTCTAATGGTACTGGTAGTAATTTTGTTACAATAGGATTCAGCGGGTATGCAGTACATGACACTATCAAACGTGACAGCACTACTGATATCAATTTCGTGGGATATACCACAGAGCATGGAACCCACATTAGCACGAGTAGCGTACATAATGTGAGCAGTCTCATCGATAAAATTGTGGCAGCGGTACCAGGGGTCCCTGATACAGGTGGTAATGCTTCTGCTCTATCGTTTCAGAAACGCAGTCAGGAGTTCGCTACCTCATGGATATCAATGACATATGATCAGAGTTATGGTGACCTTGCGCAAACGTGGCAAAATGACGAAGGCGGAGCAGGAAATTTTGATTCTTATGCGGAAGAGGAGTTACAGAATTTCTTTTCAGGTAATAGAGACTGGAAGTACTGCTTTGCTGCTGAGGACACGAAGAGTGGTGAGCCAATTGATTACGATGACATACCTGGTGACGGTCCAGGCACGGGTTCGGCATTCAAATCGGAGATATATTTCAACACTTACGGTGGTATAGATAATTATTGTAATGACGAGCATATCGGTGCTCAGAACACTGGAGATGGTCGATAA","MNRSYTDDMNSSSPNYLTTRTFRIFRLFAIIFALLLIAYSLFLSTLKTGSIPDRANTVTLMRRARWSFGTGLGLGGFVIAAAAYATPYWVAAICLATASEVCAPIAGAVLATAAVIVAAVLVGKSSGSATKRGLTKTISVLNHTITFTDHILNGQTLSNGTGSNFVTIGFSGYAVHDTIKRDSTTDINFVGYTTEHGTHISTSSVHNVSSLIDKIVAAVPGVPDTGGNASALSFQKRSQEFATSWISMTYDQSYGDLAQTWQNDEGGAGNFDSYAEEELQNFFSGNRDWKYCFAAEDTKSGEPIDYDDIPGDGPGTGSAFKSEIYFNTYGGIDNYCNDEHIGAQNTGDGR","MNRSYTDDMNSSSPNYLTTRTFRIFRLFAIIFALLLIAYSLFLSTLKTGSIPDRANTVTLMRRARWSFGTGLGLGGFVIAAAAYATPYWVAAICLATASEVCAPIAGAVLATAAVIVAAVLVGKSSGSATKRGLTKTISVLNHTITFTDHILNGQTLSNGTGSNFVTIGFSGYAVHDTIKRDSTTDINFVGYTTEHGTHISTSSVHNVSSLIDKIVAAVPGVPDTGGNASALSFQKRSQEFATSWISMTYDQSYGDLAQTWQNDEGGAGNFDSYAEEELQNFFSGNRDWKYCFAAEDTKSGEPIDYDDIPGDGPGTGSAFKSEIYFNTYGGIDNYCNDEHIGAQNTGDGR*","KHS",350,"yes","mutant",1
"AAL_3.re.fa","AAL_3-22661","CP004815","REGION: 543434..544486 KHS",1.02e-148,99.645,282,14172,14453,1,282,"ATGAATAGATCATACACAGACGACATGAATAGCAGCTCTCCAAATTACCTGACAACAAGGACGTTTAGAATCTTTAGATTGTTTGCAATAATTTTTGCACTGCTTTTGATAGCGTACTCTTTATTTCTGAGCACTCTAAAAACAGGCTCTATACCTGATCGTGCCAACACTGTTACTTTAATGCGCCGTGCCAGGTGGTCATTTGGGACTGGATTAGGACTAGGAGGATTTGTAATTGCTGCAGCCGCTTATGCTACTCCTTACTGGGTCGCAGCAATCTGT","MNRSYTDDMNSSSPNYLTTRTFRIFRLFAIIFALLLIAYSLFLSTLKTGSIPDRANTVTLMRRARWSFGTGLGLGGFVIAAAAYATPYWVAAIC",NA,"KHS",94,"no","truncated",1
"AAL_3.re.fa","AAL_3-22684","CP004815","REGION: 543434..544486 KHS",0,92.505,1054,313,1365,1,1053,"ATGAATAGATCATACACAGACGACATGAATAGCAGCTCTCCAAATTACCTGACAACAAGGACGTTTAGAATCTTTAGATTGTTTGCAATAATTTTTGCACTGCTTTTGATAGCGTACTCTTTATTTCTGAGCACTCTAAAAACAGGCTCTATACCTGATCGTGCCAACACTGTTACTTTAATGCGCCGTGCCAGGTGGTCATTTGGGACTGGATTAGGACTAGGAGGATTTGTAATTGCTGCAGCCGCTTATGCTACTCCTTACTGGGTCGCAGCAATCTGTATCGCATCCACTGGCGGAGTATGTTCACCTATAGCTGGTGCTGTTTTAGCAACGTCAGCAGTTATAGTTGCAGCAGTCTTAGTGGGAAAGAGTTCTGGCTCAGCAACAAAGCGAGGGTTAAGTAAGACTATTAGTGTACTGAATCATACTATAACATTCACTGATCATGTACTCAATGGGCAGACATTGTCTAATGGTACCAGTAGTAATTTTGTTACAATAGGGTTTAGTGGGTATGCAGTACATGACACCATCAAACGTGACGGTGCTGCTGAGCTCAACTTTGTGGGGTATACTACGGAGCATGGAACCCACATCAGCACGAGTAGCGTACATAATGTGAGCATGCTCATCGATCAAATCGTGGCAGCGGTACCAGGAGTACCTGATATAGGTGGCAACGCTTCGGCCCTATCGTTACAAAGACGCAGTCAAGAGTTCGCTACCTCATGGATATCAATGACATATGATCAGAGTTATGGTGATCTGGCACAGAACTGGCAAAATGACGAAGGTGGAGCAGGAAATTTTGATTCTTATGCTGAAGAGGAGTTACAGAATTTCTTTTCAGGTAATAGGGATTGGAAATACTGCTTTGCTGCTGAGGACACGAAAAACGGTGAGCCACTTGATTACGATGACATACCTGGTGACGGTGCAGGCACGGGTTCGGCATTCAAGTCTGAGATATATTTTAACACTTACGGTGGTATAGATAATTATTGTAATGACGAGCATATCGGTGCTCAGAACACTGGGGATGGTCGATAA","MNRSYTDDMNSSSPNYLTTRTFRIFRLFAIIFALLLIAYSLFLSTLKTGSIPDRANTVTLMRRARWSFGTGLGLGGFVIAAAAYATPYWVAAICIASTGGVCSPIAGAVLATSAVIVAAVLVGKSSGSATKRGLSKTISVLNHTITFTDHVLNGQTLSNGTSSNFVTIGFSGYAVHDTIKRDGAAELNFVGYTTEHGTHISTSSVHNVSMLIDQIVAAVPGVPDIGGNASALSLQRRSQEFATSWISMTYDQSYGDLAQNWQNDEGGAGNFDSYAEEELQNFFSGNRDWKYCFAAEDTKNGEPLDYDDIPGDGAGTGSAFKSEIYFNTYGGIDNYCNDEHIGAQNTGDGR","MNRSYTDDMNSSSPNYLTTRTFRIFRLFAIIFALLLIAYSLFLSTLKTGSIPDRANTVTLMRRARWSFGTGLGLGGFVIAAAAYATPYWVAAICIASTGGVCSPIAGAVLATSAVIVAAVLVGKSSGSATKRGLSKTISVLNHTITFTDHVLNGQTLSNGTSSNFVTIGFSGYAVHDTIKRDGAAELNFVGYTTEHGTHISTSSVHNVSMLIDQIVAAVPGVPDIGGNASALSLQRRSQEFATSWISMTYDQSYGDLAQNWQNDEGGAGNFDSYAEEELQNFFSGNRDWKYCFAAEDTKNGEPLDYDDIPGDGAGTGSAFKSEIYFNTYGGIDNYCNDEHIGAQNTGDGR*","KHS",350,"yes","mutant",1
"AAM_3.re.fa","AAM_3-7331","CP004815","REGION: 543434..544486 KHS",0,99.905,1053,2849,3901,1053,1,"ATGAATAGATCATACACAGACGACATGAATAGCAGCTCTCCAAATTACCTGACAACAAGGACGTTTAGAATCTTTAGATTGTTTGCAATAATTTTTGCACTGCTTTTGATAGCGTACTCTTTATTTCTGAGCACTCTAAAAACAGGCTCTATACCTGATCGTGCCAACACTGTTACTTTAATGCGCCGTGCCAGGTGGTCATTTGGGACTGGATTAGGACTAGGAGGATTTGTAATTGCTGCAGCCGCTTATGCTACTCCTTACTGGGTCGCAGCAATCTGTCTCGCAACTGCTAGCGAGGTGTGTGCACCTATAGCTGGTGCTGTTTTGGCGACAGCAGCGGTTATTGTCGCAGCAGTTTTAGTGGGAAAGAGTTCGGGCTCGGCAACAAAGCGAGGGTTAACTAAGACTATTAGCGTACTGAATCATACCATAACATTCACCGATCATATACTCAATGGTCAGACGTTGTCTAATGGTACTGGTAGTAATTTTGTTACAATAGGATTCAGCGGGTATGCAGTACATGACACTATCAAACGTGACAGCACTACTGATATCAATTTCGTGGGATATACCACAGAGCATGGAACCCACATTAGCACGAGTAGCGTACATAATGTGAGCAGTCTCATCGATAAAATTGTGGCAGCGGTACCAGGGGTCCCTGATACAGGTGGTAATGCTTCTGCTCTATCGTTTCAGAAACGCAGTCAGGAGTTCGCTACCTCATGGATATCAATGACATATGATCAGAGTTATGGTGACCTTGCGCAAACGTGGCAAAATGACGAAGGCGGAGCAGGAAATTTTGATTCTTATGCGGAAGAGGAGTTACAGAATTTCTTTTCAGGTAATAGAGACTGGAAGTACTGCTTTGCTGCTGAGGACACGAAGAGTGGTGAGCCAATTGATTACGATGACATACCTGGTGACGGTCCAGGCACGGGTTCGGCATTCAAATCGGAGATATATTTCAACACTTACGGTGGTATAGATAATTATTGTAATGACGAGCATATCGGTGCTCAGAACACTGGAGATGGTCGATAA","MNRSYTDDMNSSSPNYLTTRTFRIFRLFAIIFALLLIAYSLFLSTLKTGSIPDRANTVTLMRRARWSFGTGLGLGGFVIAAAAYATPYWVAAICLATASEVCAPIAGAVLATAAVIVAAVLVGKSSGSATKRGLTKTISVLNHTITFTDHILNGQTLSNGTGSNFVTIGFSGYAVHDTIKRDSTTDINFVGYTTEHGTHISTSSVHNVSSLIDKIVAAVPGVPDTGGNASALSFQKRSQEFATSWISMTYDQSYGDLAQTWQNDEGGAGNFDSYAEEELQNFFSGNRDWKYCFAAEDTKSGEPIDYDDIPGDGPGTGSAFKSEIYFNTYGGIDNYCNDEHIGAQNTGDGR","MNRSYTDDMNSSSPNYLTTRTFRIFRLFAIIFALLLIAYSLFLSTLKTGSIPDRANTVTLMRRARWSFGTGLGLGGFVIAAAAYATPYWVAAICLATASEVCAPIAGAVLATAAVIVAAVLVGKSSGSATKRGLTKTISVLNHTITFTDHILNGQTLSNGTGSNFVTIGFSGYAVHDTIKRDSTTDINFVGYTTEHGTHISTSSVHNVSSLIDKIVAAVPGVPDTGGNASALSFQKRSQEFATSWISMTYDQSYGDLAQTWQNDEGGAGNFDSYAEEELQNFFSGNRDWKYCFAAEDTKSGEPIDYDDIPGDGPGTGSAFKSEIYFNTYGGIDNYCNDEHIGAQNTGDGR*","KHS",350,"yes","mutant",1
"AAN_3.re.fa","AAN_3-26273","D00905","KHR (orf only)",0,99.888,891,17393,18283,1,891,"ATGGGCCACTTAGCGATCCTTTTCAGTATTATCGCTGTATGGAATATAGCTACAGCTGTTGCATCGAGCGACAGCATTTACCTTAAGGGACACAGAGTAGGACAGGATATCGACAGTCTATACAGAGTGTACGATAATGGTACTATGTACCCTGTCACTTTCAATGAGTGGTTAAATGATCTAACTGGGATGAATGACTTGGCAACAAATAACGCGACAATATTAAAACGTGACAGTAGCGATGTTTCTTGCGTTAATGAAACATGCCAATACGTGGATTACCACGTGGATGACGAAGGAGTTATAACTATAGACATATCTACGTATCGTATCCCTGTCGAATGGGATAATGGTTCTGCAGGCAACGCATCATATGGAGTCTCAAAGCGTGATACAAAATATGAGACATTCTGTAAGAAGAAAATATGCGGTATAAACGTTTCCGGTTTCTGTAACGCGTATGACTTCGCCGTTCCTGCGTTCGACTTCGGTGGCAATGTCTACAACCTTGTTAGTGGTATCACTGATAGGATTAAAGAAGCTACGAAGAGGGATAAGACTGAATGTCTAGGTTACGAACTAGATCATGTGAGAATAGATCCTGCTGTTGATTGGTCCATATTTATTTCTACTTGGAAACAAGGGTCGGCCAATTGTGACACACAGGCATCTGCTGACAGCTTGAAATGTGCTGCCCAAAAAGCACTTGAAAGTGAACACAATCACCAAAAAACAGCTTTCTGTATTCACCTAGATAATGGTGGATCATTTAACTTAGACATTAGGCTAATATCTGAGCTTTCATTTTCGAAATATAACCCATGGGCTCTTCCATGTCCGAAGGACAAAGGCTCCAATTCTTGGCAAGTTGTGAGCGACTGTTTTCAATAA","MGHLAILFSIIAVWNIATAVASSDSIYLKGHRVGQDIDSLYRVYDNGTMYPVTFNEWLNDLTGMNDLATNNATILKRDSSDVSCVNETCQYVDYHVDDEGVITIDISTYRIPVEWDNGSAGNASYGVSKRDTKYETFCKKKICGINVSGFCNAYDFAVPAFDFGGNVYNLVSGITDRIKEATKRDKTECLGYELDHVRIDPAVDWSIFISTWKQGSANCDTQASADSLKCAAQKALESEHNHQKTAFCIHLDNGGSFNLDIRLISELSFSKYNPWALPCPKDKGSNSWQVVSDCFQ","MGHLAILFSIIAVWNIATAVASSDSIYLKGHRVGQDIDSLYRVYDNGTMYPVTFNEWLNDLTGMNDLATNNATILKRDSSDVSCVNETCQYVDYHVDDEGVITIDISTYRIPVEWDNGSAGNASYGVSKRDTKYETFCKKKICGINVSGFCNAYDFAVPAFDFGGNVYNLVSGITDRIKEATKRDKTECLGYELDHVRIDPAVDWSIFISTWKQGSANCDTQASADSLKCAAQKALESEHNHQKTAFCIHLDNGGSFNLDIRLISELSFSKYNPWALPCPKDKGSNSWQVVSDCFQ*","KHR",296,"yes","canonical",1
"AAN_3.re.fa","AAN_3-26505","CP004815","REGION: 543434..544486 KHS",0,90.659,835,1,834,220,1053,"CTAGGAGGATTTGTAATTGCTGCAGCCGCTTATGCTACTCCTTACTGGGTCGCAGCAATCTGTATCGCATCCACTGGCGGAGTATGTTCACCTATAGCTGGTGCTGTTTTAGCAACGTCAGCAGTTATAGTTGCAGCAGTCTTAGTGGGAAAGAGTTCTGGCTCAGCAACAAAGCGAGGGTTAAGTAAGACTATTAGTGTACTGAATCATACTATAACATTCACTGATCATGTACTCAATGGGCAGACATTGTCTAATGGTACCAGTAGTAATTTTGTTACAATAGGGTTTAGTGGGTATGCAGTACATGACACCATCAAACGTGACGGTGCTGCTGAGCTCAACTTTGTGGGGTATACTACGGAGCATGGAACCCACATCAGCACGAGTAGCGTACATAATGTGAGCATGCTCATCGATCAAATCGTGGCAGCGGTACCAGGAGTACCTGATATAGGTGGCAACGCTTCGGCCCTATCGTTACAAAGACGCAGTCAAGAGTTCGCTACCTCATGGATATCAATGACATATGATCAGAGTTATGGTGATCTGGCACAGAACTGGCAAAATGACGAAGGTGGAGCAGGAAATTTTGATTCTTATGCTGAAGAGGAGTTACAGAATTTCTTTTCAGGTAATAGGGATTGGAAATACTGCTTTGCTGCTGAGGACACGAAAAACGGTGAGCCACTTGATTACGATGACATACCTGGTGACGGTGCAGGCACGGGTTCGGCATTCAAGTCTGAGATATATTTTAACACTTACGGTGGTATAGATAATTATTGTAATGACGAGCATATCGGTGCTCAGAACACTGGGGATGGTCGATAA","LGGFVIAAAAYATPYWVAAICIASTGGVCSPIAGAVLATSAVIVAAVLVGKSSGSATKRGLSKTISVLNHTITFTDHVLNGQTLSNGTSSNFVTIGFSGYAVHDTIKRDGAAELNFVGYTTEHGTHISTSSVHNVSMLIDQIVAAVPGVPDIGGNASALSLQRRSQEFATSWISMTYDQSYGDLAQNWQNDEGGAGNFDSYAEEELQNFFSGNRDWKYCFAAEDTKNGEPLDYDDIPGDGAGTGSAFKSEIYFNTYGGIDNYCNDEHIGAQNTGDGR","LGGFVIAAAAYATPYWVAAICIASTGGVCSPIAGAVLATSAVIVAAVLVGKSSGSATKRGLSKTISVLNHTITFTDHVLNGQTLSNGTSSNFVTIGFSGYAVHDTIKRDGAAELNFVGYTTEHGTHISTSSVHNVSMLIDQIVAAVPGVPDIGGNASALSLQRRSQEFATSWISMTYDQSYGDLAQNWQNDEGGAGNFDSYAEEELQNFFSGNRDWKYCFAAEDTKNGEPLDYDDIPGDGAGTGSAFKSEIYFNTYGGIDNYCNDEHIGAQNTGDGR*","KHS",277,"no","truncated",1
"AAN_3.re.fa","AAN_3-26625","CP004815","REGION: 543434..544486 KHS",0,99.905,1053,2849,3901,1053,1,"ATGAATAGATCATACACAGACGACATGAATAGCAGCTCTCCAAATTACCTGACAACAAGGACGTTTAGAATCTTTAGATTGTTTGCAATAATTTTTGCACTGCTTTTGATAGCGTACTCTTTATTTCTGAGCACTCTAAAAACAGGCTCTATACCTGATCGTGCCAACACTGTTACTTTAATGCGCCGTGCCAGGTGGTCATTTGGGACTGGATTAGGACTAGGAGGATTTGTAATTGCTGCAGCCGCTTATGCTACTCCTTACTGGGTCGCAGCAATCTGTCTCGCAACTGCTAGCGAGGTGTGTGCACCTATAGCTGGTGCTGTTTTGGCGACAGCAGCGGTTATTGTCGCAGCAGTTTTAGTGGGAAAGAGTTCGGGCTCGGCAACAAAGCGAGGGTTAACTAAGACTATTAGCGTACTGAATCATACCATAACATTCACCGATCATATACTCAATGGTCAGACGTTGTCTAATGGTACTGGTAGTAATTTTGTTACAATAGGATTCAGCGGGTATGCAGTACATGACACTATCAAACGTGACAGCACTACTGATATCAATTTCGTGGGATATACCACAGAGCATGGAACCCACATTAGCACGAGTAGCGTACATAATGTGAGCAGTCTCATCGATAAAATTGTGGCAGCGGTACCAGGGGTCCCTGATACAGGTGGTAATGCTTCTGCTCTATCGTTTCAGAAACGCAGTCAGGAGTTCGCTACCTCATGGATATCAATGACATATGATCAGAGTTATGGTGACCTTGCGCAAACGTGGCAAAATGACGAAGGCGGAGCAGGAAATTTTGATTCTTATGCGGAAGAGGAGTTACAGAATTTCTTTTCAGGTAATAGAGACTGGAAGTACTGCTTTGCTGCTGAGGACACGAAGAGTGGTGAGCCAATTGATTACGATGACATACCTGGTGACGGTCCAGGCACGGGTTCGGCATTCAAATCGGAGATATATTTCAACACTTACGGTGGTATAGATAATTATTGTAATGACGAGCATATCGGTGCTCAGAACACTGGAGATGGTCGATAA","MNRSYTDDMNSSSPNYLTTRTFRIFRLFAIIFALLLIAYSLFLSTLKTGSIPDRANTVTLMRRARWSFGTGLGLGGFVIAAAAYATPYWVAAICLATASEVCAPIAGAVLATAAVIVAAVLVGKSSGSATKRGLTKTISVLNHTITFTDHILNGQTLSNGTGSNFVTIGFSGYAVHDTIKRDSTTDINFVGYTTEHGTHISTSSVHNVSSLIDKIVAAVPGVPDTGGNASALSFQKRSQEFATSWISMTYDQSYGDLAQTWQNDEGGAGNFDSYAEEELQNFFSGNRDWKYCFAAEDTKSGEPIDYDDIPGDGPGTGSAFKSEIYFNTYGGIDNYCNDEHIGAQNTGDGR","MNRSYTDDMNSSSPNYLTTRTFRIFRLFAIIFALLLIAYSLFLSTLKTGSIPDRANTVTLMRRARWSFGTGLGLGGFVIAAAAYATPYWVAAICLATASEVCAPIAGAVLATAAVIVAAVLVGKSSGSATKRGLTKTISVLNHTITFTDHILNGQTLSNGTGSNFVTIGFSGYAVHDTIKRDSTTDINFVGYTTEHGTHISTSSVHNVSSLIDKIVAAVPGVPDTGGNASALSFQKRSQEFATSWISMTYDQSYGDLAQTWQNDEGGAGNFDSYAEEELQNFFSGNRDWKYCFAAEDTKSGEPIDYDDIPGDGPGTGSAFKSEIYFNTYGGIDNYCNDEHIGAQNTGDGR*","KHS",350,"yes","mutant",1
"AAP_3.re.fa","AAP_3-23474","CP004815","REGION: 543434..544486 KHS",0,89.848,1054,21849,22901,1053,1,"ATGAATAAATCATACACAGATGACATGAATAGCAGCTCCCCAAATTACTTGACAACAAGGACGTTTAGAATCGTTAGATTGTTTGCAATAATTTTTGCACTGCTTTTGGTAGCGTACTCATTATTTTTAAGCACCCTTAAAACTGGGGCTATACCTGACCACACCAGCACTGCTGCTCTAGTACGGCGGGCTAGGTGGTCATTTGCGACTGGATTAGGACTAGGAGGATTTGTAATTGCTGCAGCCGCTTATGCTACTCCTTACTGGGTCGCAGCAATCTGTATCGCATCCACTGGCGGAGTATGTTCACCTATAGCTGGTGCTGTTTTAGCAACGTCAGCAGTTATAGTTGCAGCAGTCTTAGTGGGAAAGAGTTCTGGCTCAGCAACAAAGCGAGGGTTAAGTAAGACTATTAGTGTACTGAATCATACTATAACATTCACTGATCATGTACTCAATGGGCAGACATTGTCTAATGGTACCAGTAGTAATTTTGTTACAATAGGGTTTAGTGGGTATGCAGTACATGACACCATCAAACGTGACGGTGCTGCTGAGCTCAACTTTGTGGGGTATACTACGGAGCATGGAACCCACATCAGCACGAGTAGCGTACATAATGTGAGCATGCTCATCGATCAAATCGTGGCAGCGGTACCAGGAGTACCTGATATAGGTGGCAACGCTTCGGCCCTATCGTTACAAAGACGCAGTCAAGAGTTCGCTACCTCATGGATATCAATGACATATGATCAGAGTTATGGTGATCTGGCACAGAACTGGCAAAATGACGAAGGTGGAGCAGGAAATTTTGATTCTTATGCTGAAGAGGAGTTACAGAATTTCTTTTCAGGTAATAGGGATTGGAAATACTGCTTTGCTGCTGAGGACACGAAAAACGGTGAGCCACTTGATTACGATGACATACCTGGTGACGGTGCAGGCACGGGTTCGGCATTCAAGTCTGAGATATATTTTAACACTTACGGTGGTATAGATAATTATTGTAATGACGAGCATATCGGTGCTCAGAACACTGGGGATGGTCGATAA","MNKSYTDDMNSSSPNYLTTRTFRIVRLFAIIFALLLVAYSLFLSTLKTGAIPDHTSTAALVRRARWSFATGLGLGGFVIAAAAYATPYWVAAICIASTGGVCSPIAGAVLATSAVIVAAVLVGKSSGSATKRGLSKTISVLNHTITFTDHVLNGQTLSNGTSSNFVTIGFSGYAVHDTIKRDGAAELNFVGYTTEHGTHISTSSVHNVSMLIDQIVAAVPGVPDIGGNASALSLQRRSQEFATSWISMTYDQSYGDLAQNWQNDEGGAGNFDSYAEEELQNFFSGNRDWKYCFAAEDTKNGEPLDYDDIPGDGAGTGSAFKSEIYFNTYGGIDNYCNDEHIGAQNTGDGR","MNKSYTDDMNSSSPNYLTTRTFRIVRLFAIIFALLLVAYSLFLSTLKTGAIPDHTSTAALVRRARWSFATGLGLGGFVIAAAAYATPYWVAAICIASTGGVCSPIAGAVLATSAVIVAAVLVGKSSGSATKRGLSKTISVLNHTITFTDHVLNGQTLSNGTSSNFVTIGFSGYAVHDTIKRDGAAELNFVGYTTEHGTHISTSSVHNVSMLIDQIVAAVPGVPDIGGNASALSLQRRSQEFATSWISMTYDQSYGDLAQNWQNDEGGAGNFDSYAEEELQNFFSGNRDWKYCFAAEDTKNGEPLDYDDIPGDGAGTGSAFKSEIYFNTYGGIDNYCNDEHIGAQNTGDGR*","KHS",350,"yes","mutant",1
"AAP_3.re.fa","AAP_3-23866","D00905","KHR (orf only)",0,100,891,51939,52829,891,1,"ATGGGCCACTTAGCGATCCTTTTCAGTATTATCGCTGTATGGAATATAGCTACAGCTGTTGCATCGAGCGACAGCATTTACCTTAAGGGACACAGAGTAGGACAGGATATCGACAGTCTATACAGAGTGTACGATAATGGTACTATGTACCCTGTCACTTTCAATGAGTGGTTAAATGATCTAACTGGGATGAATGACTTGGCAACAAATAACGCGACAATATTAAAACGTGACAGTAGCGATGTTTCTTGCGTTAATGAAACATGCCAATACGTGGATTACCACGTGGATGACGAAGGAGTTATAACTATAGACATATCTACGTATCGTATCCCTGTCGAATGGGATAATGGTTCTGCAGGCAACGCATCATATGGAGTCTCAAAGCGTGATACAAAATATGAGACATTCTGTAAGAAGAAAATATGCGGTATAAACGTTTCCGGTTTCTGTAACGCGTATGACTTCGCCGTTCCTGCTTTCGACTTCGGTGGCAATGTCTACAACCTTGTTAGTGGTATCACTGATAGGATTAAAGAAGCTACGAAGAGGGATAAGACTGAATGTCTAGGTTACGAACTAGATCATGTGAGAATAGATCCTGCTGTTGATTGGTCCATATTTATTTCTACTTGGAAACAAGGGTCGGCCAATTGTGACACACAGGCATCTGCTGACAGCTTGAAATGTGCTGCCCAAAAAGCACTTGAAAGTGAACACAATCACCAAAAAACAGCTTTCTGTATTCACCTAGATAATGGTGGATCATTTAACTTAGACATTAGGCTAATATCTGAGCTTTCATTTTCGAAATATAACCCATGGGCTCTTCCATGTCCGAAGGACAAAGGCTCCAATTCTTGGCAAGTTGTGAGCGACTGTTTTCAATAA","MGHLAILFSIIAVWNIATAVASSDSIYLKGHRVGQDIDSLYRVYDNGTMYPVTFNEWLNDLTGMNDLATNNATILKRDSSDVSCVNETCQYVDYHVDDEGVITIDISTYRIPVEWDNGSAGNASYGVSKRDTKYETFCKKKICGINVSGFCNAYDFAVPAFDFGGNVYNLVSGITDRIKEATKRDKTECLGYELDHVRIDPAVDWSIFISTWKQGSANCDTQASADSLKCAAQKALESEHNHQKTAFCIHLDNGGSFNLDIRLISELSFSKYNPWALPCPKDKGSNSWQVVSDCFQ","MGHLAILFSIIAVWNIATAVASSDSIYLKGHRVGQDIDSLYRVYDNGTMYPVTFNEWLNDLTGMNDLATNNATILKRDSSDVSCVNETCQYVDYHVDDEGVITIDISTYRIPVEWDNGSAGNASYGVSKRDTKYETFCKKKICGINVSGFCNAYDFAVPAFDFGGNVYNLVSGITDRIKEATKRDKTECLGYELDHVRIDPAVDWSIFISTWKQGSANCDTQASADSLKCAAQKALESEHNHQKTAFCIHLDNGGSFNLDIRLISELSFSKYNPWALPCPKDKGSNSWQVVSDCFQ*","KHR",296,"yes","canonical",1
"AAQ_3.re.fa","AAQ_3-7351","D00905","KHR (orf only)",0,99.888,891,17740,18630,1,891,"ATGGGCCACTTAGCGATCCTTTTCAGTATTATCGCTGTATGGAATATAGCTACAGCTGTTGCATCGAGCGACAGCATTTACCTTAAGGGACACAGAGTAGGACAGGATATCGACAGTCTATACAGAGTGTACGATAATGGTACTATGTACCCTGTCACTTTCAATGAGTGGTTAAATGATCTAACTGGGATGAATGACTTGGCAACAAATAACGCGACAATATTAAAACGTGACAGTAGCGATGTTTCTTGCGTTAATGAAACATGCCAATACGTGGATTACCACGTGGATGACGAAGGAGTTATAACTATAGACATATCTACGTATCGTATCCCTGTCGAATGGGATAATGGTTCTGCAGGCAACGCATCATATGGAGTCTCAAAGCGTGATACAAAATATGAGACATTCTGTAAGAAGAAAATATGCGGTATAAACGTTTCCGGTTTCTGTAACGCGTATGACTTCGCCGTTCCTGCTTTCGACTTCGGTGGCAATGTCTACAATCTTGTTAGTGGTATCACTGATAGGATTAAAGAAGCTACGAAGAGGGATAAGACTGAATGTCTAGGTTACGAACTAGATCATGTGAGAATAGATCCTGCTGTTGATTGGTCCATATTTATTTCTACTTGGAAACAAGGGTCGGCCAATTGTGACACACAGGCATCTGCTGACAGCTTGAAATGTGCTGCCCAAAAAGCACTTGAAAGTGAACACAATCACCAAAAAACAGCTTTCTGTATTCACCTAGATAATGGTGGATCATTTAACTTAGACATTAGGCTAATATCTGAGCTTTCATTTTCGAAATATAACCCATGGGCTCTTCCATGTCCGAAGGACAAAGGCTCCAATTCTTGGCAAGTTGTGAGCGACTGTTTTCAATAA","MGHLAILFSIIAVWNIATAVASSDSIYLKGHRVGQDIDSLYRVYDNGTMYPVTFNEWLNDLTGMNDLATNNATILKRDSSDVSCVNETCQYVDYHVDDEGVITIDISTYRIPVEWDNGSAGNASYGVSKRDTKYETFCKKKICGINVSGFCNAYDFAVPAFDFGGNVYNLVSGITDRIKEATKRDKTECLGYELDHVRIDPAVDWSIFISTWKQGSANCDTQASADSLKCAAQKALESEHNHQKTAFCIHLDNGGSFNLDIRLISELSFSKYNPWALPCPKDKGSNSWQVVSDCFQ","MGHLAILFSIIAVWNIATAVASSDSIYLKGHRVGQDIDSLYRVYDNGTMYPVTFNEWLNDLTGMNDLATNNATILKRDSSDVSCVNETCQYVDYHVDDEGVITIDISTYRIPVEWDNGSAGNASYGVSKRDTKYETFCKKKICGINVSGFCNAYDFAVPAFDFGGNVYNLVSGITDRIKEATKRDKTECLGYELDHVRIDPAVDWSIFISTWKQGSANCDTQASADSLKCAAQKALESEHNHQKTAFCIHLDNGGSFNLDIRLISELSFSKYNPWALPCPKDKGSNSWQVVSDCFQ*","KHR",296,"yes","canonical",1
"AAQ_3.re.fa","AAQ_3-7459","CP004815","REGION: 543434..544486 KHS",0,99.905,1053,67376,68428,1,1053,"ATGAATAGATCATACACAGACGACATGAATAGCAGCTCTCCAAATTACCTGACAACAAGGACGTTTAGAATCTTTAGATTGTTTGCAATAATTTTTGCACTGCTTTTGATAGCGTACTCTTTATTTCTGAGCACTCTAAAAACAGGCTCTATACCTGATCGTGCCAACACTGTTACTTTAATGCGCCGTGCCAGGTGGTCATTTGGGACTGGATTAGGACTAGGAGGATTTGTAATTGCTGCAGCCGCTTATGCTACTCCTTACTGGGTCGCAGCAATCTGTCTCGCAACTGCTAGCGAGGTGTGTGCACCTATAGCTGGTGCTGTTTTGGCGACAGCAGCGGTTATTGTCGCAGCAGTTTTAGTGGGAAAGAGTTCGGGCTCGGCAACAAAGCGAGGGTTAACTAAGACTATTAGCGTACTGAATCATACCATAACATTCACCGATCATATACTCAATGGTCAGACGTTGTCTAATGGTACTGGTAGTAATTTTGTTACAATAGGATTCAGCGGGTATGCAGTACATGACACTATCAAACGTGACAGCACTACTGATATCAATTTCGTGGGATATACCACAGAGCATGGAACCCACATTAGCACGAGTAGCGTACATAATGTGAGCAGTCTCATCGATAAAATTGTGGCAGCGGTACCAGGGGTCCCTGATACAGGTGGTAATGCTTCTGCTCTATCGTTTCAGAAACGCAGTCAGGAGTTCGCTACCTCATGGATATCAATGACATATGATCAGAGTTATGGTGACCTTGCGCAAACGTGGCAAAATGACGAAGGCGGAGCAGGAAATTTTGATTCTTATGCGGAAGAGGAGTTACAGAATTTCTTTTCAGGTAATAGAGACTGGAAGTACTGCTTTGCTGCTGAGGACACGAAGAGTGGTGAGCCAATTGATTACGATGACATACCTGGTGACGGTCCAGGCACGGGTTCGGCATTCAAATCGGAGATATATTTCAACACTTACGGTGGTATAGATAATTATTGTAATGACGAGCATATCGGTGCTCAGAACACTGGAGATGGTCGATAA","MNRSYTDDMNSSSPNYLTTRTFRIFRLFAIIFALLLIAYSLFLSTLKTGSIPDRANTVTLMRRARWSFGTGLGLGGFVIAAAAYATPYWVAAICLATASEVCAPIAGAVLATAAVIVAAVLVGKSSGSATKRGLTKTISVLNHTITFTDHILNGQTLSNGTGSNFVTIGFSGYAVHDTIKRDSTTDINFVGYTTEHGTHISTSSVHNVSSLIDKIVAAVPGVPDTGGNASALSFQKRSQEFATSWISMTYDQSYGDLAQTWQNDEGGAGNFDSYAEEELQNFFSGNRDWKYCFAAEDTKSGEPIDYDDIPGDGPGTGSAFKSEIYFNTYGGIDNYCNDEHIGAQNTGDGR","MNRSYTDDMNSSSPNYLTTRTFRIFRLFAIIFALLLIAYSLFLSTLKTGSIPDRANTVTLMRRARWSFGTGLGLGGFVIAAAAYATPYWVAAICLATASEVCAPIAGAVLATAAVIVAAVLVGKSSGSATKRGLTKTISVLNHTITFTDHILNGQTLSNGTGSNFVTIGFSGYAVHDTIKRDSTTDINFVGYTTEHGTHISTSSVHNVSSLIDKIVAAVPGVPDTGGNASALSFQKRSQEFATSWISMTYDQSYGDLAQTWQNDEGGAGNFDSYAEEELQNFFSGNRDWKYCFAAEDTKSGEPIDYDDIPGDGPGTGSAFKSEIYFNTYGGIDNYCNDEHIGAQNTGDGR*","KHS",350,"yes","mutant",1
"AAR_3.re.fa","AAR_3-7647","CP004815","REGION: 543434..544486 KHS",0,99.905,1053,6929,7981,1053,1,"ATGAATAGATCATACACAGACGACATGAATAGCAGCTCTCCAAATTACCTGACAACAAGGACGTTTAGAATCTTTAGATTGTTTGCAATAATTTTTGCACTGCTTTTGATAGCGTACTCTTTATTTCTGAGCACTCTAAAAACAGGCTCTATACCTGATCGTGCCAACACTGTTACTTTAATGCGCCGTGCCAGGTGGTCATTTGGGACTGGATTAGGACTAGGAGGATTTGTAATTGCTGCAGCCGCTTATGCTACTCCTTACTGGGTCGCAGCAATCTGTCTCGCAACTGCTAGCGAGGTGTGTGCACCTATAGCTGGTGCTGTTTTGGCGACAGCAGCGGTTATTGTCGCAGCAGTTTTAGTGGGAAAGAGTTCGGGCTCGGCAACAAAGCGAGGGTTAACTAAGACTATTAGCGTACTGAATCATACCATAACATTCACCGATCATATACTCAATGGTCAGACGTTGTCTAATGGTACTGGTAGTAATTTTGTTACAATAGGATTCAGCGGGTATGCAGTACATGACACTATCAAACGTGACAGCACTACTGATATCAATTTCGTGGGATATACCACAGAGCATGGAACCCACATTAGCACGAGTAGCGTACATAATGTGAGCAGTCTCATCGATAAAATTGTGGCAGCGGTACCAGGGGTCCCTGATACAGGTGGTAATGCTTCTGCTCTATCGTTTCAGAAACGCAGTCAGGAGTTCGCTACCTCATGGATATCAATGACATATGATCAGAGTTATGGTGACCTTGCGCAAACGTGGCAAAATGACGAAGGCGGAGCAGGAAATTTTGATTCTTATGCGGAAGAGGAGTTACAGAATTTCTTTTCAGGTAATAGAGACTGGAAGTACTGCTTTGCTGCTGAGGACACGAAGAGTGGTGAGCCAATTGATTACGATGACATACCTGGTGACGGTCCAGGCACGGGTTCGGCATTCAAATCGGAGATATATTTCAACACTTACGGTGGTATAGATAATTATTGTAATGACGAGCATATCGGTGCTCAGAACACTGGAGATGGTCGATAA","MNRSYTDDMNSSSPNYLTTRTFRIFRLFAIIFALLLIAYSLFLSTLKTGSIPDRANTVTLMRRARWSFGTGLGLGGFVIAAAAYATPYWVAAICLATASEVCAPIAGAVLATAAVIVAAVLVGKSSGSATKRGLTKTISVLNHTITFTDHILNGQTLSNGTGSNFVTIGFSGYAVHDTIKRDSTTDINFVGYTTEHGTHISTSSVHNVSSLIDKIVAAVPGVPDTGGNASALSFQKRSQEFATSWISMTYDQSYGDLAQTWQNDEGGAGNFDSYAEEELQNFFSGNRDWKYCFAAEDTKSGEPIDYDDIPGDGPGTGSAFKSEIYFNTYGGIDNYCNDEHIGAQNTGDGR","MNRSYTDDMNSSSPNYLTTRTFRIFRLFAIIFALLLIAYSLFLSTLKTGSIPDRANTVTLMRRARWSFGTGLGLGGFVIAAAAYATPYWVAAICLATASEVCAPIAGAVLATAAVIVAAVLVGKSSGSATKRGLTKTISVLNHTITFTDHILNGQTLSNGTGSNFVTIGFSGYAVHDTIKRDSTTDINFVGYTTEHGTHISTSSVHNVSSLIDKIVAAVPGVPDTGGNASALSFQKRSQEFATSWISMTYDQSYGDLAQTWQNDEGGAGNFDSYAEEELQNFFSGNRDWKYCFAAEDTKSGEPIDYDDIPGDGPGTGSAFKSEIYFNTYGGIDNYCNDEHIGAQNTGDGR*","KHS",350,"yes","mutant",1
"CRK_2.re.fa","CRK_2-9767","D00905","KHR (orf only)",0,99.888,891,24151,25041,1,891,"ATGGGCCACTTAGCGATCCTTTTCAGTATTATCGCTGTATGGAATATAGCTACAGCTGTTGCATCGAGCGACAGCATTTACCTTAAGGGACACAGAGTAGGACAGGATATCGACAGTCTATACAGAGTGTACGATAATGGTACTATGTACCCTGTCACTTTCAATGAGTGGTTAAATGATCTAACTGGGATGGATGACTTGGCAACAAATAACGCGACAATATTAAAACGTGACAGTAGCGATGTTTCTTGCGTTAATGAAACATGCCAATACGTGGATTACCACGTGGATGACGAAGGAGTTATAACTATAGACATATCTACGTATCGTATCCCTGTCGAATGGGATAATGGTTCTGCAGGCAACGCATCATATGGAGTCTCAAAGCGTGATACAAAATATGAGACATTCTGTAAGAAGAAAATATGCGGTATAAACGTTTCCGGTTTCTGTAACGCGTATGACTTCGCCGTTCCTGCTTTCGACTTCGGTGGCAATGTCTACAACCTTGTTAGTGGTATCACTGATAGGATTAAAGAAGCTACGAAGAGGGATAAGACTGAATGTCTAGGTTACGAACTAGATCATGTGAGAATAGATCCTGCTGTTGATTGGTCCATATTTATTTCTACTTGGAAACAAGGGTCGGCCAATTGTGACACACAGGCATCTGCTGACAGCTTGAAATGTGCTGCCCAAAAAGCACTTGAAAGTGAACACAATCACCAAAAAACAGCTTTCTGTATTCACCTAGATAATGGTGGATCATTTAACTTAGACATTAGGCTAATATCTGAGCTTTCATTTTCGAAATATAACCCATGGGCTCTTCCATGTCCGAAGGACAAAGGCTCCAATTCTTGGCAAGTTGTGAGCGACTGTTTTCAATAA","MGHLAILFSIIAVWNIATAVASSDSIYLKGHRVGQDIDSLYRVYDNGTMYPVTFNEWLNDLTGMDDLATNNATILKRDSSDVSCVNETCQYVDYHVDDEGVITIDISTYRIPVEWDNGSAGNASYGVSKRDTKYETFCKKKICGINVSGFCNAYDFAVPAFDFGGNVYNLVSGITDRIKEATKRDKTECLGYELDHVRIDPAVDWSIFISTWKQGSANCDTQASADSLKCAAQKALESEHNHQKTAFCIHLDNGGSFNLDIRLISELSFSKYNPWALPCPKDKGSNSWQVVSDCFQ","MGHLAILFSIIAVWNIATAVASSDSIYLKGHRVGQDIDSLYRVYDNGTMYPVTFNEWLNDLTGMDDLATNNATILKRDSSDVSCVNETCQYVDYHVDDEGVITIDISTYRIPVEWDNGSAGNASYGVSKRDTKYETFCKKKICGINVSGFCNAYDFAVPAFDFGGNVYNLVSGITDRIKEATKRDKTECLGYELDHVRIDPAVDWSIFISTWKQGSANCDTQASADSLKCAAQKALESEHNHQKTAFCIHLDNGGSFNLDIRLISELSFSKYNPWALPCPKDKGSNSWQVVSDCFQ*","KHR",296,"yes","mutant",1
"CRK_2.re.fa","CRK_2-9822","CP004815","REGION: 543434..544486 KHS",0,99.905,1053,67167,68219,1,1053,"ATGAATAGATCATACACAGACGACATGAATAGCAGCTCTCCAAATTACCTGACAACAAGGACGTTTAGAATCTTTAGATTGTTTGCAATAATTTTTGCACTGCTTTTGATAGCGTACTCTTTATTTCTGAGCACTCTAAAAACAGGCTCTATACCTGATCGTGCCAACACTGTTACTTTAATGCGCCGTGCCAGGTGGTCATTTGGGACTGGATTAGGACTAGGAGGATTTGTAATTGCTGCAGCCGCTTATGCTACTCCTTACTGGGTCGCAGCAATCTGTCTCGCAACTGCTAGCGAGGTGTGTGCACCTATAGCTGGTGCTGTTTTGGCGACAGCAGCGGTTATTGTCGCAGCAGTTTTAGTGGGAAAGAGTTCGGGCTCGGCAACAAAGCGAGGGTTAACTAAGACTATTAGCGTACTGAATCATACCATAACATTCACCGATCATATACTCAATGGTCAGACGTTGTCTAATGGTACTGGTAGTAATTTTGTTACAATAGGATTCAGCGGGTATGCAGTACATGACACTATCAAACGTGACAGCACTACTGATATCAATTTCGTGGGATATACCACAGAGCATGGAACCCACATTAGCACGAGTAGCGTACATAATGTGAGCAGTCTCATCGATAAAATTGTGGCAGCGGTACCAGGGGTCCCTGATACAGGTGGTAATGCTTCTGCTCTATCGTTTCAGAAACGCAGTCAGGAGTTCGCTACCTCATGGATATCAATGACATATGATCAGAGTTATGGTGACCTTGCGCAAACGTGGCAAAATGACGAAGGCGGAGCAGGAAATTTTGATTCTTATGCGGAAGAGGAGTTACAGAATTTCTTTTCAGGTAATAGAGACTGGAAGTACTGCTTTGCTGCTGAGGACACGAAGAGTGGTGAGCCAATTGATTACGATGACATACCTGGTGACGGTCCAGGCACGGGTTCGGCATTCAAATCGGAGATATATTTCAACACTTACGGTGGTATAGATAATTATTGTAATGACGAGCATATCGGTGCTCAGAACACTGGAGATGGTCGATAA","MNRSYTDDMNSSSPNYLTTRTFRIFRLFAIIFALLLIAYSLFLSTLKTGSIPDRANTVTLMRRARWSFGTGLGLGGFVIAAAAYATPYWVAAICLATASEVCAPIAGAVLATAAVIVAAVLVGKSSGSATKRGLTKTISVLNHTITFTDHILNGQTLSNGTGSNFVTIGFSGYAVHDTIKRDSTTDINFVGYTTEHGTHISTSSVHNVSSLIDKIVAAVPGVPDTGGNASALSFQKRSQEFATSWISMTYDQSYGDLAQTWQNDEGGAGNFDSYAEEELQNFFSGNRDWKYCFAAEDTKSGEPIDYDDIPGDGPGTGSAFKSEIYFNTYGGIDNYCNDEHIGAQNTGDGR","MNRSYTDDMNSSSPNYLTTRTFRIFRLFAIIFALLLIAYSLFLSTLKTGSIPDRANTVTLMRRARWSFGTGLGLGGFVIAAAAYATPYWVAAICLATASEVCAPIAGAVLATAAVIVAAVLVGKSSGSATKRGLTKTISVLNHTITFTDHILNGQTLSNGTGSNFVTIGFSGYAVHDTIKRDSTTDINFVGYTTEHGTHISTSSVHNVSSLIDKIVAAVPGVPDTGGNASALSFQKRSQEFATSWISMTYDQSYGDLAQTWQNDEGGAGNFDSYAEEELQNFFSGNRDWKYCFAAEDTKSGEPIDYDDIPGDGPGTGSAFKSEIYFNTYGGIDNYCNDEHIGAQNTGDGR*","KHS",350,"yes","mutant",1
"CRL_.re.fa","CRL_1_AB3AC.IND41b-8860","CP004815","REGION: 543434..544486 KHS",0,99.905,1053,2574,3626,1053,1,"ATGAATAGATCATACACAGACGACATGAATAGCAGCTCTCCAAATTACCTGACAACAAGGACGTTTAGAATCTTTAGATTGTTTGCAATAATTTTTGCACTGCTTTTGATAGCGTACTCTTTATTTCTGAGCACTCTAAAAACAGGCTCTATACCTGATCGTGCCAACACTGTTACTTTAATGCGCCGTGCCAGGTGGTCATTTGGGACTGGATTAGGACTAGGAGGATTTGTAATTGCTGCAGCCGCTTATGCTACTCCTTACTGGGTCGCAGCAATCTGTCTCGCAACTGCTAGCGAGGTGTGTGCACCTATAGCTGGTGCTGTTTTGGCGACAGCAGCGGTTATTGTCGCAGCAGTTTTAGTGGGAAAGAGTTCGGGCTCGGCAACAAAGCGAGGGTTAACTAAGACTATTAGCGTACTGAATCATACCATAACATTCACCGATCATATACTCAATGGTCAGACGTTGTCTAATGGTACTGGTAGTAATTTTGTTACAATAGGATTCAGCGGGTATGCAGTACATGACACTATCAAACGTGACAGCACTACTGATATCAATTTCGTGGGATATACCACAGAGCATGGAACCCACATTAGCACGAGTAGCGTACATAATGTGAGCAGTCTCATCGATAAAATTGTGGCAGCGGTACCAGGGGTCCCTGATACAGGTGGTAATGCTTCTGCTCTATCGTTTCAGAAACGCAGTCAGGAGTTCGCTACCTCATGGATATCAATGACATATGATCAGAGTTATGGTGACCTTGCGCAAACGTGGCAAAATGACGAAGGCGGAGCAGGAAATTTTGATTCTTATGCGGAAGAGGAGTTACAGAATTTCTTTTCAGGTAATAGAGACTGGAAGTACTGCTTTGCTGCTGAGGACACGAAGAGTGGTGAGCCAATTGATTACGATGACATACCTGGTGACGGTCCAGGCACGGGTTCGGCATTCAAATCGGAGATATATTTCAACACTTACGGTGGTATAGATAATTATTGTAATGACGAGCATATCGGTGCTCAGAACACTGGAGATGGTCGATAA","MNRSYTDDMNSSSPNYLTTRTFRIFRLFAIIFALLLIAYSLFLSTLKTGSIPDRANTVTLMRRARWSFGTGLGLGGFVIAAAAYATPYWVAAICLATASEVCAPIAGAVLATAAVIVAAVLVGKSSGSATKRGLTKTISVLNHTITFTDHILNGQTLSNGTGSNFVTIGFSGYAVHDTIKRDSTTDINFVGYTTEHGTHISTSSVHNVSSLIDKIVAAVPGVPDTGGNASALSFQKRSQEFATSWISMTYDQSYGDLAQTWQNDEGGAGNFDSYAEEELQNFFSGNRDWKYCFAAEDTKSGEPIDYDDIPGDGPGTGSAFKSEIYFNTYGGIDNYCNDEHIGAQNTGDGR","MNRSYTDDMNSSSPNYLTTRTFRIFRLFAIIFALLLIAYSLFLSTLKTGSIPDRANTVTLMRRARWSFGTGLGLGGFVIAAAAYATPYWVAAICLATASEVCAPIAGAVLATAAVIVAAVLVGKSSGSATKRGLTKTISVLNHTITFTDHILNGQTLSNGTGSNFVTIGFSGYAVHDTIKRDSTTDINFVGYTTEHGTHISTSSVHNVSSLIDKIVAAVPGVPDTGGNASALSFQKRSQEFATSWISMTYDQSYGDLAQTWQNDEGGAGNFDSYAEEELQNFFSGNRDWKYCFAAEDTKSGEPIDYDDIPGDGPGTGSAFKSEIYFNTYGGIDNYCNDEHIGAQNTGDGR*","KHS",350,"yes","mutant",1
"CRL_.re.fa","CRL_1_AB3AC.IND41b-8964","D00905","KHR (orf only)",0,99.888,891,270410,271300,891,1,"ATGGGCCACTTAGCGATCCTTTTCAGTATTATCGCTGTATGGAATATAGCTACAGCTGTTGCATCGAGCGACAGCATTTACCTTAAGGGACACAGAGTAGGACAGGATATCGACAGTCTATACAGAGTGTACGATAATGGTACTATGTACCCTGTCACTTTCAATGAGTGGTTAAATGATCTAACTGGGATGAATGACTTGGCAACAAATAACGCGACAATATTAAAACGTGACAGTAGCGATGTTTCTTGCGTTAATGAAACATGCCAATACGTGGATTACCACGTGGATGACGAAGGAGTTATAACTATAGACATATCTACGTATCGTATCCCTGTCGAATGGGATAATGGTTCTGCAGGCAACGCATCATATGGAGTCTCAAAGCGTGATACAAAATATGAGACATTCTGTAAGAAGAAAATATGCGGTATAAACATTTCCGGTTTCTGTAACGCGTATGACTTCGCCGTTCCTGCTTTCGACTTCGGTGGCAATGTCTACAACCTTGTTAGTGGTATCACTGATAGGATTAAAGAAGCTACGAAGAGGGATAAGACTGAATGTCTAGGTTACGAACTAGATCATGTGAGAATAGATCCTGCTGTTGATTGGTCCATATTTATTTCTACTTGGAAACAAGGGTCGGCCAATTGTGACACACAGGCATCTGCTGACAGCTTGAAATGTGCTGCCCAAAAAGCACTTGAAAGTGAACACAATCACCAAAAAACAGCTTTCTGTATTCACCTAGATAATGGTGGATCATTTAACTTAGACATTAGGCTAATATCTGAGCTTTCATTTTCGAAATATAACCCATGGGCTCTTCCATGTCCGAAGGACAAAGGCTCCAATTCTTGGCAAGTTGTGAGCGACTGTTTTCAATAA","MGHLAILFSIIAVWNIATAVASSDSIYLKGHRVGQDIDSLYRVYDNGTMYPVTFNEWLNDLTGMNDLATNNATILKRDSSDVSCVNETCQYVDYHVDDEGVITIDISTYRIPVEWDNGSAGNASYGVSKRDTKYETFCKKKICGINISGFCNAYDFAVPAFDFGGNVYNLVSGITDRIKEATKRDKTECLGYELDHVRIDPAVDWSIFISTWKQGSANCDTQASADSLKCAAQKALESEHNHQKTAFCIHLDNGGSFNLDIRLISELSFSKYNPWALPCPKDKGSNSWQVVSDCFQ","MGHLAILFSIIAVWNIATAVASSDSIYLKGHRVGQDIDSLYRVYDNGTMYPVTFNEWLNDLTGMNDLATNNATILKRDSSDVSCVNETCQYVDYHVDDEGVITIDISTYRIPVEWDNGSAGNASYGVSKRDTKYETFCKKKICGINISGFCNAYDFAVPAFDFGGNVYNLVSGITDRIKEATKRDKTECLGYELDHVRIDPAVDWSIFISTWKQGSANCDTQASADSLKCAAQKALESEHNHQKTAFCIHLDNGGSFNLDIRLISELSFSKYNPWALPCPKDKGSNSWQVVSDCFQ*","KHR",296,"yes","mutant",1
"GAL.re.fa","GAL-5782","D00905","KHR (orf only)",0,100,891,185,1075,891,1,"ATGGGCCACTTAGCGATCCTTTTCAGTATTATCGCTGTATGGAATATAGCTACAGCTGTTGCATCGAGCGACAGCATTTACCTTAAGGGACACAGAGTAGGACAGGATATCGACAGTCTATACAGAGTGTACGATAATGGTACTATGTACCCTGTCACTTTCAATGAGTGGTTAAATGATCTAACTGGGATGAATGACTTGGCAACAAATAACGCGACAATATTAAAACGTGACAGTAGCGATGTTTCTTGCGTTAATGAAACATGCCAATACGTGGATTACCACGTGGATGACGAAGGAGTTATAACTATAGACATATCTACGTATCGTATCCCTGTCGAATGGGATAATGGTTCTGCAGGCAACGCATCATATGGAGTCTCAAAGCGTGATACAAAATATGAGACATTCTGTAAGAAGAAAATATGCGGTATAAACGTTTCCGGTTTCTGTAACGCGTATGACTTCGCCGTTCCTGCTTTCGACTTCGGTGGCAATGTCTACAACCTTGTTAGTGGTATCACTGATAGGATTAAAGAAGCTACGAAGAGGGATAAGACTGAATGTCTAGGTTACGAACTAGATCATGTGAGAATAGATCCTGCTGTTGATTGGTCCATATTTATTTCTACTTGGAAACAAGGGTCGGCCAATTGTGACACACAGGCATCTGCTGACAGCTTGAAATGTGCTGCCCAAAAAGCACTTGAAAGTGAACACAATCACCAAAAAACAGCTTTCTGTATTCACCTAGATAATGGTGGATCATTTAACTTAGACATTAGGCTAATATCTGAGCTTTCATTTTCGAAATATAACCCATGGGCTCTTCCATGTCCGAAGGACAAAGGCTCCAATTCTTGGCAAGTTGTGAGCGACTGTTTTCAATAA","MGHLAILFSIIAVWNIATAVASSDSIYLKGHRVGQDIDSLYRVYDNGTMYPVTFNEWLNDLTGMNDLATNNATILKRDSSDVSCVNETCQYVDYHVDDEGVITIDISTYRIPVEWDNGSAGNASYGVSKRDTKYETFCKKKICGINVSGFCNAYDFAVPAFDFGGNVYNLVSGITDRIKEATKRDKTECLGYELDHVRIDPAVDWSIFISTWKQGSANCDTQASADSLKCAAQKALESEHNHQKTAFCIHLDNGGSFNLDIRLISELSFSKYNPWALPCPKDKGSNSWQVVSDCFQ","MGHLAILFSIIAVWNIATAVASSDSIYLKGHRVGQDIDSLYRVYDNGTMYPVTFNEWLNDLTGMNDLATNNATILKRDSSDVSCVNETCQYVDYHVDDEGVITIDISTYRIPVEWDNGSAGNASYGVSKRDTKYETFCKKKICGINVSGFCNAYDFAVPAFDFGGNVYNLVSGITDRIKEATKRDKTECLGYELDHVRIDPAVDWSIFISTWKQGSANCDTQASADSLKCAAQKALESEHNHQKTAFCIHLDNGGSFNLDIRLISELSFSKYNPWALPCPKDKGSNSWQVVSDCFQ*","KHR",296,"yes","canonical",1
"GAL.re.fa","GAL-5966","CP004815","REGION: 543434..544486 KHS",0,89.848,1054,1520,2572,1053,1,"ATGAATAGATCATACACAGACGACATGAATAGCAGCCCTCCAAATTACTTGACAACAAGGACGTTTAGAATCGTTAGATTGTTTGCAATAATTTTTGCACTGCTTTTGGTAGCGTACTCATTATTTTTAAGCACCCTTAAAACTGGGGCTATACCTGACCACACCAGCACTGCTGCTCTAGTACGGCGGGCTAGGTGGTCATTTGCGACTGGATTAGGACTAGGAGGATTTGTAATTGCTGCAGCCGCTTATGCTACTCCTTACTGGGTCGCAGCAATCTGTATCGCATCCACTGGCGGAGTATGTTCACCTATAGCTGGTGCTGTTTTAGCAACGTCAACAGTTATAGTTGCAGCAGTCTTAGTGGGAAAGAGTTCTGGCTCAGCAACAAAGCGAGGGTTGAGTAAGACTATTAGTGTACTGAATCATACTATAACATTCACTGATCATGTACTCAATGGGCAGACATTGTCTAATGGTACCAGTAGTAATTTTGTTACAATAGGGTTTAGTGGGTATGCAGTACATGACACCATCAAACGTGACGGTGCTGCTGAGCTCAACTTTGTGGGGTATACTACGGAGCATGGAACCCACATCAGCACGAGTAGCGTACATAATGTGAGCATGCTCATCGATCAAATCGTGGCAGCGGTACCAGGAGTACCTGATATAGGTGGCAACGCTTCGGCCCTATCTTTACAAAGACGCAGTCAAGAGTTCGCTACCTCATGGATATCAATGACATATGATCAGAGTTATGGTGATCTGGCACAGAACTGGCAAAATGACGAAGGTGGAGCAGGAAATTTTGATTCTTATGCTGAAGAGGAGTTACAGAATTTCTTTTCAGATAATAGGGATTGGAAATACTGCTTTGCTGCTGAGGACACGAAAAACGGTGAGCCACTTGATTACGATGACATACCTGGTGACGGTGCAGGCACGGGTTCGGCATTCAAGTCTGAGATATATTTTAACACTTACGGTGGTATAGATAATTATTGTAATGACGAGCATATCGGTGCTCAGAACACTGGGGATGGTCGATAA","MNRSYTDDMNSSPPNYLTTRTFRIVRLFAIIFALLLVAYSLFLSTLKTGAIPDHTSTAALVRRARWSFATGLGLGGFVIAAAAYATPYWVAAICIASTGGVCSPIAGAVLATSTVIVAAVLVGKSSGSATKRGLSKTISVLNHTITFTDHVLNGQTLSNGTSSNFVTIGFSGYAVHDTIKRDGAAELNFVGYTTEHGTHISTSSVHNVSMLIDQIVAAVPGVPDIGGNASALSLQRRSQEFATSWISMTYDQSYGDLAQNWQNDEGGAGNFDSYAEEELQNFFSDNRDWKYCFAAEDTKNGEPLDYDDIPGDGAGTGSAFKSEIYFNTYGGIDNYCNDEHIGAQNTGDGR","MNRSYTDDMNSSPPNYLTTRTFRIVRLFAIIFALLLVAYSLFLSTLKTGAIPDHTSTAALVRRARWSFATGLGLGGFVIAAAAYATPYWVAAICIASTGGVCSPIAGAVLATSTVIVAAVLVGKSSGSATKRGLSKTISVLNHTITFTDHVLNGQTLSNGTSSNFVTIGFSGYAVHDTIKRDGAAELNFVGYTTEHGTHISTSSVHNVSMLIDQIVAAVPGVPDIGGNASALSLQRRSQEFATSWISMTYDQSYGDLAQNWQNDEGGAGNFDSYAEEELQNFFSDNRDWKYCFAAEDTKNGEPLDYDDIPGDGAGTGSAFKSEIYFNTYGGIDNYCNDEHIGAQNTGDGR*","KHS",350,"yes","mutant",1
