"contig","filename","match_acc","match_description","eval","pid","ntlen","qstart","qend","sstart","send","qseq_nt","aaseq","aalst","gene","aalen","full","type","num_hits","File","Gene","Seq","Prot","Length","ORFMatch"
"AAA_6-10105","AAA_6.re.fa","CP004815","REGION: 543434..544486 KHS",0,89.564,1054,67367,68419,1,1053,"ATGAATAGATCATACACAGACGACATGAATAGCAGCCCTCCAAATTACTTGACAACAAGGACGTTTAGAATCGTTAGATTGTTTGCAATAATTTTTGCACTGCTTTTGGTAGCGTACTCATTATTTTTAAGCACACTTAGAACTGGAGCTATACCTGACCACGCCAACACTGCTGCTCTAGTACGGCGAGCTAGGTGATCATTTGCGACTGGATTAGGACTAGGAGGATTTTTAATTGCTGCAGCCGCTTATGCTACTCCTTACTGGGTCGCAGCAACCTGTATCGCATCCACTAGCGGAATATGTTCACCTATAGCTGGTGCTGTTTTAGCAACGTCAGCAGTTATAGTTGCAGCAGTTTTAGTGGGAAAGAGTTCTGGCTCAGCAACAAAGCGAGGGTTAAGTGAGACTATTAGTGTACTGAATCATACTATAACATTCACTGATCATGTGCTCAATGGGCAAACATTGTCTAATGGTACTGGTAGTAATTTTGTTACAATAGAGTTTAGTGGGTATGCAGTACATGACACTATTAAACGTGACGGTGCTGCTGAGATCAACTTTGTGAGGTATACTACGGAGCATGGAACCCACATCAGCACGAGTAGCGTACATAATGTGAGCATGCTCATCGATCAAATCGTGGCAGTGGTACCAGGGGTACCTGATATAAGTGGCAACGCTTCGGCCCTATCGTTACAGAGACACAGTCAAGAGTTCGCCACCTCATGGATATCAATGACATATAGTCAGAGTTATGGTGATCTGGCACAGAACTGGCAGAATGACGAAGGTGGAGCAGGAAATTTTGATTCTTATGCTGAAGAGAAGTTACAGAATTTCTTTTCAGGTAATAGGGATTGGAAATACTGCTTTGCTGCTGAGGACACGAAGAACGGTGAGCCACTTGATTACGATGACATACCTGGTGACGGTGCAGGCACGGGTTCGGCATTCAAGTCTGAGATATATTTTAACACTTACGGTGGTATAGATAATTATTGTAATGACGAGCATATCGGTGCTCAGAACACTGGAGATGGTCGATAA","MNRSYTDDMNSSPPNYLTTRTFRIVRLFAIIFALLLVAYSLFLSTLRTGAIPDHANTAALVRRAR",NA,"KHS",65,"no","truncated",1,"AAA_6.re.fa","KHS","ATGCTCATCGATCAAATCGTGGCAGTGGTACCAGGGGTACCTGATATAAGTGGCAACGCTTCGGCCCTATCGTTACAGAGACACAGTCAAGAGTTCGCCACCTCATGGATATCAATGACATATAGTCAGAGTTATGGTGATCTGGCACAGAACTGGCAGAATGACGAAGGTGGAGCAGGAAATTTTGATTCTTATGCTGAAGAGAAGTTACAGAATTTCTTTTCAGGTAATAGGGATTGGAAATACTGCTTTGCTGCTGAGGACACGAAGAACGGTGAGCCACTTGATTACGATGACATACCTGGTGACGGTGCAGGCACGGGTTCGGCATTCAAGTCTGAGATATATTTTAACACTTACGGTGGTATAGATAATTATTGTAATGACGAGCATATCGGTGCTCAGAACACTGGAGATGGTCGATAA","MLIDQIVAVVPGVPDISGNASALSLQRHSQEFATSWISMTYSQSYGDLAQNWQNDEGGAGNFDSYAEEKLQNFFSGNRDWKYCFAAEDTKNGEPLDYDDIPGDGAGTGSAFKSEIYFNTYGGIDNYCNDEHIGAQNTGDGR",141,"Mismatch"
"AAB_6-11777","AAB_6.re.fa","CP004815","REGION: 543434..544486 KHS",0,99.905,1053,4309,5361,1053,1,"ATGAATAGATCATACACAGACGACATGAATAGCAGCTCTCCAAATTACCTGACAACAAGGACGTTTAGAATCTTTAGATTGTTTGCAATAATTTTTGCACTGCTTTTGATAGCGTACTCTTTATTTCTGAGCACTCTAAAAACAGGCTCTATACCTGATCGTGCCAACACTGTTACTTTAATGCGCCGTGCCAGGTGGTCATTTGGGACTGGATTAGGACTAGGAGGATTTGTAATTGCTGCAGCCGCTTATGCTACTCCTTACTGGGTCGCAGCAATCTGTCTCGCAACTGCTAGCGAGGTGTGTGCACCTATAGCTGGTGCTGTTTTGGCGACAGCAGCGGTTATTGTCGCAGCAGTTTTAGTGGGAAAGAGTTCGGGCTCGGCAACAAAGCGAGGGTTAACTAAGACTATTAGCGTACTGAATCATACCATAACATTCACCGATCATATACTCAATGGTCAGACGTTGTCTAATGGTACTGGTAGTAATTTTGTTACAATAGGATTCAGCGGGTATGCAGTACATGACACTATCAAACGTGACAGCACTACTGATATCAATTTCGTGGGATATACCACAGAGCATGGAACCCACATTAGCACGAGTAGCGTACATAATGTGAGCAGTCTCATCGATAAAATTGTGGCAGCGGTACCAGGGGTCCCTGATACAGGTGGTAATGCTTCTGCTCTATCGTTTCAGAAACGCAGTCAGGAGTTCGCTACCTCATGGATATCAATGACATATGATCAGAGTTATGGTGACCTTGCGCAAACGTGGCAAAATGACGAAGGCGGAGCAGGAAATTTTGATTCTTATGCGGAAGAGGAGTTACAGAATTTCTTTTCAGGTAATAGAGACTGGAAGTACTGCTTTGCTGCTGAGGACACGAAGAGTGGTGAGCCAATTGATTACGATGACATACCTGGTGACGGTCCAGGCACGGGTTCGGCATTCAAATCGGAGATATATTTCAACACTTACGGTGGTATAGATAATTATTGTAATGACGAGCATATCGGTGCTCAGAACACTGGAGATGGTCGATAA","MNRSYTDDMNSSSPNYLTTRTFRIFRLFAIIFALLLIAYSLFLSTLKTGSIPDRANTVTLMRRARWSFGTGLGLGGFVIAAAAYATPYWVAAICLATASEVCAPIAGAVLATAAVIVAAVLVGKSSGSATKRGLTKTISVLNHTITFTDHILNGQTLSNGTGSNFVTIGFSGYAVHDTIKRDSTTDINFVGYTTEHGTHISTSSVHNVSSLIDKIVAAVPGVPDTGGNASALSFQKRSQEFATSWISMTYDQSYGDLAQTWQNDEGGAGNFDSYAEEELQNFFSGNRDWKYCFAAEDTKSGEPIDYDDIPGDGPGTGSAFKSEIYFNTYGGIDNYCNDEHIGAQNTGDGR","MNRSYTDDMNSSSPNYLTTRTFRIFRLFAIIFALLLIAYSLFLSTLKTGSIPDRANTVTLMRRARWSFGTGLGLGGFVIAAAAYATPYWVAAICLATASEVCAPIAGAVLATAAVIVAAVLVGKSSGSATKRGLTKTISVLNHTITFTDHILNGQTLSNGTGSNFVTIGFSGYAVHDTIKRDSTTDINFVGYTTEHGTHISTSSVHNVSSLIDKIVAAVPGVPDTGGNASALSFQKRSQEFATSWISMTYDQSYGDLAQTWQNDEGGAGNFDSYAEEELQNFFSGNRDWKYCFAAEDTKSGEPIDYDDIPGDGPGTGSAFKSEIYFNTYGGIDNYCNDEHIGAQNTGDGR*","KHS",350,"yes","mutant",1,"AAB_6.re.fa","KHS","ATGAATAGATCATACACAGACGACATGAATAGCAGCTCTCCAAATTACCTGACAACAAGGACGTTTAGAATCTTTAGATTGTTTGCAATAATTTTTGCACTGCTTTTGATAGCGTACTCTTTATTTCTGAGCACTCTAAAAACAGGCTCTATACCTGATCGTGCCAACACTGTTACTTTAATGCGCCGTGCCAGGTGGTCATTTGGGACTGGATTAGGACTAGGAGGATTTGTAATTGCTGCAGCCGCTTATGCTACTCCTTACTGGGTCGCAGCAATCTGTCTCGCAACTGCTAGCGAGGTGTGTGCACCTATAGCTGGTGCTGTTTTGGCGACAGCAGCGGTTATTGTCGCAGCAGTTTTAGTGGGAAAGAGTTCGGGCTCGGCAACAAAGCGAGGGTTAACTAAGACTATTAGCGTACTGAATCATACCATAACATTCACCGATCATATACTCAATGGTCAGACGTTGTCTAATGGTACTGGTAGTAATTTTGTTACAATAGGATTCAGCGGGTATGCAGTACATGACACTATCAAACGTGACAGCACTACTGATATCAATTTCGTGGGATATACCACAGAGCATGGAACCCACATTAGCACGAGTAGCGTACATAATGTGAGCAGTCTCATCGATAAAATTGTGGCAGCGGTACCAGGGGTCCCTGATACAGGTGGTAATGCTTCTGCTCTATCGTTTCAGAAACGCAGTCAGGAGTTCGCTACCTCATGGATATCAATGACATATGATCAGAGTTATGGTGACCTTGCGCAAACGTGGCAAAATGACGAAGGCGGAGCAGGAAATTTTGATTCTTATGCGGAAGAGGAGTTACAGAATTTCTTTTCAGGTAATAGAGACTGGAAGTACTGCTTTGCTGCTGAGGACACGAAGAGTGGTGAGCCAATTGATTACGATGACATACCTGGTGACGGTCCAGGCACGGGTTCGGCATTCAAATCGGAGATATATTTCAACACTTACGGTGGTATAGATAATTATTGTAATGACGAGCATATCGGTGCTCAGAACACTGGAGATGGTCGATAA","MNRSYTDDMNSSSPNYLTTRTFRIFRLFAIIFALLLIAYSLFLSTLKTGSIPDRANTVTLMRRARWSFGTGLGLGGFVIAAAAYATPYWVAAICLATASEVCAPIAGAVLATAAVIVAAVLVGKSSGSATKRGLTKTISVLNHTITFTDHILNGQTLSNGTGSNFVTIGFSGYAVHDTIKRDSTTDINFVGYTTEHGTHISTSSVHNVSSLIDKIVAAVPGVPDTGGNASALSFQKRSQEFATSWISMTYDQSYGDLAQTWQNDEGGAGNFDSYAEEELQNFFSGNRDWKYCFAAEDTKSGEPIDYDDIPGDGPGTGSAFKSEIYFNTYGGIDNYCNDEHIGAQNTGDGR",350,"Match"
"AAB_6-11822","AAB_6.re.fa","D00905","KHR (orf only)",0,99.888,891,97970,98860,891,1,"ATGGGCCACTTAGCGATCCTTTTCAGTATTATCGCTGTATGGAATATAGCTACAGCTGTTGCATCGAGCGACAGCATTTACCTTAAGGGACACAGAGTAGGACAGGATATCGACAGTCTATACAGAGTGTACGATAATGGTACTATGTACCCTGTCACTTTCAATGAGTGGTTAAATGATCTAACTGGGATGAATGACTTGGCAACAAATAACGCGACAATATTAAAACGTGACAGTAGCGATGTTTCTTGCGTTAATGAAACATGCCAATACGTGGATTACCACGTGGATGACGAAGGAGTTATAACTATAGACATATCTACGTATCGTATCCCTGTCGAATGGGATAATGGTTCTGCAGGCAACGCATCATATGGAGTCTCAAAGCGTGATACAAAATATGAGACATTCTGTAAGAAGAAAATATGCGGTATAAACGTTTCCGGTTTCTGTAACGCGTATGACTTCGCCGTTCCTGCGTTCGACTTCGGTGGCAATGTCTACAACCTTGTTAGTGGTATCACTGATAGGATTAAAGAAGCTACGAAGAGGGATAAGACTGAATGTCTAGGTTACGAACTAGATCATGTGAGAATAGATCCTGCTGTTGATTGGTCCATATTTATTTCTACTTGGAAACAAGGGTCGGCCAATTGTGACACACAGGCATCTGCTGACAGCTTGAAATGTGCTGCCCAAAAAGCACTTGAAAGTGAACACAATCACCAAAAAACAGCTTTCTGTATTCACCTAGATAATGGTGGATCATTTAACTTAGACATTAGGCTAATATCTGAGCTTTCATTTTCGAAATATAACCCATGGGCTCTTCCATGTCCGAAGGACAAAGGCTCCAATTCTTGGCAAGTTGTGAGCGACTGTTTTCAATAA","MGHLAILFSIIAVWNIATAVASSDSIYLKGHRVGQDIDSLYRVYDNGTMYPVTFNEWLNDLTGMNDLATNNATILKRDSSDVSCVNETCQYVDYHVDDEGVITIDISTYRIPVEWDNGSAGNASYGVSKRDTKYETFCKKKICGINVSGFCNAYDFAVPAFDFGGNVYNLVSGITDRIKEATKRDKTECLGYELDHVRIDPAVDWSIFISTWKQGSANCDTQASADSLKCAAQKALESEHNHQKTAFCIHLDNGGSFNLDIRLISELSFSKYNPWALPCPKDKGSNSWQVVSDCFQ","MGHLAILFSIIAVWNIATAVASSDSIYLKGHRVGQDIDSLYRVYDNGTMYPVTFNEWLNDLTGMNDLATNNATILKRDSSDVSCVNETCQYVDYHVDDEGVITIDISTYRIPVEWDNGSAGNASYGVSKRDTKYETFCKKKICGINVSGFCNAYDFAVPAFDFGGNVYNLVSGITDRIKEATKRDKTECLGYELDHVRIDPAVDWSIFISTWKQGSANCDTQASADSLKCAAQKALESEHNHQKTAFCIHLDNGGSFNLDIRLISELSFSKYNPWALPCPKDKGSNSWQVVSDCFQ*","KHR",296,"yes","canonical",1,"AAB_6.re.fa","KHR","ATGGGCCACTTAGCGATCCTTTTCAGTATTATCGCTGTATGGAATATAGCTACAGCTGTTGCATCGAGCGACAGCATTTACCTTAAGGGACACAGAGTAGGACAGGATATCGACAGTCTATACAGAGTGTACGATAATGGTACTATGTACCCTGTCACTTTCAATGAGTGGTTAAATGATCTAACTGGGATGAATGACTTGGCAACAAATAACGCGACAATATTAAAACGTGACAGTAGCGATGTTTCTTGCGTTAATGAAACATGCCAATACGTGGATTACCACGTGGATGACGAAGGAGTTATAACTATAGACATATCTACGTATCGTATCCCTGTCGAATGGGATAATGGTTCTGCAGGCAACGCATCATATGGAGTCTCAAAGCGTGATACAAAATATGAGACATTCTGTAAGAAGAAAATATGCGGTATAAACGTTTCCGGTTTCTGTAACGCGTATGACTTCGCCGTTCCTGCGTTCGACTTCGGTGGCAATGTCTACAACCTTGTTAGTGGTATCACTGATAGGATTAAAGAAGCTACGAAGAGGGATAAGACTGAATGTCTAGGTTACGAACTAGATCATGTGAGAATAGATCCTGCTGTTGATTGGTCCATATTTATTTCTACTTGGAAACAAGGGTCGGCCAATTGTGACACACAGGCATCTGCTGACAGCTTGAAATGTGCTGCCCAAAAAGCACTTGAAAGTGAACACAATCACCAAAAAACAGCTTTCTGTATTCACCTAGATAATGGTGGATCATTTAACTTAGACATTAGGCTAATATCTGAGCTTTCATTTTCGAAATATAACCCATGGGCTCTTCCATGTCCGAAGGACAAAGGCTCCAATTCTTGGCAAGTTGTGAGCGACTGTTTTCAATAA","MGHLAILFSIIAVWNIATAVASSDSIYLKGHRVGQDIDSLYRVYDNGTMYPVTFNEWLNDLTGMNDLATNNATILKRDSSDVSCVNETCQYVDYHVDDEGVITIDISTYRIPVEWDNGSAGNASYGVSKRDTKYETFCKKKICGINVSGFCNAYDFAVPAFDFGGNVYNLVSGITDRIKEATKRDKTECLGYELDHVRIDPAVDWSIFISTWKQGSANCDTQASADSLKCAAQKALESEHNHQKTAFCIHLDNGGSFNLDIRLISELSFSKYNPWALPCPKDKGSNSWQVVSDCFQ",296,"Match"
"AAC_6-18699","AAC_6.re.fa","D00905","KHR (orf only)",0,99.888,891,6997,7887,891,1,"ATGGGCCACTTAGCGATCCTTTTCAGTATTATCGCTGTATGGAATATAGCTACAGCTGTTGCATCGAGCGACAGCATTTACCTTAAGGGACACAGAGTAGGACAGGATATCGACAGTCTATACAGAGTGTACGATAATGGTACTATGTACCCTGTCACTTTCAATGAGTGGTTAAATGATCTAACTGGGATGAATGACTTGGCAACAAATAACGCGACAATATTAAAACGTGACAGTAGCGATGTTTCTTGCGTTAATGAAACATGCCAATACGTGGATTACCACGTGGATGACGAAGGAGTTATAACTATAGACATATCTACGTATCGTATCCCTGTCGAATGGGATAATGGTTCTGCAGGCAACGCATCATATGGAGTCTCAAAGCGTGATACAAAATATGAGACATTCTGTAAGAAGAAAATATGCGGTATAAACGTTTCCGGTTTCTGTAACGCGTATGACTTCGCCGTTCCTGCTTTCGACTTCGGTGGCAATGTCTACAACCTTGTTAGTGGTATCATTGATAGGATTAAAGAAGCTACGAAGAGGGATAAGACTGAATGTCTAGGTTACGAACTAGATCATGTGAGAATAGATCCTGCTGTTGATTGGTCCATATTTATTTCTACTTGGAAACAAGGGTCGGCCAATTGTGACACACAGGCATCTGCTGACAGCTTGAAATGTGCTGCCCAAAAAGCACTTGAAAGTGAACACAATCACCAAAAAACAGCTTTCTGTATTCACCTAGATAATGGTGGATCATTTAACTTAGACATTAGGCTAATATCTGAGCTTTCATTTTCGAAATATAACCCATGGGCTCTTCCATGTCCGAAGGACAAAGGCTCCAATTCTTGGCAAGTTGTGAGCGACTGTTTTCAATAA","MGHLAILFSIIAVWNIATAVASSDSIYLKGHRVGQDIDSLYRVYDNGTMYPVTFNEWLNDLTGMNDLATNNATILKRDSSDVSCVNETCQYVDYHVDDEGVITIDISTYRIPVEWDNGSAGNASYGVSKRDTKYETFCKKKICGINVSGFCNAYDFAVPAFDFGGNVYNLVSGIIDRIKEATKRDKTECLGYELDHVRIDPAVDWSIFISTWKQGSANCDTQASADSLKCAAQKALESEHNHQKTAFCIHLDNGGSFNLDIRLISELSFSKYNPWALPCPKDKGSNSWQVVSDCFQ","MGHLAILFSIIAVWNIATAVASSDSIYLKGHRVGQDIDSLYRVYDNGTMYPVTFNEWLNDLTGMNDLATNNATILKRDSSDVSCVNETCQYVDYHVDDEGVITIDISTYRIPVEWDNGSAGNASYGVSKRDTKYETFCKKKICGINVSGFCNAYDFAVPAFDFGGNVYNLVSGIIDRIKEATKRDKTECLGYELDHVRIDPAVDWSIFISTWKQGSANCDTQASADSLKCAAQKALESEHNHQKTAFCIHLDNGGSFNLDIRLISELSFSKYNPWALPCPKDKGSNSWQVVSDCFQ*","KHR",296,"yes","mutant",1,"AAC_6.re.fa","KHR","ATGGGCCACTTAGCGATCCTTTTCAGTATTATCGCTGTATGGAATATAGCTACAGCTGTTGCATCGAGCGACAGCATTTACCTTAAGGGACACAGAGTAGGACAGGATATCGACAGTCTATACAGAGTGTACGATAATGGTACTATGTACCCTGTCACTTTCAATGAGTGGTTAAATGATCTAACTGGGATGAATGACTTGGCAACAAATAACGCGACAATATTAAAACGTGACAGTAGCGATGTTTCTTGCGTTAATGAAACATGCCAATACGTGGATTACCACGTGGATGACGAAGGAGTTATAACTATAGACATATCTACGTATCGTATCCCTGTCGAATGGGATAATGGTTCTGCAGGCAACGCATCATATGGAGTCTCAAAGCGTGATACAAAATATGAGACATTCTGTAAGAAGAAAATATGCGGTATAAACGTTTCCGGTTTCTGTAACGCGTATGACTTCGCCGTTCCTGCTTTCGACTTCGGTGGCAATGTCTACAACCTTGTTAGTGGTATCATTGATAGGATTAAAGAAGCTACGAAGAGGGATAAGACTGAATGTCTAGGTTACGAACTAGATCATGTGAGAATAGATCCTGCTGTTGATTGGTCCATATTTATTTCTACTTGGAAACAAGGGTCGGCCAATTGTGACACACAGGCATCTGCTGACAGCTTGAAATGTGCTGCCCAAAAAGCACTTGAAAGTGAACACAATCACCAAAAAACAGCTTTCTGTATTCACCTAGATAATGGTGGATCATTTAACTTAGACATTAGGCTAATATCTGAGCTTTCATTTTCGAAATATAACCCATGGGCTCTTCCATGTCCGAAGGACAAAGGCTCCAATTCTTGGCAAGTTGTGAGCGACTGTTTTCAATAA","MGHLAILFSIIAVWNIATAVASSDSIYLKGHRVGQDIDSLYRVYDNGTMYPVTFNEWLNDLTGMNDLATNNATILKRDSSDVSCVNETCQYVDYHVDDEGVITIDISTYRIPVEWDNGSAGNASYGVSKRDTKYETFCKKKICGINVSGFCNAYDFAVPAFDFGGNVYNLVSGIIDRIKEATKRDKTECLGYELDHVRIDPAVDWSIFISTWKQGSANCDTQASADSLKCAAQKALESEHNHQKTAFCIHLDNGGSFNLDIRLISELSFSKYNPWALPCPKDKGSNSWQVVSDCFQ",296,"Match"
"AAC_6-18717","AAC_6.re.fa","CP004815","REGION: 543434..544486 KHS",0,89.564,1054,67143,68195,1,1053,"ATGAATAGATCATACACAGACGACATGAATAGCAGCCCTCCAAATTACTTGACAACAAGGACGTTTAGAATCGTTAGATTGTTTGCAATAATTTTTGCACTGCTTTTGGTAGCGTACTCATTATTTTTAAGCACACTTAGAACTGGAGCTATACCTGACCACGTCAACACTGCTGCTCTAGTACGGCGAGCTAGGTGATCATTTGCGACTGGATTAGGACTAGGAGGATTTTTAATTGCTGCAGCCGCTTATGCTACTCCTTACTGGGTCGCAGCAACCTGTATCGCATCCACTAGCGGAATATGTTCACCTATAGCTGGTGCTGTTTTAGCAACGTCAGCAGTTATAGTTGCAGCAGTTTTAGTGGGAAAGAGTTCTGGCTCAGCAACAAAGCGAGGGTTAAGTGAGACTATTAGTGTACTGAATCATACTATAACATTCACTGATCATGTGCTCAATGGGCAAACATTGTCTAATGGTACTGGTAGTAATTTTGTTACAATAGAGTTTAGTGGGTATGCAGTACATGACACTATTAAACGTGGCGGTGCTGCTGAGATCAACTTTGTGGGGTATACTACGGAGCATGGAACCCACATCAGCACGAGTAGCGTACATAATGTGAGCATGCTCATCGATCAAATCGTGGCAGTGGTACCAGGGGTACCTGATATAAGTGGCAACGCTTCGGCCCTATCGTTACAGAGACGCAGTCAAGAGTTCGCCACCTCATGGATATCAATGACATATAGTCAGAGTTATGGTGATCTGGCACAGAACTGGCAGAATGACGAAGGTGGAGCAGGAAATTTTGATTCTTATGCTGAAGAGAAGTTACAGAATTTCTTTTCAGGTAATAGGGATTGGAAATACTGCTTTGCTGCTGAGGACACGAAGAACGGTGAGCCACTTGATTACGATGACATACCTGGTGACGGTGCAGGCACGGGTTCGGCATTCAAGTCTGAGATATATTTTAACACTTACGGTGGTATAGATAATTATTGTAATGACGAGCATATCGGTGCTCAGAACACTGGAGATGGTCGATAA","MNRSYTDDMNSSPPNYLTTRTFRIVRLFAIIFALLLVAYSLFLSTLRTGAIPDHVNTAALVRRAR",NA,"KHS",65,"no","truncated",1,"AAC_6.re.fa","KHS","ATGCTCATCGATCAAATCGTGGCAGTGGTACCAGGGGTACCTGATATAAGTGGCAACGCTTCGGCCCTATCGTTACAGAGACGCAGTCAAGAGTTCGCCACCTCATGGATATCAATGACATATAGTCAGAGTTATGGTGATCTGGCACAGAACTGGCAGAATGACGAAGGTGGAGCAGGAAATTTTGATTCTTATGCTGAAGAGAAGTTACAGAATTTCTTTTCAGGTAATAGGGATTGGAAATACTGCTTTGCTGCTGAGGACACGAAGAACGGTGAGCCACTTGATTACGATGACATACCTGGTGACGGTGCAGGCACGGGTTCGGCATTCAAGTCTGAGATATATTTTAACACTTACGGTGGTATAGATAATTATTGTAATGACGAGCATATCGGTGCTCAGAACACTGGAGATGGTCGATAA","MLIDQIVAVVPGVPDISGNASALSLQRRSQEFATSWISMTYSQSYGDLAQNWQNDEGGAGNFDSYAEEKLQNFFSGNRDWKYCFAAEDTKNGEPLDYDDIPGDGAGTGSAFKSEIYFNTYGGIDNYCNDEHIGAQNTGDGR",141,"Mismatch"
"AAD_6-5651","AAD_6.re.fa","CP004815","REGION: 543434..544486 KHS",0,89.658,1054,66874,67926,1,1053,"ATGAATAGATCATACACAGACGACATGAATAGCAGCCCTCCAAATTACTTGACAACAAGGACGTTTAGAATCGTTAGATTGTTTGCAATAATTTTTGCACTGCTTTTGGTAGCGTACTCATTATTTTTAAGCACACTTAGAACTGGAGCTATACCTGACCGCGCCAACACTGCTGCTCTAGTACGGCGAGCTAGGTGATCATTTGCGACTGGATTAGGACTAGGAGGATTTTTAATTGCTGCAGCCGCTTATGCTACTCCTTACTGGGTCGCAGCAACCTGTATCGCATCCACTAGCGGAATATGTTCACCTATAGCTGGTGCTGTTTTAGCAACTTCAGCAGTTATAGTTGCAGCAGTTTTAGTGGGAAAGAGTTCTGGCTCAGCAACAAAGCGAGGGTTAAGTGAGACTATTAATGTACTGAATCATACTATAACACTCACTGATCATGTGCTCAATGGGCAAACATTGTCTAATGGTACTGGTAGTAATTTTGTTACAATAGAGTTTAGTGGGTATGCAGTACATGACACTATTAAACGTGACGGTGCTGCTGAGATCAACTTTGTGGGGTATACTACGGAGCATGGAACCCACATCAGCACGAGTAGCGTACATAATGTGAGCATGCTCATCGATCAAATCGTGGCAGCGGTACCAGGGGTACCTGATATAAGTGGCAACGCTTCGGCCCTATCGTTACAGAGACGCAGTCAAGAGTTCGCCACCTCATGGATATCAATGACATATAGTCAGAGTTATGGTGATCTGGCACAGAACTGGCAGAATGACGAAGGTGGAGCAGGAAATTTTGATTCTTATGCTGAAGAGAAGTTACAGAATTTCTTTTCAGGTAATAGGGATTGGAAATACTGCTTTGCTGCTGAGGACACGAAAAACGGTGAGCCACTTGATTACGATGACATACCTGGTGACGGTGCAGGCACGGGTTCGGCATTCAAGTCTGAGATATATTTTAACACTTACGGTGGTATAGATAATTATTGTAATGACGAGCATATCGGTGCTCAGAACACTGGAGATGGTCGATAA","MNRSYTDDMNSSPPNYLTTRTFRIVRLFAIIFALLLVAYSLFLSTLRTGAIPDRANTAALVRRAR",NA,"KHS",65,"no","truncated",1,"AAD_6.re.fa","KHS","ATGCTCATCGATCAAATCGTGGCAGCGGTACCAGGGGTACCTGATATAAGTGGCAACGCTTCGGCCCTATCGTTACAGAGACGCAGTCAAGAGTTCGCCACCTCATGGATATCAATGACATATAGTCAGAGTTATGGTGATCTGGCACAGAACTGGCAGAATGACGAAGGTGGAGCAGGAAATTTTGATTCTTATGCTGAAGAGAAGTTACAGAATTTCTTTTCAGGTAATAGGGATTGGAAATACTGCTTTGCTGCTGAGGACACGAAAAACGGTGAGCCACTTGATTACGATGACATACCTGGTGACGGTGCAGGCACGGGTTCGGCATTCAAGTCTGAGATATATTTTAACACTTACGGTGGTATAGATAATTATTGTAATGACGAGCATATCGGTGCTCAGAACACTGGAGATGGTCGATAA","MLIDQIVAAVPGVPDISGNASALSLQRRSQEFATSWISMTYSQSYGDLAQNWQNDEGGAGNFDSYAEEKLQNFFSGNRDWKYCFAAEDTKNGEPLDYDDIPGDGAGTGSAFKSEIYFNTYGGIDNYCNDEHIGAQNTGDGR",141,"Mismatch"
"AAD_6-5666","AAD_6.re.fa","D00905","KHR (orf only)",0,98.092,891,17813,18703,1,891,"ATGGGCCACTTAGCGATCCTTTTCAGTATTATCGCTGTATGGAATATAGCTACAGCTGTTGCATCGAGCGACAGCATTTACCTTAAGGGACACAGAGTAGGACAGGATATCGACAGTCTATACAGAGTGTACGATAATGGTACTATGTACCCTGTCACTTTCAATGAGTGGTTAAATGATCTAACTGGGATGAATGACTTGGCAACAAATAACGCGACAATATTAAAACGTGACAGTAGCGATGTTTCTTGCGTTAATGAAACATGCCAATACGTGGATTACCACGTGGATGACGAAGGAGTTATAACTATAGACATATCTACGTATCGTATCCCTGTCGAATGGGATAATGGTTCTGCAGGCAACGCATCATATGGAGTCTCAAAGCGTGATACAAAATATGAGACATTCTGTAAGAAGAAAATATGCGGTATAAACGTTTCCGGTTTCTGTAACGCGTATGACTTCGCCGTTCCTGCTTTCGACTTCGGTGGCAATGTCTACAGCCTTGCTAGTGATATCATTGATAGGATTAAAGGCGCTACGAAGAGGGATAAGACCGAATGTCTACGTTACGAACTAGATCATGTGAGAATAGATCCTGCTGTTGATTGGTCTATATTTATTTCTACTTGGAAGCAAGGGCCGGCCAATTATGACACACAGGCATCTGCTGACAGCTTGAAATGTGCTGCCCAAAAAGCGCTTGAAAGTGAACACAATCACCAAAAAACAGCTTTCTGTATTCACCTAGATAATGGTGGATCGTTTAACTTAGACATTAGGCTAATATCTGAGCTTTCATTTTCGAAATATAACCCATGGGCTCTTCCATGTCCGAAGGACAAAGACTCAAATTCTTGGCAGGTTGTGAGCGACTGTTTTCAATAA","MGHLAILFSIIAVWNIATAVASSDSIYLKGHRVGQDIDSLYRVYDNGTMYPVTFNEWLNDLTGMNDLATNNATILKRDSSDVSCVNETCQYVDYHVDDEGVITIDISTYRIPVEWDNGSAGNASYGVSKRDTKYETFCKKKICGINVSGFCNAYDFAVPAFDFGGNVYSLASDIIDRIKGATKRDKTECLRYELDHVRIDPAVDWSIFISTWKQGPANYDTQASADSLKCAAQKALESEHNHQKTAFCIHLDNGGSFNLDIRLISELSFSKYNPWALPCPKDKDSNSWQVVSDCFQ","MGHLAILFSIIAVWNIATAVASSDSIYLKGHRVGQDIDSLYRVYDNGTMYPVTFNEWLNDLTGMNDLATNNATILKRDSSDVSCVNETCQYVDYHVDDEGVITIDISTYRIPVEWDNGSAGNASYGVSKRDTKYETFCKKKICGINVSGFCNAYDFAVPAFDFGGNVYSLASDIIDRIKGATKRDKTECLRYELDHVRIDPAVDWSIFISTWKQGPANYDTQASADSLKCAAQKALESEHNHQKTAFCIHLDNGGSFNLDIRLISELSFSKYNPWALPCPKDKDSNSWQVVSDCFQ*","KHR",296,"yes","mutant",1,"AAD_6.re.fa","KHR","ATGGGCCACTTAGCGATCCTTTTCAGTATTATCGCTGTATGGAATATAGCTACAGCTGTTGCATCGAGCGACAGCATTTACCTTAAGGGACACAGAGTAGGACAGGATATCGACAGTCTATACAGAGTGTACGATAATGGTACTATGTACCCTGTCACTTTCAATGAGTGGTTAAATGATCTAACTGGGATGAATGACTTGGCAACAAATAACGCGACAATATTAAAACGTGACAGTAGCGATGTTTCTTGCGTTAATGAAACATGCCAATACGTGGATTACCACGTGGATGACGAAGGAGTTATAACTATAGACATATCTACGTATCGTATCCCTGTCGAATGGGATAATGGTTCTGCAGGCAACGCATCATATGGAGTCTCAAAGCGTGATACAAAATATGAGACATTCTGTAAGAAGAAAATATGCGGTATAAACGTTTCCGGTTTCTGTAACGCGTATGACTTCGCCGTTCCTGCTTTCGACTTCGGTGGCAATGTCTACAGCCTTGCTAGTGATATCATTGATAGGATTAAAGGCGCTACGAAGAGGGATAAGACCGAATGTCTACGTTACGAACTAGATCATGTGAGAATAGATCCTGCTGTTGATTGGTCTATATTTATTTCTACTTGGAAGCAAGGGCCGGCCAATTATGACACACAGGCATCTGCTGACAGCTTGAAATGTGCTGCCCAAAAAGCGCTTGAAAGTGAACACAATCACCAAAAAACAGCTTTCTGTATTCACCTAGATAATGGTGGATCGTTTAACTTAGACATTAGGCTAATATCTGAGCTTTCATTTTCGAAATATAACCCATGGGCTCTTCCATGTCCGAAGGACAAAGACTCAAATTCTTGGCAGGTTGTGAGCGACTGTTTTCAATAA","MGHLAILFSIIAVWNIATAVASSDSIYLKGHRVGQDIDSLYRVYDNGTMYPVTFNEWLNDLTGMNDLATNNATILKRDSSDVSCVNETCQYVDYHVDDEGVITIDISTYRIPVEWDNGSAGNASYGVSKRDTKYETFCKKKICGINVSGFCNAYDFAVPAFDFGGNVYSLASDIIDRIKGATKRDKTECLRYELDHVRIDPAVDWSIFISTWKQGPANYDTQASADSLKCAAQKALESEHNHQKTAFCIHLDNGGSFNLDIRLISELSFSKYNPWALPCPKDKDSNSWQVVSDCFQ",296,"Match"
"AAE_6-6655","AAE_6.re.fa","CP004815","REGION: 543434..544486 KHS",0,89.564,1054,67142,68194,1,1053,"ATGAATAAATCATACACAGACGACATGAATAGCAGCCCTCCAAATTACTTGACAACAAGGACGTTTAGAATCGTTAGATTGTTTGCAATAATTTTTGCACTGCTTTTGGTAGCGTACTCATTATTTTTAAGCACACTTAGAACTGGAGCTATACCTGACCACGCCAACACTGCTGCTCTAGTACGGCGAGCTAGGTGATCATTTGCGACTGGATTAGGACTAGGAGGATTTTTAATTGCTGCAGCCGCTTATGCTACTCCTTACTGGGTCGCAGCAACCTGTATCGCATCCACTAGCGGAATATGTTCACCTATAGCTGGTGCTGTTTTAGCAACGTCAGCAGTTATAGTTGCAGCAGTTTTAGTGGGAAAGAGTTCTGGCTCAGCAACAAAGCGAGGGTTAAGTGAGACTATTAGTGTACTGAATCATACTATAACATTCACTGATCATGTGCTCAATGGGCAAACATTGTCTAATGGTACTGGTAGTAATTTTGTTACAATAGAGTTTAGTGGGTATGCAGTACATGACACTATTAAACGTGACGGTGCTGCTGAGATCAACTTTGTGAGGTATACTACGGAGCATGGAACCCACATCAGCACGAGTAGCGTACATAATGTGAGCATGCTCATCGATCAAATCGTGGCAGTGGTACCAGGGGTACCTGATATAAGTGGCAACGCTTCGGCCCTATCGTTACAGAGACGCAGTCAAGAGTTCGCCACCTCATGGATATCAATGACATATAGTCAGAGTTATGGTGATCTGGCACAGAACTGGCAGAATGACGAAGGTGGAGCAGGAAATTTTGATTCTTATGCTGAAGAGAAGTTACAGAATTTCTTTTCAGGTAATAGGGATTGGAAATACTGCTTTGCTGCTGAGGACACGAAGAACGGTGAGCCACTTGATTACGATGACATACCTGGTGACGGTGCAGGCACGGGTTCGGCATTCAAGTCTGAGATATATTTTAACACTTACGGTGGTATAGATAATTATTGTAATGACGAGCATATCGGTGCTCAGAACACTGGAGATGGTCGATAA","MNKSYTDDMNSSPPNYLTTRTFRIVRLFAIIFALLLVAYSLFLSTLRTGAIPDHANTAALVRRAR",NA,"KHS",65,"no","truncated",1,"AAE_6.re.fa","KHS","ATGCTCATCGATCAAATCGTGGCAGTGGTACCAGGGGTACCTGATATAAGTGGCAACGCTTCGGCCCTATCGTTACAGAGACGCAGTCAAGAGTTCGCCACCTCATGGATATCAATGACATATAGTCAGAGTTATGGTGATCTGGCACAGAACTGGCAGAATGACGAAGGTGGAGCAGGAAATTTTGATTCTTATGCTGAAGAGAAGTTACAGAATTTCTTTTCAGGTAATAGGGATTGGAAATACTGCTTTGCTGCTGAGGACACGAAGAACGGTGAGCCACTTGATTACGATGACATACCTGGTGACGGTGCAGGCACGGGTTCGGCATTCAAGTCTGAGATATATTTTAACACTTACGGTGGTATAGATAATTATTGTAATGACGAGCATATCGGTGCTCAGAACACTGGAGATGGTCGATAA","MLIDQIVAVVPGVPDISGNASALSLQRRSQEFATSWISMTYSQSYGDLAQNWQNDEGGAGNFDSYAEEKLQNFFSGNRDWKYCFAAEDTKNGEPLDYDDIPGDGAGTGSAFKSEIYFNTYGGIDNYCNDEHIGAQNTGDGR",141,"Mismatch"
"AAE_6-6680","AAE_6.re.fa","D00905","KHR (orf only)",0,99.888,891,89774,90664,891,1,"ATGGGCCACTTAGCGATCCTTTTCAGTATTATCGCTGTATGGAATATAGCTACAGCTGTTGCATCGAGCGACAGCATTTACCTTAAGGGACACAGAGTAGGACAGGATATCGACAGTCTATACAGAGTGTACGATAATGGTACTATGTACCCTGTCACTTTCAATGAGTGGTTAAATGATCTAACTGGGATGAATGACTTGGCAACAAATAACGCGACAATATTAAAACGTGACAGTAGCGATGTTTCTTGCGTTAATGAAACATGCCAATACGTGGATTACCACGTGGATGACGAAGGAGTTATAACTATAGACATATCTACGTATCGTATCCCTGTCGAATGGGATAATGGTTCTGCAGGCAACGCATCATATGGAGTCTCAAAGCGTGATACAAAATATGAGACATTCTGTAAGAAGAAAATATGCGGTATAAACGTTTCCGGTTTCTGTAACGCGTATGACTTCGCCGTTCCTGCTTTCGACTTCGGTGGCAATGTCTACAACCTTGTTAGTGGTATCACTGATAGGATTAAAGAAGCTACGAAGAGGGATAAGACTGAATGTCTAGGTTACGAACTAGATCATGTGAGAATAGATCCTGCTGTTGATTGGTCCATATTTATTTCTACTTGGAAACAAGGGTCGGCCAATTGTGACACACAGGCATCTGCTGACAGCTTGAAATGTGCTGCCCAAAAAGCACTTGAAAGTGAACACAATCACCAAAAAACAGCTTTCTGTATTCACCTAGATAATGGTGGATCATTTAACTTAGACATTAGGCTAATATCTGAGCTTTCATTTTCGAAATATAACCCATGGGCTCTTCCATGTCCGAAGGACAAAGGCTCCAATTCTTGGCAAGTTCTGAGCGACTGTTTTCAATAA","MGHLAILFSIIAVWNIATAVASSDSIYLKGHRVGQDIDSLYRVYDNGTMYPVTFNEWLNDLTGMNDLATNNATILKRDSSDVSCVNETCQYVDYHVDDEGVITIDISTYRIPVEWDNGSAGNASYGVSKRDTKYETFCKKKICGINVSGFCNAYDFAVPAFDFGGNVYNLVSGITDRIKEATKRDKTECLGYELDHVRIDPAVDWSIFISTWKQGSANCDTQASADSLKCAAQKALESEHNHQKTAFCIHLDNGGSFNLDIRLISELSFSKYNPWALPCPKDKGSNSWQVLSDCFQ","MGHLAILFSIIAVWNIATAVASSDSIYLKGHRVGQDIDSLYRVYDNGTMYPVTFNEWLNDLTGMNDLATNNATILKRDSSDVSCVNETCQYVDYHVDDEGVITIDISTYRIPVEWDNGSAGNASYGVSKRDTKYETFCKKKICGINVSGFCNAYDFAVPAFDFGGNVYNLVSGITDRIKEATKRDKTECLGYELDHVRIDPAVDWSIFISTWKQGSANCDTQASADSLKCAAQKALESEHNHQKTAFCIHLDNGGSFNLDIRLISELSFSKYNPWALPCPKDKGSNSWQVLSDCFQ*","KHR",296,"yes","mutant",1,"AAE_6.re.fa","KHR","ATGGGCCACTTAGCGATCCTTTTCAGTATTATCGCTGTATGGAATATAGCTACAGCTGTTGCATCGAGCGACAGCATTTACCTTAAGGGACACAGAGTAGGACAGGATATCGACAGTCTATACAGAGTGTACGATAATGGTACTATGTACCCTGTCACTTTCAATGAGTGGTTAAATGATCTAACTGGGATGAATGACTTGGCAACAAATAACGCGACAATATTAAAACGTGACAGTAGCGATGTTTCTTGCGTTAATGAAACATGCCAATACGTGGATTACCACGTGGATGACGAAGGAGTTATAACTATAGACATATCTACGTATCGTATCCCTGTCGAATGGGATAATGGTTCTGCAGGCAACGCATCATATGGAGTCTCAAAGCGTGATACAAAATATGAGACATTCTGTAAGAAGAAAATATGCGGTATAAACGTTTCCGGTTTCTGTAACGCGTATGACTTCGCCGTTCCTGCTTTCGACTTCGGTGGCAATGTCTACAACCTTGTTAGTGGTATCACTGATAGGATTAAAGAAGCTACGAAGAGGGATAAGACTGAATGTCTAGGTTACGAACTAGATCATGTGAGAATAGATCCTGCTGTTGATTGGTCCATATTTATTTCTACTTGGAAACAAGGGTCGGCCAATTGTGACACACAGGCATCTGCTGACAGCTTGAAATGTGCTGCCCAAAAAGCACTTGAAAGTGAACACAATCACCAAAAAACAGCTTTCTGTATTCACCTAGATAATGGTGGATCATTTAACTTAGACATTAGGCTAATATCTGAGCTTTCATTTTCGAAATATAACCCATGGGCTCTTCCATGTCCGAAGGACAAAGGCTCCAATTCTTGGCAAGTTCTGAGCGACTGTTTTCAATAA","MGHLAILFSIIAVWNIATAVASSDSIYLKGHRVGQDIDSLYRVYDNGTMYPVTFNEWLNDLTGMNDLATNNATILKRDSSDVSCVNETCQYVDYHVDDEGVITIDISTYRIPVEWDNGSAGNASYGVSKRDTKYETFCKKKICGINVSGFCNAYDFAVPAFDFGGNVYNLVSGITDRIKEATKRDKTECLGYELDHVRIDPAVDWSIFISTWKQGSANCDTQASADSLKCAAQKALESEHNHQKTAFCIHLDNGGSFNLDIRLISELSFSKYNPWALPCPKDKGSNSWQVLSDCFQ",296,"Match"
"AAG_6-7237","AAG_6.re.fa","D00905","KHR (orf only)",0,95.297,893,90180,91072,891,1,"ATGGGCCACTTAGCCGGATCCTTTTCGGTATTATCGCTGTATGGAATATAGCTACAGCTATTGCATCGAGCGACAGCATTTACCTTAAGGGACACAGAGTAGGACAGGATATCGACAGTCTATACAGAGTGTATGGTAATGGTACTATGTACCCCGTCACTTTCAATGAGTGGTTAAATAATCTAGCTGGGATGAATGACTCGGCAACAAATAACGCAACAATATTAAAATATGACAGTAGCGATGTTTCTTGCGTTAATGAAACATGCCAATACGTAGATTACCACGTGGATGACGAAGGAGTTATAACTATAGACATATCTACGTATCATATCCCTGTCAAATGGGATAATGATTCTGCAAGCAACGCATCATATGGAGTTTCAAAGTGTGATACAAAATATGAGACATTCTTTAAGAAGAAAATATGCGGTATAAACGTTTCCGGTTTCTGTAACGCGTATGACTTCGCCCTTCTTGCTTTCGACTTTGGTGGCAATGTCTACAGCCTTGCTAGTGGTATCATTGATAGGATTAAAGGCGCTACGAAGAGGGATAAGACTGAATGTCTAGGTTACGAACTAGATCATGTGAGAATAGATCCTGCTGTTGATTGGTCTATATTTATTTCTACTTGGAAGCAAGGGCCGGCCAATTATGACACACAGGCATCTGCTGACAGCTTGAAATGTGCTGCCCAAAAAGCGCTTGAAAGTAAACACAATCACCAAAAAACGGCTTTCTGTATTCACCTAGATAATGGTGGATCGTTTAACTTAGACATTAGGCTAATATCTGAGCTTTCATTTTCGAAATATAACCCATGGGCTCTTCCATGTCAGAAGGACAAACACTCAAATTCTTGGCAGGTTGTGAGCGACTGTTTTCAATAA","MGHLAGSFSVLSLYGI",NA,"KHR",16,"no","truncated",1,"AAG_6.re.fa","KHR","ATGCCACGGAAAAAAAAATCGATACAAATAAGCACACATCATGGTCATGGGCCACTTAGCCGGATCCTTTTCGGTATTATCGCTGTATGGAATATAGCTACAGCTATTGCATCGAGCGACAGCATTTACCTTAAGGGACACAGAGTAGGACAGGATATCGACAGTCTATACAGAGTGTATGGTAATGGTACTATGTACCCCGTCACTTTCAATGAGTGGTTAAATAATCTAGCTGGGATGAATGACTCGGCAACAAATAACGCAACAATATTAAAATATGACAGTAGCGATGTTTCTTGCGTTAATGAAACATGCCAATACGTAGATTACCACGTGGATGACGAAGGAGTTATAACTATAGACATATCTACGTATCATATCCCTGTCAAATGGGATAATGATTCTGCAAGCAACGCATCATATGGAGTTTCAAAGTGTGATACAAAATATGAGACATTCTTTAAGAAGAAAATATGCGGTATAAACGTTTCCGGTTTCTGTAACGCGTATGACTTCGCCCTTCTTGCTTTCGACTTTGGTGGCAATGTCTACAGCCTTGCTAGTGGTATCATTGATAGGATTAAAGGCGCTACGAAGAGGGATAAGACTGAATGTCTAGGTTACGAACTAGATCATGTGAGAATAGATCCTGCTGTTGATTGGTCTATATTTATTTCTACTTGGAAGCAAGGGCCGGCCAATTATGACACACAGGCATCTGCTGACAGCTTGAAATGTGCTGCCCAAAAAGCGCTTGAAAGTAAACACAATCACCAAAAAACGGCTTTCTGTATTCACCTAGATAATGGTGGATCGTTTAACTTAGACATTAGGCTAATATCTGAGCTTTCATTTTCGAAATATAACCCATGGGCTCTTCCATGTCAGAAGGACAAACACTCAAATTCTTGGCAGGTTGTGAGCGACTGTTTTCAATAA","MPRKKKSIQISTHHGHGPLSRILFGIIAVWNIATAIASSDSIYLKGHRVGQDIDSLYRVYGNGTMYPVTFNEWLNNLAGMNDSATNNATILKYDSSDVSCVNETCQYVDYHVDDEGVITIDISTYHIPVKWDNDSASNASYGVSKCDTKYETFFKKKICGINVSGFCNAYDFALLAFDFGGNVYSLASGIIDRIKGATKRDKTECLGYELDHVRIDPAVDWSIFISTWKQGPANYDTQASADSLKCAAQKALESKHNHQKTAFCIHLDNGGSFNLDIRLISELSFSKYNPWALPCQKDKHSNSWQVVSDCFQ",312,"Mismatch"
"AAG_6-7289","AAG_6.re.fa","CP004815","REGION: 543434..544486 KHS",0,89.469,1054,67431,68483,1,1053,"ATGAATAGATCATACACAGACGACATGAATAGCAGCCCTCCAAATTACTTGACAACAAGGACGTTTAGAATCGTTAGATTGTTTGCAATAATTTTTGCACTGCTTTTGGTAGCGTACTCATTATTTTTAAGCACACTTAGAACTGGAGCTATACCTGACCGCGCCAACACTGCTGCTCTAGTACGGCGAGCTAGGTAATCATTTGCGACTGGATTAGGACTAGGAGGATTTTTAATTGCTGCAGCCGCTTATGCTACTCCTTACTGGGTCGCAGCAACCTGTATCGCATCCACTAGCGGAATATGTTCACCTATAGCTGGTGCTGTTTTAGCAACGTCAGCAGTTATAGTTGCAGCAGTTTTAGTGGGAAAGAGTTCTGGCTCAGCAACAAAGCGAGGGTTAAGTGAGACTATTAGTGTACTGAATCATACTATAACATTCACTGATCATGTGCTCAATGGGCAAACATTGTCTAATGGTACTGGTAGTAATTTTGTTACAATAGAGTTTAGTGGGTATGCAGTACATGACACTATTAAACGTGACGGTGCTGCTGAGATCAACTTTGTGGGGTATACTACGGAGCATGGAACCCACATCAGCACGAGTAGCGTACATAATGTGAGCATGCTCATCGATCAAATCGTGGCAGCGGTACCAGGGGTACCTGATATAAGTGGCAACGCTTCGGCCCTATCGTTACAGAGACGCAGTCAAGAGTTCGCCACCTCATGGATATCAATGAGATATATTCAGAGTTATGGTGATCTGGCACAGAACTGGCAGAATGACGAAGGTGGAGCAGGAAATTTTGATTCTTATGCTGAAGAGAAGTTACAGAGTTTCTTTTCAGGTAATAGGGATTGGAAATACTGCTTTGCTGCTGAGGACACGAAGAACGGTGAGCCACTTGATTACGATGACATACCTGGTGACGGTGCAGGCACGGGTTCGGCATTCAAGTCTGAGATATATTTTTACACTTACGGTGGTATAGATAATTATTGTAATGACGAGCATATCGGTGCTCAGAACACTGGTGATGGTCGATAA","MNRSYTDDMNSSPPNYLTTRTFRIVRLFAIIFALLLVAYSLFLSTLRTGAIPDRANTAALVRRAR",NA,"KHS",65,"no","truncated",1,"AAG_6.re.fa","KHS","ATGCTCATCGATCAAATCGTGGCAGCGGTACCAGGGGTACCTGATATAAGTGGCAACGCTTCGGCCCTATCGTTACAGAGACGCAGTCAAGAGTTCGCCACCTCATGGATATCAATGAGATATATTCAGAGTTATGGTGATCTGGCACAGAACTGGCAGAATGACGAAGGTGGAGCAGGAAATTTTGATTCTTATGCTGAAGAGAAGTTACAGAGTTTCTTTTCAGGTAATAGGGATTGGAAATACTGCTTTGCTGCTGAGGACACGAAGAACGGTGAGCCACTTGATTACGATGACATACCTGGTGACGGTGCAGGCACGGGTTCGGCATTCAAGTCTGAGATATATTTTTACACTTACGGTGGTATAGATAATTATTGTAATGACGAGCATATCGGTGCTCAGAACACTGGTGATGGTCGATAA","MLIDQIVAAVPGVPDISGNASALSLQRRSQEFATSWISMRYIQSYGDLAQNWQNDEGGAGNFDSYAEEKLQSFFSGNRDWKYCFAAEDTKNGEPLDYDDIPGDGAGTGSAFKSEIYFYTYGGIDNYCNDEHIGAQNTGDGR",141,"Mismatch"
"AAH_6-5346","AAH_6.re.fa","CP004815","REGION: 543434..544486 KHS",0,99.905,1053,2278,3330,1053,1,"ATGAATAGATCATACACAGACGACATGAATAGCAGCTCTCCAAATTACCTGACAACAAGGACGTTTAGAATCTTTAGATTGTTTGCAATAATTTTTGCACTGCTTTTGATAGCGTACTCTTTATTTCTGAGCACTCTAAAAACAGGCTCTATACCTGATCGTGCCAACACTGTTACTTTAATGCGCCGTGCCAGGTGGTCATTTGGGACTGGATTAGGACTAGGAGGATTTGTAATTGCTGCAGCCGCTTATGCTACTCCTTACTGGGTCGCAGCAATCTGTCTCGCAACTGCTAGCGAGGTGTGTGCACCTATAGCTGGTGCTGTTTTGGCGACAGCAGCGGTTATTGTCGCAGCAGTTTTAGTGGGAAAGAGTTCGGGCTCGGCAACAAAGCGAGGGTTAACTAAGACTATTAGCGTACTGAATCATACCATAACATTCACCGATCATATACTCAATGGTCAGACGTTGTCTAATGGTACTGGTAGTAATTTTGTTACAATAGGATTCAGCGGGTATGCAGTACATGACACTATCAAACGTGACAGCACTACTGATATCAATTTCGTGGGATATACCACAGAGCATGGAACCCACATTAGCACGAGTAGCGTACATAATGTGAGCAGTCTCATCGATAAAATTGTGGCAGCGGTACCAGGGGTCCCTGATACAGGTGGTAATGCTTCTGCTCTATCGTTTCAGAAACGCAGTCAGGAGTTCGCTACCTCATGGATATCAATGACATATGATCAGAGTTATGGTGACCTTGCGCAAACGTGGCAAAATGACGAAGGCGGAGCAGGAAATTTTGATTCTTATGCGGAAGAGGAGTTACAGAATTTCTTTTCAGGTAATAGAGACTGGAAGTACTGCTTTGCTGCTGAGGACACGAAGAGTGGTGAGCCAATTGATTACGATGACATACCTGGTGACGGTCCAGGCACGGGTTCGGCATTCAAATCGGAGATATATTTCAACACTTACGGTGGTATAGATAATTATTGTAATGACGAGCATATCGGTGCTCAGAACACTGGAGATGGTCGATAA","MNRSYTDDMNSSSPNYLTTRTFRIFRLFAIIFALLLIAYSLFLSTLKTGSIPDRANTVTLMRRARWSFGTGLGLGGFVIAAAAYATPYWVAAICLATASEVCAPIAGAVLATAAVIVAAVLVGKSSGSATKRGLTKTISVLNHTITFTDHILNGQTLSNGTGSNFVTIGFSGYAVHDTIKRDSTTDINFVGYTTEHGTHISTSSVHNVSSLIDKIVAAVPGVPDTGGNASALSFQKRSQEFATSWISMTYDQSYGDLAQTWQNDEGGAGNFDSYAEEELQNFFSGNRDWKYCFAAEDTKSGEPIDYDDIPGDGPGTGSAFKSEIYFNTYGGIDNYCNDEHIGAQNTGDGR","MNRSYTDDMNSSSPNYLTTRTFRIFRLFAIIFALLLIAYSLFLSTLKTGSIPDRANTVTLMRRARWSFGTGLGLGGFVIAAAAYATPYWVAAICLATASEVCAPIAGAVLATAAVIVAAVLVGKSSGSATKRGLTKTISVLNHTITFTDHILNGQTLSNGTGSNFVTIGFSGYAVHDTIKRDSTTDINFVGYTTEHGTHISTSSVHNVSSLIDKIVAAVPGVPDTGGNASALSFQKRSQEFATSWISMTYDQSYGDLAQTWQNDEGGAGNFDSYAEEELQNFFSGNRDWKYCFAAEDTKSGEPIDYDDIPGDGPGTGSAFKSEIYFNTYGGIDNYCNDEHIGAQNTGDGR*","KHS",350,"yes","mutant",1,"AAH_6.re.fa","KHS","ATGAATAGATCATACACAGACGACATGAATAGCAGCTCTCCAAATTACCTGACAACAAGGACGTTTAGAATCTTTAGATTGTTTGCAATAATTTTTGCACTGCTTTTGATAGCGTACTCTTTATTTCTGAGCACTCTAAAAACAGGCTCTATACCTGATCGTGCCAACACTGTTACTTTAATGCGCCGTGCCAGGTGGTCATTTGGGACTGGATTAGGACTAGGAGGATTTGTAATTGCTGCAGCCGCTTATGCTACTCCTTACTGGGTCGCAGCAATCTGTCTCGCAACTGCTAGCGAGGTGTGTGCACCTATAGCTGGTGCTGTTTTGGCGACAGCAGCGGTTATTGTCGCAGCAGTTTTAGTGGGAAAGAGTTCGGGCTCGGCAACAAAGCGAGGGTTAACTAAGACTATTAGCGTACTGAATCATACCATAACATTCACCGATCATATACTCAATGGTCAGACGTTGTCTAATGGTACTGGTAGTAATTTTGTTACAATAGGATTCAGCGGGTATGCAGTACATGACACTATCAAACGTGACAGCACTACTGATATCAATTTCGTGGGATATACCACAGAGCATGGAACCCACATTAGCACGAGTAGCGTACATAATGTGAGCAGTCTCATCGATAAAATTGTGGCAGCGGTACCAGGGGTCCCTGATACAGGTGGTAATGCTTCTGCTCTATCGTTTCAGAAACGCAGTCAGGAGTTCGCTACCTCATGGATATCAATGACATATGATCAGAGTTATGGTGACCTTGCGCAAACGTGGCAAAATGACGAAGGCGGAGCAGGAAATTTTGATTCTTATGCGGAAGAGGAGTTACAGAATTTCTTTTCAGGTAATAGAGACTGGAAGTACTGCTTTGCTGCTGAGGACACGAAGAGTGGTGAGCCAATTGATTACGATGACATACCTGGTGACGGTCCAGGCACGGGTTCGGCATTCAAATCGGAGATATATTTCAACACTTACGGTGGTATAGATAATTATTGTAATGACGAGCATATCGGTGCTCAGAACACTGGAGATGGTCGATAA","MNRSYTDDMNSSSPNYLTTRTFRIFRLFAIIFALLLIAYSLFLSTLKTGSIPDRANTVTLMRRARWSFGTGLGLGGFVIAAAAYATPYWVAAICLATASEVCAPIAGAVLATAAVIVAAVLVGKSSGSATKRGLTKTISVLNHTITFTDHILNGQTLSNGTGSNFVTIGFSGYAVHDTIKRDSTTDINFVGYTTEHGTHISTSSVHNVSSLIDKIVAAVPGVPDTGGNASALSFQKRSQEFATSWISMTYDQSYGDLAQTWQNDEGGAGNFDSYAEEELQNFFSGNRDWKYCFAAEDTKSGEPIDYDDIPGDGPGTGSAFKSEIYFNTYGGIDNYCNDEHIGAQNTGDGR",350,"Match"
"AAH_6-5554","AAH_6.re.fa","D00905","KHR (orf only)",0,99.551,891,89784,90674,891,1,"ATGGGCCACTTAGCGATCCTTTTCAGTATTATCGCTGTATGGAATATAGCTACAGCTGTTGCATCGAGCGACAGCATTTACCTTAAGGGACACAGAGTAGGACAGGATATCGACAGTCTATACAGAGTGTACGATAATGGTACTATGTACCCTGTCACTTTCAATGAGTGGTTAAATGATCTAACTGGGATGAATGACTTGGCAACAAATAACGCGACAATATTAAAACGTGACAGTAGCGATGTTTCTTGCGTTAATGAAACATGCCAATACGTGGATTACCACGTGGATGACGAAGGAGTTATAACTATAGACATATCTACGTATCGTATCCCTGTCGAATGGGATAATGGTTCTGCAGGCAACGCATCATATGGAGTCTCAAAGCGTGATACAAAATATGAGACATTCTGTAAGAAGAAAATATGCGGTATAAACGTTTCCGGTTTCTGTAACGCGTATGACTTCGCCGTTCCTGCTTTCGACTTCGGTGGCAATGTCTACAGCCTTGCTAGTGATATCATTGATAGGATTAAAGAAGCTACGAAGAGGGATAAGACTGAATGTCTAGGTTACGAACTAGATCATGTGAGAATAGATCCTGCTGTTGATTGGTCCATATTTATTTCTACTTGGAAACAAGGGTCGGCCAATTGTGACACACAGGCATCTGCTGACAGCTTGAAATGTGCTGCCCAAAAAGCACTTGAAAGTGAACACAATCACCAAAAAACAGCTTTCTGTATTCACCTAGATAATGGTGGATCATTTAACTTAGACATTAGGCTAATATCTGAGCTTTCATTTTCGAAATATAACCCATGGGCTCTTCCATGTCCGAAGGACAAAGGCTCCAATTCTTGGCAAGTTGTGAGCGACTGTTTTCAATAA","MGHLAILFSIIAVWNIATAVASSDSIYLKGHRVGQDIDSLYRVYDNGTMYPVTFNEWLNDLTGMNDLATNNATILKRDSSDVSCVNETCQYVDYHVDDEGVITIDISTYRIPVEWDNGSAGNASYGVSKRDTKYETFCKKKICGINVSGFCNAYDFAVPAFDFGGNVYSLASDIIDRIKEATKRDKTECLGYELDHVRIDPAVDWSIFISTWKQGSANCDTQASADSLKCAAQKALESEHNHQKTAFCIHLDNGGSFNLDIRLISELSFSKYNPWALPCPKDKGSNSWQVVSDCFQ","MGHLAILFSIIAVWNIATAVASSDSIYLKGHRVGQDIDSLYRVYDNGTMYPVTFNEWLNDLTGMNDLATNNATILKRDSSDVSCVNETCQYVDYHVDDEGVITIDISTYRIPVEWDNGSAGNASYGVSKRDTKYETFCKKKICGINVSGFCNAYDFAVPAFDFGGNVYSLASDIIDRIKEATKRDKTECLGYELDHVRIDPAVDWSIFISTWKQGSANCDTQASADSLKCAAQKALESEHNHQKTAFCIHLDNGGSFNLDIRLISELSFSKYNPWALPCPKDKGSNSWQVVSDCFQ*","KHR",296,"yes","mutant",1,"AAH_6.re.fa","KHR","ATGGGCCACTTAGCGATCCTTTTCAGTATTATCGCTGTATGGAATATAGCTACAGCTGTTGCATCGAGCGACAGCATTTACCTTAAGGGACACAGAGTAGGACAGGATATCGACAGTCTATACAGAGTGTACGATAATGGTACTATGTACCCTGTCACTTTCAATGAGTGGTTAAATGATCTAACTGGGATGAATGACTTGGCAACAAATAACGCGACAATATTAAAACGTGACAGTAGCGATGTTTCTTGCGTTAATGAAACATGCCAATACGTGGATTACCACGTGGATGACGAAGGAGTTATAACTATAGACATATCTACGTATCGTATCCCTGTCGAATGGGATAATGGTTCTGCAGGCAACGCATCATATGGAGTCTCAAAGCGTGATACAAAATATGAGACATTCTGTAAGAAGAAAATATGCGGTATAAACGTTTCCGGTTTCTGTAACGCGTATGACTTCGCCGTTCCTGCTTTCGACTTCGGTGGCAATGTCTACAGCCTTGCTAGTGATATCATTGATAGGATTAAAGAAGCTACGAAGAGGGATAAGACTGAATGTCTAGGTTACGAACTAGATCATGTGAGAATAGATCCTGCTGTTGATTGGTCCATATTTATTTCTACTTGGAAACAAGGGTCGGCCAATTGTGACACACAGGCATCTGCTGACAGCTTGAAATGTGCTGCCCAAAAAGCACTTGAAAGTGAACACAATCACCAAAAAACAGCTTTCTGTATTCACCTAGATAATGGTGGATCATTTAACTTAGACATTAGGCTAATATCTGAGCTTTCATTTTCGAAATATAACCCATGGGCTCTTCCATGTCCGAAGGACAAAGGCTCCAATTCTTGGCAAGTTGTGAGCGACTGTTTTCAATAA","MGHLAILFSIIAVWNIATAVASSDSIYLKGHRVGQDIDSLYRVYDNGTMYPVTFNEWLNDLTGMNDLATNNATILKRDSSDVSCVNETCQYVDYHVDDEGVITIDISTYRIPVEWDNGSAGNASYGVSKRDTKYETFCKKKICGINVSGFCNAYDFAVPAFDFGGNVYSLASDIIDRIKEATKRDKTECLGYELDHVRIDPAVDWSIFISTWKQGSANCDTQASADSLKCAAQKALESEHNHQKTAFCIHLDNGGSFNLDIRLISELSFSKYNPWALPCPKDKGSNSWQVVSDCFQ",296,"Match"
"AAI_6-8813","AAI_6.re.fa","D00905","KHR (orf only)",0,99.663,891,24606,25496,1,891,"ATGGGTCACTTAGCGATCCTTTTCAGTATTATCGCTGTATGGAATATAGCTACAGCTGTTGCATCGAGCGACAGCATTTACCTTAAGGGACACAGAGTAGGACAGGATATCGACAGTCTATACAGAGTGTACGATAATGGTACTATGTACCCTGTCACTTTCAATGAGTGGTTAAATGATCTAACTGGGATGGATGACTTGGCAACAAATAACGCGACAATATTAAAACGTGACAGTAGCGATGTTTCTTGCGTTAATGAAACATGCCAATACGTGGATTACCACGTGGATGACGAAGGAGTTATAACTATAGACATATCTACGTATCGTATCCCTGTCGAATGGGATAATGGTTCTGCAGGCAACGCATCATATGGAGTCTCAAAGCGTGATACAAAATATGAGACATTCTGTAAGAAGAAAATATGCGGTATAAACATTTCCGGTTTCTGTAACGCGTATGACTTCGCCGTTCCTGCTTTCGACTTCGGTGGCAATGTCTACAACCTTGTTAGTGGTATCACTGATAGGATTAAAGAAGCTACGAAGAGGGATAAGACTGAATGTCTAGGTTACGAACTAGATCATGTGAGAATAGATCCTGCTGTTGATTGGTCCATATTTATTTCTACTTGGAAACAAGGGTCGGCCAATTGTGACACACAGGCATCTGCTGACAGCTTGAAATGTGCTGCCCAAAAAGCACTTGAAAGTGAACACAATCACCAAAAAACAGCTTTCTGTATTCACCTAGATAATGGTGGATCATTTAACTTAGACATTAGGCTAATATCTGAGCTTTCATTTTCGAAATATAACCCATGGGCTCTTCCATGTCCGAAGGACAAAGGCTCCAATTCTTGGCAAGTTGTGAGCGACTGTTTTCAATAA","MGHLAILFSIIAVWNIATAVASSDSIYLKGHRVGQDIDSLYRVYDNGTMYPVTFNEWLNDLTGMDDLATNNATILKRDSSDVSCVNETCQYVDYHVDDEGVITIDISTYRIPVEWDNGSAGNASYGVSKRDTKYETFCKKKICGINISGFCNAYDFAVPAFDFGGNVYNLVSGITDRIKEATKRDKTECLGYELDHVRIDPAVDWSIFISTWKQGSANCDTQASADSLKCAAQKALESEHNHQKTAFCIHLDNGGSFNLDIRLISELSFSKYNPWALPCPKDKGSNSWQVVSDCFQ","MGHLAILFSIIAVWNIATAVASSDSIYLKGHRVGQDIDSLYRVYDNGTMYPVTFNEWLNDLTGMDDLATNNATILKRDSSDVSCVNETCQYVDYHVDDEGVITIDISTYRIPVEWDNGSAGNASYGVSKRDTKYETFCKKKICGINISGFCNAYDFAVPAFDFGGNVYNLVSGITDRIKEATKRDKTECLGYELDHVRIDPAVDWSIFISTWKQGSANCDTQASADSLKCAAQKALESEHNHQKTAFCIHLDNGGSFNLDIRLISELSFSKYNPWALPCPKDKGSNSWQVVSDCFQ*","KHR",296,"yes","mutant",1,"AAI_6.re.fa","KHR","ATGGGTCACTTAGCGATCCTTTTCAGTATTATCGCTGTATGGAATATAGCTACAGCTGTTGCATCGAGCGACAGCATTTACCTTAAGGGACACAGAGTAGGACAGGATATCGACAGTCTATACAGAGTGTACGATAATGGTACTATGTACCCTGTCACTTTCAATGAGTGGTTAAATGATCTAACTGGGATGGATGACTTGGCAACAAATAACGCGACAATATTAAAACGTGACAGTAGCGATGTTTCTTGCGTTAATGAAACATGCCAATACGTGGATTACCACGTGGATGACGAAGGAGTTATAACTATAGACATATCTACGTATCGTATCCCTGTCGAATGGGATAATGGTTCTGCAGGCAACGCATCATATGGAGTCTCAAAGCGTGATACAAAATATGAGACATTCTGTAAGAAGAAAATATGCGGTATAAACATTTCCGGTTTCTGTAACGCGTATGACTTCGCCGTTCCTGCTTTCGACTTCGGTGGCAATGTCTACAACCTTGTTAGTGGTATCACTGATAGGATTAAAGAAGCTACGAAGAGGGATAAGACTGAATGTCTAGGTTACGAACTAGATCATGTGAGAATAGATCCTGCTGTTGATTGGTCCATATTTATTTCTACTTGGAAACAAGGGTCGGCCAATTGTGACACACAGGCATCTGCTGACAGCTTGAAATGTGCTGCCCAAAAAGCACTTGAAAGTGAACACAATCACCAAAAAACAGCTTTCTGTATTCACCTAGATAATGGTGGATCATTTAACTTAGACATTAGGCTAATATCTGAGCTTTCATTTTCGAAATATAACCCATGGGCTCTTCCATGTCCGAAGGACAAAGGCTCCAATTCTTGGCAAGTTGTGAGCGACTGTTTTCAATAA","MGHLAILFSIIAVWNIATAVASSDSIYLKGHRVGQDIDSLYRVYDNGTMYPVTFNEWLNDLTGMDDLATNNATILKRDSSDVSCVNETCQYVDYHVDDEGVITIDISTYRIPVEWDNGSAGNASYGVSKRDTKYETFCKKKICGINISGFCNAYDFAVPAFDFGGNVYNLVSGITDRIKEATKRDKTECLGYELDHVRIDPAVDWSIFISTWKQGSANCDTQASADSLKCAAQKALESEHNHQKTAFCIHLDNGGSFNLDIRLISELSFSKYNPWALPCPKDKGSNSWQVVSDCFQ",296,"Match"
"AAI_6-8814","AAI_6.re.fa","CP004815","REGION: 543434..544486 KHS",0,99.905,1053,1959,3011,1053,1,"ATGAATAGATCATACACAGACGACATGAATAGCAGCTCTCCAAATTACCTGACAACAAGGACGTTTAGAATCTTTAGATTGTTTGCAATAATTTTTGCACTGCTTTTGATAGCGTACTCTTTATTTCTGAGCACTCTAAAAACAGGCTCTATACCTGATCGTGCCAACACTGTTACTTTAATGCGCCGTGCCAGGTGGTCATTTGGGACTGGATTAGGACTAGGAGGATTTGTAATTGCTGCAGCCGCTTATGCTACTCCTTACTGGGTCGCAGCAATCTGTCTCGCAACTGCTAGCGAGGTGTGTGCACCTATAGCTGGTGCTGTTTTGGCGACAGCAGCGGTTATTGTCGCAGCAGTTTTAGTGGGAAAGAGTTCGGGCTCGGCAACAAAGCGAGGGTTAACTAAGACTATTAGCGTACTGAATCATACCATAACATTCACCGATCATATACTCAATGGTCAGACGTTGTCTAATGGTACTGGTAGTAATTTTGTTACAATAGGATTCAGCGGGTATGCAGTACATGACACTATCAAACGTGACAGCACTACTGATATCAATTTCGTGGGATATACCACAGAGCATGGAACCCACATTAGCACGAGTAGCGTACATAATGTGAGCAGTCTCATCGATAAAATTGTGGCAGCGGTACCAGGGGTCCCTGATACAGGTGGTAATGCTTCTGCTCTATCGTTTCAGAAACGCAGTCAGGAGTTCGCTACCTCATGGATATCAATGACATATGATCAGAGTTATGGTGACCTTGCGCAAACGTGGCAAAATGACGAAGGCGGAGCAGGAAATTTTGATTCTTATGCGGAAGAGGAGTTACAGAATTTCTTTTCAGGTAATAGAGACTGGAAGTACTGCTTTGCTGCTGAGGACACGAAGAGTGGTGAGCCAATTGATTACGATGACATACCTGGTGACGGTCCAGGCACGGGTTCGGCATTCAAATCGGAGATATATTTCAACACTTACGGTGGTATAGATAATTATTGTAATGACGAGCATATCGGTGCTCAGAACACTGGAGATGGTCGATAA","MNRSYTDDMNSSSPNYLTTRTFRIFRLFAIIFALLLIAYSLFLSTLKTGSIPDRANTVTLMRRARWSFGTGLGLGGFVIAAAAYATPYWVAAICLATASEVCAPIAGAVLATAAVIVAAVLVGKSSGSATKRGLTKTISVLNHTITFTDHILNGQTLSNGTGSNFVTIGFSGYAVHDTIKRDSTTDINFVGYTTEHGTHISTSSVHNVSSLIDKIVAAVPGVPDTGGNASALSFQKRSQEFATSWISMTYDQSYGDLAQTWQNDEGGAGNFDSYAEEELQNFFSGNRDWKYCFAAEDTKSGEPIDYDDIPGDGPGTGSAFKSEIYFNTYGGIDNYCNDEHIGAQNTGDGR","MNRSYTDDMNSSSPNYLTTRTFRIFRLFAIIFALLLIAYSLFLSTLKTGSIPDRANTVTLMRRARWSFGTGLGLGGFVIAAAAYATPYWVAAICLATASEVCAPIAGAVLATAAVIVAAVLVGKSSGSATKRGLTKTISVLNHTITFTDHILNGQTLSNGTGSNFVTIGFSGYAVHDTIKRDSTTDINFVGYTTEHGTHISTSSVHNVSSLIDKIVAAVPGVPDTGGNASALSFQKRSQEFATSWISMTYDQSYGDLAQTWQNDEGGAGNFDSYAEEELQNFFSGNRDWKYCFAAEDTKSGEPIDYDDIPGDGPGTGSAFKSEIYFNTYGGIDNYCNDEHIGAQNTGDGR*","KHS",350,"yes","mutant",1,"AAI_6.re.fa","KHS","ATGAATAGATCATACACAGACGACATGAATAGCAGCTCTCCAAATTACCTGACAACAAGGACGTTTAGAATCTTTAGATTGTTTGCAATAATTTTTGCACTGCTTTTGATAGCGTACTCTTTATTTCTGAGCACTCTAAAAACAGGCTCTATACCTGATCGTGCCAACACTGTTACTTTAATGCGCCGTGCCAGGTGGTCATTTGGGACTGGATTAGGACTAGGAGGATTTGTAATTGCTGCAGCCGCTTATGCTACTCCTTACTGGGTCGCAGCAATCTGTCTCGCAACTGCTAGCGAGGTGTGTGCACCTATAGCTGGTGCTGTTTTGGCGACAGCAGCGGTTATTGTCGCAGCAGTTTTAGTGGGAAAGAGTTCGGGCTCGGCAACAAAGCGAGGGTTAACTAAGACTATTAGCGTACTGAATCATACCATAACATTCACCGATCATATACTCAATGGTCAGACGTTGTCTAATGGTACTGGTAGTAATTTTGTTACAATAGGATTCAGCGGGTATGCAGTACATGACACTATCAAACGTGACAGCACTACTGATATCAATTTCGTGGGATATACCACAGAGCATGGAACCCACATTAGCACGAGTAGCGTACATAATGTGAGCAGTCTCATCGATAAAATTGTGGCAGCGGTACCAGGGGTCCCTGATACAGGTGGTAATGCTTCTGCTCTATCGTTTCAGAAACGCAGTCAGGAGTTCGCTACCTCATGGATATCAATGACATATGATCAGAGTTATGGTGACCTTGCGCAAACGTGGCAAAATGACGAAGGCGGAGCAGGAAATTTTGATTCTTATGCGGAAGAGGAGTTACAGAATTTCTTTTCAGGTAATAGAGACTGGAAGTACTGCTTTGCTGCTGAGGACACGAAGAGTGGTGAGCCAATTGATTACGATGACATACCTGGTGACGGTCCAGGCACGGGTTCGGCATTCAAATCGGAGATATATTTCAACACTTACGGTGGTATAGATAATTATTGTAATGACGAGCATATCGGTGCTCAGAACACTGGAGATGGTCGATAA","MNRSYTDDMNSSSPNYLTTRTFRIFRLFAIIFALLLIAYSLFLSTLKTGSIPDRANTVTLMRRARWSFGTGLGLGGFVIAAAAYATPYWVAAICLATASEVCAPIAGAVLATAAVIVAAVLVGKSSGSATKRGLTKTISVLNHTITFTDHILNGQTLSNGTGSNFVTIGFSGYAVHDTIKRDSTTDINFVGYTTEHGTHISTSSVHNVSSLIDKIVAAVPGVPDTGGNASALSFQKRSQEFATSWISMTYDQSYGDLAQTWQNDEGGAGNFDSYAEEELQNFFSGNRDWKYCFAAEDTKSGEPIDYDDIPGDGPGTGSAFKSEIYFNTYGGIDNYCNDEHIGAQNTGDGR",350,"Match"
"AAK_6-5401","AAK_6.re.fa","CP004815","REGION: 543434..544486 KHS",0,99.905,1053,67143,68195,1,1053,"ATGAATAGATCATACACAGACGACATGAATAGCAGCTCTCCAAATTACCTGACAACAAGGACGTTTAGAATCTTTAGATTGTTTGCAATAATTTTTGCACTGCTTTTGATAGCGTACTCTTTATTTCTGAGCACTCTAAAAACAGGCTCTATACCTGATCGTGCCAACACTGTTACTTTAATGCGCCGTGCCAGGTGGTCATTTGGGACTGGATTAGGACTAGGAGGATTTGTAATTGCTGCAGCCGCTTATGCTACTCCTTACTGGGTCGCAGCAATCTGTCTCGCAACTGCTAGCGAGGTGTGTGCACCTATAGCTGGTGCTGTTTTGGCGACAGCAGCGGTTATTGTCGCAGCAGTTTTAGTGGGAAAGAGTTCGGGCTCGGCAACAAAGCGAGGGTTAACTAAGACTATTAGCGTACTGAATCATACCATAACATTCACCGATCATATACTCAATGGTCAGACGTTGTCTAATGGTACTGGTAGTAATTTTGTTACAATAGGATTCAGCGGGTATGCAGTACATGACACTATCAAACGTGACAGCACTACTGATATCAATTTCGTGGGATATACCACAGAGCATGGAACCCACATTAGCACGAGTAGCGTACATAATGTGAGCAGTCTCATCGATAAAATTGTGGCAGCGGTACCAGGGGTCCCTGATACAGGTGGTAATGCTTCTGCTCTATCGTTTCAGAAACGCAGTCAGGAGTTCGCTACCTCATGGATATCAATGACATATGATCAGAGTTATGGTGACCTTGCGCAAACGTGGCAAAATGACGAAGGCGGAGCAGGAAATTTTGATTCTTATGCGGAAGAGGAGTTACAGAATTTCTTTTCAGGTAATAGAGACTGGAAGTACTGCTTTGCTGCTGAGGACACGAAGAGTGGTGAGCCAATTGATTACGATGACATACCTGGTGACGGTCCAGGCACGGGTTCGGCATTCAAATCGGAGATATATTTCAACACTTACGGTGGTATAGATAATTATTGTAATGACGAGCATATCGGTGCTCAGAACACTGGAGATGGTCGATAA","MNRSYTDDMNSSSPNYLTTRTFRIFRLFAIIFALLLIAYSLFLSTLKTGSIPDRANTVTLMRRARWSFGTGLGLGGFVIAAAAYATPYWVAAICLATASEVCAPIAGAVLATAAVIVAAVLVGKSSGSATKRGLTKTISVLNHTITFTDHILNGQTLSNGTGSNFVTIGFSGYAVHDTIKRDSTTDINFVGYTTEHGTHISTSSVHNVSSLIDKIVAAVPGVPDTGGNASALSFQKRSQEFATSWISMTYDQSYGDLAQTWQNDEGGAGNFDSYAEEELQNFFSGNRDWKYCFAAEDTKSGEPIDYDDIPGDGPGTGSAFKSEIYFNTYGGIDNYCNDEHIGAQNTGDGR","MNRSYTDDMNSSSPNYLTTRTFRIFRLFAIIFALLLIAYSLFLSTLKTGSIPDRANTVTLMRRARWSFGTGLGLGGFVIAAAAYATPYWVAAICLATASEVCAPIAGAVLATAAVIVAAVLVGKSSGSATKRGLTKTISVLNHTITFTDHILNGQTLSNGTGSNFVTIGFSGYAVHDTIKRDSTTDINFVGYTTEHGTHISTSSVHNVSSLIDKIVAAVPGVPDTGGNASALSFQKRSQEFATSWISMTYDQSYGDLAQTWQNDEGGAGNFDSYAEEELQNFFSGNRDWKYCFAAEDTKSGEPIDYDDIPGDGPGTGSAFKSEIYFNTYGGIDNYCNDEHIGAQNTGDGR*","KHS",350,"yes","mutant",1,"AAK_6.re.fa","KHS","ATGAATAGATCATACACAGACGACATGAATAGCAGCTCTCCAAATTACCTGACAACAAGGACGTTTAGAATCTTTAGATTGTTTGCAATAATTTTTGCACTGCTTTTGATAGCGTACTCTTTATTTCTGAGCACTCTAAAAACAGGCTCTATACCTGATCGTGCCAACACTGTTACTTTAATGCGCCGTGCCAGGTGGTCATTTGGGACTGGATTAGGACTAGGAGGATTTGTAATTGCTGCAGCCGCTTATGCTACTCCTTACTGGGTCGCAGCAATCTGTCTCGCAACTGCTAGCGAGGTGTGTGCACCTATAGCTGGTGCTGTTTTGGCGACAGCAGCGGTTATTGTCGCAGCAGTTTTAGTGGGAAAGAGTTCGGGCTCGGCAACAAAGCGAGGGTTAACTAAGACTATTAGCGTACTGAATCATACCATAACATTCACCGATCATATACTCAATGGTCAGACGTTGTCTAATGGTACTGGTAGTAATTTTGTTACAATAGGATTCAGCGGGTATGCAGTACATGACACTATCAAACGTGACAGCACTACTGATATCAATTTCGTGGGATATACCACAGAGCATGGAACCCACATTAGCACGAGTAGCGTACATAATGTGAGCAGTCTCATCGATAAAATTGTGGCAGCGGTACCAGGGGTCCCTGATACAGGTGGTAATGCTTCTGCTCTATCGTTTCAGAAACGCAGTCAGGAGTTCGCTACCTCATGGATATCAATGACATATGATCAGAGTTATGGTGACCTTGCGCAAACGTGGCAAAATGACGAAGGCGGAGCAGGAAATTTTGATTCTTATGCGGAAGAGGAGTTACAGAATTTCTTTTCAGGTAATAGAGACTGGAAGTACTGCTTTGCTGCTGAGGACACGAAGAGTGGTGAGCCAATTGATTACGATGACATACCTGGTGACGGTCCAGGCACGGGTTCGGCATTCAAATCGGAGATATATTTCAACACTTACGGTGGTATAGATAATTATTGTAATGACGAGCATATCGGTGCTCAGAACACTGGAGATGGTCGATAA","MNRSYTDDMNSSSPNYLTTRTFRIFRLFAIIFALLLIAYSLFLSTLKTGSIPDRANTVTLMRRARWSFGTGLGLGGFVIAAAAYATPYWVAAICLATASEVCAPIAGAVLATAAVIVAAVLVGKSSGSATKRGLTKTISVLNHTITFTDHILNGQTLSNGTGSNFVTIGFSGYAVHDTIKRDSTTDINFVGYTTEHGTHISTSSVHNVSSLIDKIVAAVPGVPDTGGNASALSFQKRSQEFATSWISMTYDQSYGDLAQTWQNDEGGAGNFDSYAEEELQNFFSGNRDWKYCFAAEDTKSGEPIDYDDIPGDGPGTGSAFKSEIYFNTYGGIDNYCNDEHIGAQNTGDGR",350,"Match"
"AAL_3-22297","AAL_3.re.fa","CP004815","REGION: 543434..544486 KHS",0,99.905,1053,2898,3950,1053,1,"ATGAATAGATCATACACAGACGACATGAATAGCAGCTCTCCAAATTACCTGACAACAAGGACGTTTAGAATCTTTAGATTGTTTGCAATAATTTTTGCACTGCTTTTGATAGCGTACTCTTTATTTCTGAGCACTCTAAAAACAGGCTCTATACCTGATCGTGCCAACACTGTTACTTTAATGCGCCGTGCCAGGTGGTCATTTGGGACTGGATTAGGACTAGGAGGATTTGTAATTGCTGCAGCCGCTTATGCTACTCCTTACTGGGTCGCAGCAATCTGTCTCGCAACTGCTAGCGAGGTGTGTGCACCTATAGCTGGTGCTGTTTTGGCGACAGCAGCGGTTATTGTCGCAGCAGTTTTAGTGGGAAAGAGTTCGGGCTCGGCAACAAAGCGAGGGTTAACTAAGACTATTAGCGTACTGAATCATACCATAACATTCACCGATCATATACTCAATGGTCAGACGTTGTCTAATGGTACTGGTAGTAATTTTGTTACAATAGGATTCAGCGGGTATGCAGTACATGACACTATCAAACGTGACAGCACTACTGATATCAATTTCGTGGGATATACCACAGAGCATGGAACCCACATTAGCACGAGTAGCGTACATAATGTGAGCAGTCTCATCGATAAAATTGTGGCAGCGGTACCAGGGGTCCCTGATACAGGTGGTAATGCTTCTGCTCTATCGTTTCAGAAACGCAGTCAGGAGTTCGCTACCTCATGGATATCAATGACATATGATCAGAGTTATGGTGACCTTGCGCAAACGTGGCAAAATGACGAAGGCGGAGCAGGAAATTTTGATTCTTATGCGGAAGAGGAGTTACAGAATTTCTTTTCAGGTAATAGAGACTGGAAGTACTGCTTTGCTGCTGAGGACACGAAGAGTGGTGAGCCAATTGATTACGATGACATACCTGGTGACGGTCCAGGCACGGGTTCGGCATTCAAATCGGAGATATATTTCAACACTTACGGTGGTATAGATAATTATTGTAATGACGAGCATATCGGTGCTCAGAACACTGGAGATGGTCGATAA","MNRSYTDDMNSSSPNYLTTRTFRIFRLFAIIFALLLIAYSLFLSTLKTGSIPDRANTVTLMRRARWSFGTGLGLGGFVIAAAAYATPYWVAAICLATASEVCAPIAGAVLATAAVIVAAVLVGKSSGSATKRGLTKTISVLNHTITFTDHILNGQTLSNGTGSNFVTIGFSGYAVHDTIKRDSTTDINFVGYTTEHGTHISTSSVHNVSSLIDKIVAAVPGVPDTGGNASALSFQKRSQEFATSWISMTYDQSYGDLAQTWQNDEGGAGNFDSYAEEELQNFFSGNRDWKYCFAAEDTKSGEPIDYDDIPGDGPGTGSAFKSEIYFNTYGGIDNYCNDEHIGAQNTGDGR","MNRSYTDDMNSSSPNYLTTRTFRIFRLFAIIFALLLIAYSLFLSTLKTGSIPDRANTVTLMRRARWSFGTGLGLGGFVIAAAAYATPYWVAAICLATASEVCAPIAGAVLATAAVIVAAVLVGKSSGSATKRGLTKTISVLNHTITFTDHILNGQTLSNGTGSNFVTIGFSGYAVHDTIKRDSTTDINFVGYTTEHGTHISTSSVHNVSSLIDKIVAAVPGVPDTGGNASALSFQKRSQEFATSWISMTYDQSYGDLAQTWQNDEGGAGNFDSYAEEELQNFFSGNRDWKYCFAAEDTKSGEPIDYDDIPGDGPGTGSAFKSEIYFNTYGGIDNYCNDEHIGAQNTGDGR*","KHS",350,"yes","mutant",1,"AAL_3.re.fa","KHS","ATGAATAGATCATACACAGACGACATGAATAGCAGCTCTCCAAATTACCTGACAACAAGGACGTTTAGAATCTTTAGATTGTTTGCAATAATTTTTGCACTGCTTTTGATAGCGTACTCTTTATTTCTGAGCACTCTAAAAACAGGCTCTATACCTGATCGTGCCAACACTGTTACTTTAATGCGCCGTGCCAGGTGGTCATTTGGGACTGGATTAGGACTAGGAGGATTTGTAATTGCTGCAGCCGCTTATGCTACTCCTTACTGGGTCGCAGCAATCTGTCTCGCAACTGCTAGCGAGGTGTGTGCACCTATAGCTGGTGCTGTTTTGGCGACAGCAGCGGTTATTGTCGCAGCAGTTTTAGTGGGAAAGAGTTCGGGCTCGGCAACAAAGCGAGGGTTAACTAAGACTATTAGCGTACTGAATCATACCATAACATTCACCGATCATATACTCAATGGTCAGACGTTGTCTAATGGTACTGGTAGTAATTTTGTTACAATAGGATTCAGCGGGTATGCAGTACATGACACTATCAAACGTGACAGCACTACTGATATCAATTTCGTGGGATATACCACAGAGCATGGAACCCACATTAGCACGAGTAGCGTACATAATGTGAGCAGTCTCATCGATAAAATTGTGGCAGCGGTACCAGGGGTCCCTGATACAGGTGGTAATGCTTCTGCTCTATCGTTTCAGAAACGCAGTCAGGAGTTCGCTACCTCATGGATATCAATGACATATGATCAGAGTTATGGTGACCTTGCGCAAACGTGGCAAAATGACGAAGGCGGAGCAGGAAATTTTGATTCTTATGCGGAAGAGGAGTTACAGAATTTCTTTTCAGGTAATAGAGACTGGAAGTACTGCTTTGCTGCTGAGGACACGAAGAGTGGTGAGCCAATTGATTACGATGACATACCTGGTGACGGTCCAGGCACGGGTTCGGCATTCAAATCGGAGATATATTTCAACACTTACGGTGGTATAGATAATTATTGTAATGACGAGCATATCGGTGCTCAGAACACTGGAGATGGTCGATAA","MNRSYTDDMNSSSPNYLTTRTFRIFRLFAIIFALLLIAYSLFLSTLKTGSIPDRANTVTLMRRARWSFGTGLGLGGFVIAAAAYATPYWVAAICLATASEVCAPIAGAVLATAAVIVAAVLVGKSSGSATKRGLTKTISVLNHTITFTDHILNGQTLSNGTGSNFVTIGFSGYAVHDTIKRDSTTDINFVGYTTEHGTHISTSSVHNVSSLIDKIVAAVPGVPDTGGNASALSFQKRSQEFATSWISMTYDQSYGDLAQTWQNDEGGAGNFDSYAEEELQNFFSGNRDWKYCFAAEDTKSGEPIDYDDIPGDGPGTGSAFKSEIYFNTYGGIDNYCNDEHIGAQNTGDGR",350,"Match"
"AAL_3-22661","AAL_3.re.fa","CP004815","REGION: 543434..544486 KHS",1.02e-148,99.645,282,14172,14453,1,282,"ATGAATAGATCATACACAGACGACATGAATAGCAGCTCTCCAAATTACCTGACAACAAGGACGTTTAGAATCTTTAGATTGTTTGCAATAATTTTTGCACTGCTTTTGATAGCGTACTCTTTATTTCTGAGCACTCTAAAAACAGGCTCTATACCTGATCGTGCCAACACTGTTACTTTAATGCGCCGTGCCAGGTGGTCATTTGGGACTGGATTAGGACTAGGAGGATTTGTAATTGCTGCAGCCGCTTATGCTACTCCTTACTGGGTCGCAGCAATCTGT","MNRSYTDDMNSSSPNYLTTRTFRIFRLFAIIFALLLIAYSLFLSTLKTGSIPDRANTVTLMRRARWSFGTGLGLGGFVIAAAAYATPYWVAAIC",NA,"KHS",94,"no","truncated",1,"AAL_3.re.fa","KHS","ATGTATGTAGAATAG","MYVE",4,"Mismatch"
"AAL_3-22684","AAL_3.re.fa","CP004815","REGION: 543434..544486 KHS",0,92.505,1054,313,1365,1,1053,"ATGAATAGATCATACACAGACGACATGAATAGCAGCTCTCCAAATTACCTGACAACAAGGACGTTTAGAATCTTTAGATTGTTTGCAATAATTTTTGCACTGCTTTTGATAGCGTACTCTTTATTTCTGAGCACTCTAAAAACAGGCTCTATACCTGATCGTGCCAACACTGTTACTTTAATGCGCCGTGCCAGGTGGTCATTTGGGACTGGATTAGGACTAGGAGGATTTGTAATTGCTGCAGCCGCTTATGCTACTCCTTACTGGGTCGCAGCAATCTGTATCGCATCCACTGGCGGAGTATGTTCACCTATAGCTGGTGCTGTTTTAGCAACGTCAGCAGTTATAGTTGCAGCAGTCTTAGTGGGAAAGAGTTCTGGCTCAGCAACAAAGCGAGGGTTAAGTAAGACTATTAGTGTACTGAATCATACTATAACATTCACTGATCATGTACTCAATGGGCAGACATTGTCTAATGGTACCAGTAGTAATTTTGTTACAATAGGGTTTAGTGGGTATGCAGTACATGACACCATCAAACGTGACGGTGCTGCTGAGCTCAACTTTGTGGGGTATACTACGGAGCATGGAACCCACATCAGCACGAGTAGCGTACATAATGTGAGCATGCTCATCGATCAAATCGTGGCAGCGGTACCAGGAGTACCTGATATAGGTGGCAACGCTTCGGCCCTATCGTTACAAAGACGCAGTCAAGAGTTCGCTACCTCATGGATATCAATGACATATGATCAGAGTTATGGTGATCTGGCACAGAACTGGCAAAATGACGAAGGTGGAGCAGGAAATTTTGATTCTTATGCTGAAGAGGAGTTACAGAATTTCTTTTCAGGTAATAGGGATTGGAAATACTGCTTTGCTGCTGAGGACACGAAAAACGGTGAGCCACTTGATTACGATGACATACCTGGTGACGGTGCAGGCACGGGTTCGGCATTCAAGTCTGAGATATATTTTAACACTTACGGTGGTATAGATAATTATTGTAATGACGAGCATATCGGTGCTCAGAACACTGGGGATGGTCGATAA","MNRSYTDDMNSSSPNYLTTRTFRIFRLFAIIFALLLIAYSLFLSTLKTGSIPDRANTVTLMRRARWSFGTGLGLGGFVIAAAAYATPYWVAAICIASTGGVCSPIAGAVLATSAVIVAAVLVGKSSGSATKRGLSKTISVLNHTITFTDHVLNGQTLSNGTSSNFVTIGFSGYAVHDTIKRDGAAELNFVGYTTEHGTHISTSSVHNVSMLIDQIVAAVPGVPDIGGNASALSLQRRSQEFATSWISMTYDQSYGDLAQNWQNDEGGAGNFDSYAEEELQNFFSGNRDWKYCFAAEDTKNGEPLDYDDIPGDGAGTGSAFKSEIYFNTYGGIDNYCNDEHIGAQNTGDGR","MNRSYTDDMNSSSPNYLTTRTFRIFRLFAIIFALLLIAYSLFLSTLKTGSIPDRANTVTLMRRARWSFGTGLGLGGFVIAAAAYATPYWVAAICIASTGGVCSPIAGAVLATSAVIVAAVLVGKSSGSATKRGLSKTISVLNHTITFTDHVLNGQTLSNGTSSNFVTIGFSGYAVHDTIKRDGAAELNFVGYTTEHGTHISTSSVHNVSMLIDQIVAAVPGVPDIGGNASALSLQRRSQEFATSWISMTYDQSYGDLAQNWQNDEGGAGNFDSYAEEELQNFFSGNRDWKYCFAAEDTKNGEPLDYDDIPGDGAGTGSAFKSEIYFNTYGGIDNYCNDEHIGAQNTGDGR*","KHS",350,"yes","mutant",1,"AAL_3.re.fa","KHS","ATGAATAGATCATACACAGACGACATGAATAGCAGCTCTCCAAATTACCTGACAACAAGGACGTTTAGAATCTTTAGATTGTTTGCAATAATTTTTGCACTGCTTTTGATAGCGTACTCTTTATTTCTGAGCACTCTAAAAACAGGCTCTATACCTGATCGTGCCAACACTGTTACTTTAATGCGCCGTGCCAGGTGGTCATTTGGGACTGGATTAGGACTAGGAGGATTTGTAATTGCTGCAGCCGCTTATGCTACTCCTTACTGGGTCGCAGCAATCTGTATCGCATCCACTGGCGGAGTATGTTCACCTATAGCTGGTGCTGTTTTAGCAACGTCAGCAGTTATAGTTGCAGCAGTCTTAGTGGGAAAGAGTTCTGGCTCAGCAACAAAGCGAGGGTTAAGTAAGACTATTAGTGTACTGAATCATACTATAACATTCACTGATCATGTACTCAATGGGCAGACATTGTCTAATGGTACCAGTAGTAATTTTGTTACAATAGGGTTTAGTGGGTATGCAGTACATGACACCATCAAACGTGACGGTGCTGCTGAGCTCAACTTTGTGGGGTATACTACGGAGCATGGAACCCACATCAGCACGAGTAGCGTACATAATGTGAGCATGCTCATCGATCAAATCGTGGCAGCGGTACCAGGAGTACCTGATATAGGTGGCAACGCTTCGGCCCTATCGTTACAAAGACGCAGTCAAGAGTTCGCTACCTCATGGATATCAATGACATATGATCAGAGTTATGGTGATCTGGCACAGAACTGGCAAAATGACGAAGGTGGAGCAGGAAATTTTGATTCTTATGCTGAAGAGGAGTTACAGAATTTCTTTTCAGGTAATAGGGATTGGAAATACTGCTTTGCTGCTGAGGACACGAAAAACGGTGAGCCACTTGATTACGATGACATACCTGGTGACGGTGCAGGCACGGGTTCGGCATTCAAGTCTGAGATATATTTTAACACTTACGGTGGTATAGATAATTATTGTAATGACGAGCATATCGGTGCTCAGAACACTGGGGATGGTCGATAA","MNRSYTDDMNSSSPNYLTTRTFRIFRLFAIIFALLLIAYSLFLSTLKTGSIPDRANTVTLMRRARWSFGTGLGLGGFVIAAAAYATPYWVAAICIASTGGVCSPIAGAVLATSAVIVAAVLVGKSSGSATKRGLSKTISVLNHTITFTDHVLNGQTLSNGTSSNFVTIGFSGYAVHDTIKRDGAAELNFVGYTTEHGTHISTSSVHNVSMLIDQIVAAVPGVPDIGGNASALSLQRRSQEFATSWISMTYDQSYGDLAQNWQNDEGGAGNFDSYAEEELQNFFSGNRDWKYCFAAEDTKNGEPLDYDDIPGDGAGTGSAFKSEIYFNTYGGIDNYCNDEHIGAQNTGDGR",350,"Match"
"AAM_3-7331","AAM_3.re.fa","CP004815","REGION: 543434..544486 KHS",0,99.905,1053,2849,3901,1053,1,"ATGAATAGATCATACACAGACGACATGAATAGCAGCTCTCCAAATTACCTGACAACAAGGACGTTTAGAATCTTTAGATTGTTTGCAATAATTTTTGCACTGCTTTTGATAGCGTACTCTTTATTTCTGAGCACTCTAAAAACAGGCTCTATACCTGATCGTGCCAACACTGTTACTTTAATGCGCCGTGCCAGGTGGTCATTTGGGACTGGATTAGGACTAGGAGGATTTGTAATTGCTGCAGCCGCTTATGCTACTCCTTACTGGGTCGCAGCAATCTGTCTCGCAACTGCTAGCGAGGTGTGTGCACCTATAGCTGGTGCTGTTTTGGCGACAGCAGCGGTTATTGTCGCAGCAGTTTTAGTGGGAAAGAGTTCGGGCTCGGCAACAAAGCGAGGGTTAACTAAGACTATTAGCGTACTGAATCATACCATAACATTCACCGATCATATACTCAATGGTCAGACGTTGTCTAATGGTACTGGTAGTAATTTTGTTACAATAGGATTCAGCGGGTATGCAGTACATGACACTATCAAACGTGACAGCACTACTGATATCAATTTCGTGGGATATACCACAGAGCATGGAACCCACATTAGCACGAGTAGCGTACATAATGTGAGCAGTCTCATCGATAAAATTGTGGCAGCGGTACCAGGGGTCCCTGATACAGGTGGTAATGCTTCTGCTCTATCGTTTCAGAAACGCAGTCAGGAGTTCGCTACCTCATGGATATCAATGACATATGATCAGAGTTATGGTGACCTTGCGCAAACGTGGCAAAATGACGAAGGCGGAGCAGGAAATTTTGATTCTTATGCGGAAGAGGAGTTACAGAATTTCTTTTCAGGTAATAGAGACTGGAAGTACTGCTTTGCTGCTGAGGACACGAAGAGTGGTGAGCCAATTGATTACGATGACATACCTGGTGACGGTCCAGGCACGGGTTCGGCATTCAAATCGGAGATATATTTCAACACTTACGGTGGTATAGATAATTATTGTAATGACGAGCATATCGGTGCTCAGAACACTGGAGATGGTCGATAA","MNRSYTDDMNSSSPNYLTTRTFRIFRLFAIIFALLLIAYSLFLSTLKTGSIPDRANTVTLMRRARWSFGTGLGLGGFVIAAAAYATPYWVAAICLATASEVCAPIAGAVLATAAVIVAAVLVGKSSGSATKRGLTKTISVLNHTITFTDHILNGQTLSNGTGSNFVTIGFSGYAVHDTIKRDSTTDINFVGYTTEHGTHISTSSVHNVSSLIDKIVAAVPGVPDTGGNASALSFQKRSQEFATSWISMTYDQSYGDLAQTWQNDEGGAGNFDSYAEEELQNFFSGNRDWKYCFAAEDTKSGEPIDYDDIPGDGPGTGSAFKSEIYFNTYGGIDNYCNDEHIGAQNTGDGR","MNRSYTDDMNSSSPNYLTTRTFRIFRLFAIIFALLLIAYSLFLSTLKTGSIPDRANTVTLMRRARWSFGTGLGLGGFVIAAAAYATPYWVAAICLATASEVCAPIAGAVLATAAVIVAAVLVGKSSGSATKRGLTKTISVLNHTITFTDHILNGQTLSNGTGSNFVTIGFSGYAVHDTIKRDSTTDINFVGYTTEHGTHISTSSVHNVSSLIDKIVAAVPGVPDTGGNASALSFQKRSQEFATSWISMTYDQSYGDLAQTWQNDEGGAGNFDSYAEEELQNFFSGNRDWKYCFAAEDTKSGEPIDYDDIPGDGPGTGSAFKSEIYFNTYGGIDNYCNDEHIGAQNTGDGR*","KHS",350,"yes","mutant",1,"AAM_3.re.fa","KHS","ATGAATAGATCATACACAGACGACATGAATAGCAGCTCTCCAAATTACCTGACAACAAGGACGTTTAGAATCTTTAGATTGTTTGCAATAATTTTTGCACTGCTTTTGATAGCGTACTCTTTATTTCTGAGCACTCTAAAAACAGGCTCTATACCTGATCGTGCCAACACTGTTACTTTAATGCGCCGTGCCAGGTGGTCATTTGGGACTGGATTAGGACTAGGAGGATTTGTAATTGCTGCAGCCGCTTATGCTACTCCTTACTGGGTCGCAGCAATCTGTCTCGCAACTGCTAGCGAGGTGTGTGCACCTATAGCTGGTGCTGTTTTGGCGACAGCAGCGGTTATTGTCGCAGCAGTTTTAGTGGGAAAGAGTTCGGGCTCGGCAACAAAGCGAGGGTTAACTAAGACTATTAGCGTACTGAATCATACCATAACATTCACCGATCATATACTCAATGGTCAGACGTTGTCTAATGGTACTGGTAGTAATTTTGTTACAATAGGATTCAGCGGGTATGCAGTACATGACACTATCAAACGTGACAGCACTACTGATATCAATTTCGTGGGATATACCACAGAGCATGGAACCCACATTAGCACGAGTAGCGTACATAATGTGAGCAGTCTCATCGATAAAATTGTGGCAGCGGTACCAGGGGTCCCTGATACAGGTGGTAATGCTTCTGCTCTATCGTTTCAGAAACGCAGTCAGGAGTTCGCTACCTCATGGATATCAATGACATATGATCAGAGTTATGGTGACCTTGCGCAAACGTGGCAAAATGACGAAGGCGGAGCAGGAAATTTTGATTCTTATGCGGAAGAGGAGTTACAGAATTTCTTTTCAGGTAATAGAGACTGGAAGTACTGCTTTGCTGCTGAGGACACGAAGAGTGGTGAGCCAATTGATTACGATGACATACCTGGTGACGGTCCAGGCACGGGTTCGGCATTCAAATCGGAGATATATTTCAACACTTACGGTGGTATAGATAATTATTGTAATGACGAGCATATCGGTGCTCAGAACACTGGAGATGGTCGATAA","MNRSYTDDMNSSSPNYLTTRTFRIFRLFAIIFALLLIAYSLFLSTLKTGSIPDRANTVTLMRRARWSFGTGLGLGGFVIAAAAYATPYWVAAICLATASEVCAPIAGAVLATAAVIVAAVLVGKSSGSATKRGLTKTISVLNHTITFTDHILNGQTLSNGTGSNFVTIGFSGYAVHDTIKRDSTTDINFVGYTTEHGTHISTSSVHNVSSLIDKIVAAVPGVPDTGGNASALSFQKRSQEFATSWISMTYDQSYGDLAQTWQNDEGGAGNFDSYAEEELQNFFSGNRDWKYCFAAEDTKSGEPIDYDDIPGDGPGTGSAFKSEIYFNTYGGIDNYCNDEHIGAQNTGDGR",350,"Match"
"AAN_3-26273","AAN_3.re.fa","D00905","KHR (orf only)",0,99.888,891,17393,18283,1,891,"ATGGGCCACTTAGCGATCCTTTTCAGTATTATCGCTGTATGGAATATAGCTACAGCTGTTGCATCGAGCGACAGCATTTACCTTAAGGGACACAGAGTAGGACAGGATATCGACAGTCTATACAGAGTGTACGATAATGGTACTATGTACCCTGTCACTTTCAATGAGTGGTTAAATGATCTAACTGGGATGAATGACTTGGCAACAAATAACGCGACAATATTAAAACGTGACAGTAGCGATGTTTCTTGCGTTAATGAAACATGCCAATACGTGGATTACCACGTGGATGACGAAGGAGTTATAACTATAGACATATCTACGTATCGTATCCCTGTCGAATGGGATAATGGTTCTGCAGGCAACGCATCATATGGAGTCTCAAAGCGTGATACAAAATATGAGACATTCTGTAAGAAGAAAATATGCGGTATAAACGTTTCCGGTTTCTGTAACGCGTATGACTTCGCCGTTCCTGCGTTCGACTTCGGTGGCAATGTCTACAACCTTGTTAGTGGTATCACTGATAGGATTAAAGAAGCTACGAAGAGGGATAAGACTGAATGTCTAGGTTACGAACTAGATCATGTGAGAATAGATCCTGCTGTTGATTGGTCCATATTTATTTCTACTTGGAAACAAGGGTCGGCCAATTGTGACACACAGGCATCTGCTGACAGCTTGAAATGTGCTGCCCAAAAAGCACTTGAAAGTGAACACAATCACCAAAAAACAGCTTTCTGTATTCACCTAGATAATGGTGGATCATTTAACTTAGACATTAGGCTAATATCTGAGCTTTCATTTTCGAAATATAACCCATGGGCTCTTCCATGTCCGAAGGACAAAGGCTCCAATTCTTGGCAAGTTGTGAGCGACTGTTTTCAATAA","MGHLAILFSIIAVWNIATAVASSDSIYLKGHRVGQDIDSLYRVYDNGTMYPVTFNEWLNDLTGMNDLATNNATILKRDSSDVSCVNETCQYVDYHVDDEGVITIDISTYRIPVEWDNGSAGNASYGVSKRDTKYETFCKKKICGINVSGFCNAYDFAVPAFDFGGNVYNLVSGITDRIKEATKRDKTECLGYELDHVRIDPAVDWSIFISTWKQGSANCDTQASADSLKCAAQKALESEHNHQKTAFCIHLDNGGSFNLDIRLISELSFSKYNPWALPCPKDKGSNSWQVVSDCFQ","MGHLAILFSIIAVWNIATAVASSDSIYLKGHRVGQDIDSLYRVYDNGTMYPVTFNEWLNDLTGMNDLATNNATILKRDSSDVSCVNETCQYVDYHVDDEGVITIDISTYRIPVEWDNGSAGNASYGVSKRDTKYETFCKKKICGINVSGFCNAYDFAVPAFDFGGNVYNLVSGITDRIKEATKRDKTECLGYELDHVRIDPAVDWSIFISTWKQGSANCDTQASADSLKCAAQKALESEHNHQKTAFCIHLDNGGSFNLDIRLISELSFSKYNPWALPCPKDKGSNSWQVVSDCFQ*","KHR",296,"yes","canonical",1,"AAN_3.re.fa","KHR","ATGGGCCACTTAGCGATCCTTTTCAGTATTATCGCTGTATGGAATATAGCTACAGCTGTTGCATCGAGCGACAGCATTTACCTTAAGGGACACAGAGTAGGACAGGATATCGACAGTCTATACAGAGTGTACGATAATGGTACTATGTACCCTGTCACTTTCAATGAGTGGTTAAATGATCTAACTGGGATGAATGACTTGGCAACAAATAACGCGACAATATTAAAACGTGACAGTAGCGATGTTTCTTGCGTTAATGAAACATGCCAATACGTGGATTACCACGTGGATGACGAAGGAGTTATAACTATAGACATATCTACGTATCGTATCCCTGTCGAATGGGATAATGGTTCTGCAGGCAACGCATCATATGGAGTCTCAAAGCGTGATACAAAATATGAGACATTCTGTAAGAAGAAAATATGCGGTATAAACGTTTCCGGTTTCTGTAACGCGTATGACTTCGCCGTTCCTGCGTTCGACTTCGGTGGCAATGTCTACAACCTTGTTAGTGGTATCACTGATAGGATTAAAGAAGCTACGAAGAGGGATAAGACTGAATGTCTAGGTTACGAACTAGATCATGTGAGAATAGATCCTGCTGTTGATTGGTCCATATTTATTTCTACTTGGAAACAAGGGTCGGCCAATTGTGACACACAGGCATCTGCTGACAGCTTGAAATGTGCTGCCCAAAAAGCACTTGAAAGTGAACACAATCACCAAAAAACAGCTTTCTGTATTCACCTAGATAATGGTGGATCATTTAACTTAGACATTAGGCTAATATCTGAGCTTTCATTTTCGAAATATAACCCATGGGCTCTTCCATGTCCGAAGGACAAAGGCTCCAATTCTTGGCAAGTTGTGAGCGACTGTTTTCAATAA","MGHLAILFSIIAVWNIATAVASSDSIYLKGHRVGQDIDSLYRVYDNGTMYPVTFNEWLNDLTGMNDLATNNATILKRDSSDVSCVNETCQYVDYHVDDEGVITIDISTYRIPVEWDNGSAGNASYGVSKRDTKYETFCKKKICGINVSGFCNAYDFAVPAFDFGGNVYNLVSGITDRIKEATKRDKTECLGYELDHVRIDPAVDWSIFISTWKQGSANCDTQASADSLKCAAQKALESEHNHQKTAFCIHLDNGGSFNLDIRLISELSFSKYNPWALPCPKDKGSNSWQVVSDCFQ",296,"Match"
"AAN_3-26505","AAN_3.re.fa","CP004815","REGION: 543434..544486 KHS",0,90.659,835,1,834,220,1053,"CTAGGAGGATTTGTAATTGCTGCAGCCGCTTATGCTACTCCTTACTGGGTCGCAGCAATCTGTATCGCATCCACTGGCGGAGTATGTTCACCTATAGCTGGTGCTGTTTTAGCAACGTCAGCAGTTATAGTTGCAGCAGTCTTAGTGGGAAAGAGTTCTGGCTCAGCAACAAAGCGAGGGTTAAGTAAGACTATTAGTGTACTGAATCATACTATAACATTCACTGATCATGTACTCAATGGGCAGACATTGTCTAATGGTACCAGTAGTAATTTTGTTACAATAGGGTTTAGTGGGTATGCAGTACATGACACCATCAAACGTGACGGTGCTGCTGAGCTCAACTTTGTGGGGTATACTACGGAGCATGGAACCCACATCAGCACGAGTAGCGTACATAATGTGAGCATGCTCATCGATCAAATCGTGGCAGCGGTACCAGGAGTACCTGATATAGGTGGCAACGCTTCGGCCCTATCGTTACAAAGACGCAGTCAAGAGTTCGCTACCTCATGGATATCAATGACATATGATCAGAGTTATGGTGATCTGGCACAGAACTGGCAAAATGACGAAGGTGGAGCAGGAAATTTTGATTCTTATGCTGAAGAGGAGTTACAGAATTTCTTTTCAGGTAATAGGGATTGGAAATACTGCTTTGCTGCTGAGGACACGAAAAACGGTGAGCCACTTGATTACGATGACATACCTGGTGACGGTGCAGGCACGGGTTCGGCATTCAAGTCTGAGATATATTTTAACACTTACGGTGGTATAGATAATTATTGTAATGACGAGCATATCGGTGCTCAGAACACTGGGGATGGTCGATAA","LGGFVIAAAAYATPYWVAAICIASTGGVCSPIAGAVLATSAVIVAAVLVGKSSGSATKRGLSKTISVLNHTITFTDHVLNGQTLSNGTSSNFVTIGFSGYAVHDTIKRDGAAELNFVGYTTEHGTHISTSSVHNVSMLIDQIVAAVPGVPDIGGNASALSLQRRSQEFATSWISMTYDQSYGDLAQNWQNDEGGAGNFDSYAEEELQNFFSGNRDWKYCFAAEDTKNGEPLDYDDIPGDGAGTGSAFKSEIYFNTYGGIDNYCNDEHIGAQNTGDGR","LGGFVIAAAAYATPYWVAAICIASTGGVCSPIAGAVLATSAVIVAAVLVGKSSGSATKRGLSKTISVLNHTITFTDHVLNGQTLSNGTSSNFVTIGFSGYAVHDTIKRDGAAELNFVGYTTEHGTHISTSSVHNVSMLIDQIVAAVPGVPDIGGNASALSLQRRSQEFATSWISMTYDQSYGDLAQNWQNDEGGAGNFDSYAEEELQNFFSGNRDWKYCFAAEDTKNGEPLDYDDIPGDGAGTGSAFKSEIYFNTYGGIDNYCNDEHIGAQNTGDGR*","KHS",277,"no","truncated",1,"AAN_3.re.fa","KHS","ATGCCGAACCCGTGCCTGCACCGTCACCAGGTATGTCATCGTAATCAAGTGGCTCACCGTTTTTCGTGTCCTCAGCAGCAAAGCAGTATTTCCAATCCCTATTACCTGAAAAGAAATTCTGTAACTCCTCTTCAGCATAAGAATCAAAATTTCCTGCTCCACCTTCGTCATTTTGCCAGTTCTGTGCCAGATCACCATAACTCTGATCATATGTCATTGATATCCATGAGGTAG","MPNPCLHRHQVCHRNQVAHRFSCPQQQSSISNPYYLKRNSVTPLQHKNQNFLLHLRHFASSVPDHHNSDHMSLISMR",77,"Mismatch"
"AAN_3-26625","AAN_3.re.fa","CP004815","REGION: 543434..544486 KHS",0,99.905,1053,2849,3901,1053,1,"ATGAATAGATCATACACAGACGACATGAATAGCAGCTCTCCAAATTACCTGACAACAAGGACGTTTAGAATCTTTAGATTGTTTGCAATAATTTTTGCACTGCTTTTGATAGCGTACTCTTTATTTCTGAGCACTCTAAAAACAGGCTCTATACCTGATCGTGCCAACACTGTTACTTTAATGCGCCGTGCCAGGTGGTCATTTGGGACTGGATTAGGACTAGGAGGATTTGTAATTGCTGCAGCCGCTTATGCTACTCCTTACTGGGTCGCAGCAATCTGTCTCGCAACTGCTAGCGAGGTGTGTGCACCTATAGCTGGTGCTGTTTTGGCGACAGCAGCGGTTATTGTCGCAGCAGTTTTAGTGGGAAAGAGTTCGGGCTCGGCAACAAAGCGAGGGTTAACTAAGACTATTAGCGTACTGAATCATACCATAACATTCACCGATCATATACTCAATGGTCAGACGTTGTCTAATGGTACTGGTAGTAATTTTGTTACAATAGGATTCAGCGGGTATGCAGTACATGACACTATCAAACGTGACAGCACTACTGATATCAATTTCGTGGGATATACCACAGAGCATGGAACCCACATTAGCACGAGTAGCGTACATAATGTGAGCAGTCTCATCGATAAAATTGTGGCAGCGGTACCAGGGGTCCCTGATACAGGTGGTAATGCTTCTGCTCTATCGTTTCAGAAACGCAGTCAGGAGTTCGCTACCTCATGGATATCAATGACATATGATCAGAGTTATGGTGACCTTGCGCAAACGTGGCAAAATGACGAAGGCGGAGCAGGAAATTTTGATTCTTATGCGGAAGAGGAGTTACAGAATTTCTTTTCAGGTAATAGAGACTGGAAGTACTGCTTTGCTGCTGAGGACACGAAGAGTGGTGAGCCAATTGATTACGATGACATACCTGGTGACGGTCCAGGCACGGGTTCGGCATTCAAATCGGAGATATATTTCAACACTTACGGTGGTATAGATAATTATTGTAATGACGAGCATATCGGTGCTCAGAACACTGGAGATGGTCGATAA","MNRSYTDDMNSSSPNYLTTRTFRIFRLFAIIFALLLIAYSLFLSTLKTGSIPDRANTVTLMRRARWSFGTGLGLGGFVIAAAAYATPYWVAAICLATASEVCAPIAGAVLATAAVIVAAVLVGKSSGSATKRGLTKTISVLNHTITFTDHILNGQTLSNGTGSNFVTIGFSGYAVHDTIKRDSTTDINFVGYTTEHGTHISTSSVHNVSSLIDKIVAAVPGVPDTGGNASALSFQKRSQEFATSWISMTYDQSYGDLAQTWQNDEGGAGNFDSYAEEELQNFFSGNRDWKYCFAAEDTKSGEPIDYDDIPGDGPGTGSAFKSEIYFNTYGGIDNYCNDEHIGAQNTGDGR","MNRSYTDDMNSSSPNYLTTRTFRIFRLFAIIFALLLIAYSLFLSTLKTGSIPDRANTVTLMRRARWSFGTGLGLGGFVIAAAAYATPYWVAAICLATASEVCAPIAGAVLATAAVIVAAVLVGKSSGSATKRGLTKTISVLNHTITFTDHILNGQTLSNGTGSNFVTIGFSGYAVHDTIKRDSTTDINFVGYTTEHGTHISTSSVHNVSSLIDKIVAAVPGVPDTGGNASALSFQKRSQEFATSWISMTYDQSYGDLAQTWQNDEGGAGNFDSYAEEELQNFFSGNRDWKYCFAAEDTKSGEPIDYDDIPGDGPGTGSAFKSEIYFNTYGGIDNYCNDEHIGAQNTGDGR*","KHS",350,"yes","mutant",1,"AAN_3.re.fa","KHS","ATGAATAGATCATACACAGACGACATGAATAGCAGCTCTCCAAATTACCTGACAACAAGGACGTTTAGAATCTTTAGATTGTTTGCAATAATTTTTGCACTGCTTTTGATAGCGTACTCTTTATTTCTGAGCACTCTAAAAACAGGCTCTATACCTGATCGTGCCAACACTGTTACTTTAATGCGCCGTGCCAGGTGGTCATTTGGGACTGGATTAGGACTAGGAGGATTTGTAATTGCTGCAGCCGCTTATGCTACTCCTTACTGGGTCGCAGCAATCTGTCTCGCAACTGCTAGCGAGGTGTGTGCACCTATAGCTGGTGCTGTTTTGGCGACAGCAGCGGTTATTGTCGCAGCAGTTTTAGTGGGAAAGAGTTCGGGCTCGGCAACAAAGCGAGGGTTAACTAAGACTATTAGCGTACTGAATCATACCATAACATTCACCGATCATATACTCAATGGTCAGACGTTGTCTAATGGTACTGGTAGTAATTTTGTTACAATAGGATTCAGCGGGTATGCAGTACATGACACTATCAAACGTGACAGCACTACTGATATCAATTTCGTGGGATATACCACAGAGCATGGAACCCACATTAGCACGAGTAGCGTACATAATGTGAGCAGTCTCATCGATAAAATTGTGGCAGCGGTACCAGGGGTCCCTGATACAGGTGGTAATGCTTCTGCTCTATCGTTTCAGAAACGCAGTCAGGAGTTCGCTACCTCATGGATATCAATGACATATGATCAGAGTTATGGTGACCTTGCGCAAACGTGGCAAAATGACGAAGGCGGAGCAGGAAATTTTGATTCTTATGCGGAAGAGGAGTTACAGAATTTCTTTTCAGGTAATAGAGACTGGAAGTACTGCTTTGCTGCTGAGGACACGAAGAGTGGTGAGCCAATTGATTACGATGACATACCTGGTGACGGTCCAGGCACGGGTTCGGCATTCAAATCGGAGATATATTTCAACACTTACGGTGGTATAGATAATTATTGTAATGACGAGCATATCGGTGCTCAGAACACTGGAGATGGTCGATAA","MNRSYTDDMNSSSPNYLTTRTFRIFRLFAIIFALLLIAYSLFLSTLKTGSIPDRANTVTLMRRARWSFGTGLGLGGFVIAAAAYATPYWVAAICLATASEVCAPIAGAVLATAAVIVAAVLVGKSSGSATKRGLTKTISVLNHTITFTDHILNGQTLSNGTGSNFVTIGFSGYAVHDTIKRDSTTDINFVGYTTEHGTHISTSSVHNVSSLIDKIVAAVPGVPDTGGNASALSFQKRSQEFATSWISMTYDQSYGDLAQTWQNDEGGAGNFDSYAEEELQNFFSGNRDWKYCFAAEDTKSGEPIDYDDIPGDGPGTGSAFKSEIYFNTYGGIDNYCNDEHIGAQNTGDGR",350,"Match"
"AAP_3-23474","AAP_3.re.fa","CP004815","REGION: 543434..544486 KHS",0,89.848,1054,21849,22901,1053,1,"ATGAATAAATCATACACAGATGACATGAATAGCAGCTCCCCAAATTACTTGACAACAAGGACGTTTAGAATCGTTAGATTGTTTGCAATAATTTTTGCACTGCTTTTGGTAGCGTACTCATTATTTTTAAGCACCCTTAAAACTGGGGCTATACCTGACCACACCAGCACTGCTGCTCTAGTACGGCGGGCTAGGTGGTCATTTGCGACTGGATTAGGACTAGGAGGATTTGTAATTGCTGCAGCCGCTTATGCTACTCCTTACTGGGTCGCAGCAATCTGTATCGCATCCACTGGCGGAGTATGTTCACCTATAGCTGGTGCTGTTTTAGCAACGTCAGCAGTTATAGTTGCAGCAGTCTTAGTGGGAAAGAGTTCTGGCTCAGCAACAAAGCGAGGGTTAAGTAAGACTATTAGTGTACTGAATCATACTATAACATTCACTGATCATGTACTCAATGGGCAGACATTGTCTAATGGTACCAGTAGTAATTTTGTTACAATAGGGTTTAGTGGGTATGCAGTACATGACACCATCAAACGTGACGGTGCTGCTGAGCTCAACTTTGTGGGGTATACTACGGAGCATGGAACCCACATCAGCACGAGTAGCGTACATAATGTGAGCATGCTCATCGATCAAATCGTGGCAGCGGTACCAGGAGTACCTGATATAGGTGGCAACGCTTCGGCCCTATCGTTACAAAGACGCAGTCAAGAGTTCGCTACCTCATGGATATCAATGACATATGATCAGAGTTATGGTGATCTGGCACAGAACTGGCAAAATGACGAAGGTGGAGCAGGAAATTTTGATTCTTATGCTGAAGAGGAGTTACAGAATTTCTTTTCAGGTAATAGGGATTGGAAATACTGCTTTGCTGCTGAGGACACGAAAAACGGTGAGCCACTTGATTACGATGACATACCTGGTGACGGTGCAGGCACGGGTTCGGCATTCAAGTCTGAGATATATTTTAACACTTACGGTGGTATAGATAATTATTGTAATGACGAGCATATCGGTGCTCAGAACACTGGGGATGGTCGATAA","MNKSYTDDMNSSSPNYLTTRTFRIVRLFAIIFALLLVAYSLFLSTLKTGAIPDHTSTAALVRRARWSFATGLGLGGFVIAAAAYATPYWVAAICIASTGGVCSPIAGAVLATSAVIVAAVLVGKSSGSATKRGLSKTISVLNHTITFTDHVLNGQTLSNGTSSNFVTIGFSGYAVHDTIKRDGAAELNFVGYTTEHGTHISTSSVHNVSMLIDQIVAAVPGVPDIGGNASALSLQRRSQEFATSWISMTYDQSYGDLAQNWQNDEGGAGNFDSYAEEELQNFFSGNRDWKYCFAAEDTKNGEPLDYDDIPGDGAGTGSAFKSEIYFNTYGGIDNYCNDEHIGAQNTGDGR","MNKSYTDDMNSSSPNYLTTRTFRIVRLFAIIFALLLVAYSLFLSTLKTGAIPDHTSTAALVRRARWSFATGLGLGGFVIAAAAYATPYWVAAICIASTGGVCSPIAGAVLATSAVIVAAVLVGKSSGSATKRGLSKTISVLNHTITFTDHVLNGQTLSNGTSSNFVTIGFSGYAVHDTIKRDGAAELNFVGYTTEHGTHISTSSVHNVSMLIDQIVAAVPGVPDIGGNASALSLQRRSQEFATSWISMTYDQSYGDLAQNWQNDEGGAGNFDSYAEEELQNFFSGNRDWKYCFAAEDTKNGEPLDYDDIPGDGAGTGSAFKSEIYFNTYGGIDNYCNDEHIGAQNTGDGR*","KHS",350,"yes","mutant",1,"AAP_3.re.fa","KHS","ATGAATAAATCATACACAGATGACATGAATAGCAGCTCCCCAAATTACTTGACAACAAGGACGTTTAGAATCGTTAGATTGTTTGCAATAATTTTTGCACTGCTTTTGGTAGCGTACTCATTATTTTTAAGCACCCTTAAAACTGGGGCTATACCTGACCACACCAGCACTGCTGCTCTAGTACGGCGGGCTAGGTGGTCATTTGCGACTGGATTAGGACTAGGAGGATTTGTAATTGCTGCAGCCGCTTATGCTACTCCTTACTGGGTCGCAGCAATCTGTATCGCATCCACTGGCGGAGTATGTTCACCTATAGCTGGTGCTGTTTTAGCAACGTCAGCAGTTATAGTTGCAGCAGTCTTAGTGGGAAAGAGTTCTGGCTCAGCAACAAAGCGAGGGTTAAGTAAGACTATTAGTGTACTGAATCATACTATAACATTCACTGATCATGTACTCAATGGGCAGACATTGTCTAATGGTACCAGTAGTAATTTTGTTACAATAGGGTTTAGTGGGTATGCAGTACATGACACCATCAAACGTGACGGTGCTGCTGAGCTCAACTTTGTGGGGTATACTACGGAGCATGGAACCCACATCAGCACGAGTAGCGTACATAATGTGAGCATGCTCATCGATCAAATCGTGGCAGCGGTACCAGGAGTACCTGATATAGGTGGCAACGCTTCGGCCCTATCGTTACAAAGACGCAGTCAAGAGTTCGCTACCTCATGGATATCAATGACATATGATCAGAGTTATGGTGATCTGGCACAGAACTGGCAAAATGACGAAGGTGGAGCAGGAAATTTTGATTCTTATGCTGAAGAGGAGTTACAGAATTTCTTTTCAGGTAATAGGGATTGGAAATACTGCTTTGCTGCTGAGGACACGAAAAACGGTGAGCCACTTGATTACGATGACATACCTGGTGACGGTGCAGGCACGGGTTCGGCATTCAAGTCTGAGATATATTTTAACACTTACGGTGGTATAGATAATTATTGTAATGACGAGCATATCGGTGCTCAGAACACTGGGGATGGTCGATAA","MNKSYTDDMNSSSPNYLTTRTFRIVRLFAIIFALLLVAYSLFLSTLKTGAIPDHTSTAALVRRARWSFATGLGLGGFVIAAAAYATPYWVAAICIASTGGVCSPIAGAVLATSAVIVAAVLVGKSSGSATKRGLSKTISVLNHTITFTDHVLNGQTLSNGTSSNFVTIGFSGYAVHDTIKRDGAAELNFVGYTTEHGTHISTSSVHNVSMLIDQIVAAVPGVPDIGGNASALSLQRRSQEFATSWISMTYDQSYGDLAQNWQNDEGGAGNFDSYAEEELQNFFSGNRDWKYCFAAEDTKNGEPLDYDDIPGDGAGTGSAFKSEIYFNTYGGIDNYCNDEHIGAQNTGDGR",350,"Match"
"AAP_3-23866","AAP_3.re.fa","D00905","KHR (orf only)",0,100,891,51939,52829,891,1,"ATGGGCCACTTAGCGATCCTTTTCAGTATTATCGCTGTATGGAATATAGCTACAGCTGTTGCATCGAGCGACAGCATTTACCTTAAGGGACACAGAGTAGGACAGGATATCGACAGTCTATACAGAGTGTACGATAATGGTACTATGTACCCTGTCACTTTCAATGAGTGGTTAAATGATCTAACTGGGATGAATGACTTGGCAACAAATAACGCGACAATATTAAAACGTGACAGTAGCGATGTTTCTTGCGTTAATGAAACATGCCAATACGTGGATTACCACGTGGATGACGAAGGAGTTATAACTATAGACATATCTACGTATCGTATCCCTGTCGAATGGGATAATGGTTCTGCAGGCAACGCATCATATGGAGTCTCAAAGCGTGATACAAAATATGAGACATTCTGTAAGAAGAAAATATGCGGTATAAACGTTTCCGGTTTCTGTAACGCGTATGACTTCGCCGTTCCTGCTTTCGACTTCGGTGGCAATGTCTACAACCTTGTTAGTGGTATCACTGATAGGATTAAAGAAGCTACGAAGAGGGATAAGACTGAATGTCTAGGTTACGAACTAGATCATGTGAGAATAGATCCTGCTGTTGATTGGTCCATATTTATTTCTACTTGGAAACAAGGGTCGGCCAATTGTGACACACAGGCATCTGCTGACAGCTTGAAATGTGCTGCCCAAAAAGCACTTGAAAGTGAACACAATCACCAAAAAACAGCTTTCTGTATTCACCTAGATAATGGTGGATCATTTAACTTAGACATTAGGCTAATATCTGAGCTTTCATTTTCGAAATATAACCCATGGGCTCTTCCATGTCCGAAGGACAAAGGCTCCAATTCTTGGCAAGTTGTGAGCGACTGTTTTCAATAA","MGHLAILFSIIAVWNIATAVASSDSIYLKGHRVGQDIDSLYRVYDNGTMYPVTFNEWLNDLTGMNDLATNNATILKRDSSDVSCVNETCQYVDYHVDDEGVITIDISTYRIPVEWDNGSAGNASYGVSKRDTKYETFCKKKICGINVSGFCNAYDFAVPAFDFGGNVYNLVSGITDRIKEATKRDKTECLGYELDHVRIDPAVDWSIFISTWKQGSANCDTQASADSLKCAAQKALESEHNHQKTAFCIHLDNGGSFNLDIRLISELSFSKYNPWALPCPKDKGSNSWQVVSDCFQ","MGHLAILFSIIAVWNIATAVASSDSIYLKGHRVGQDIDSLYRVYDNGTMYPVTFNEWLNDLTGMNDLATNNATILKRDSSDVSCVNETCQYVDYHVDDEGVITIDISTYRIPVEWDNGSAGNASYGVSKRDTKYETFCKKKICGINVSGFCNAYDFAVPAFDFGGNVYNLVSGITDRIKEATKRDKTECLGYELDHVRIDPAVDWSIFISTWKQGSANCDTQASADSLKCAAQKALESEHNHQKTAFCIHLDNGGSFNLDIRLISELSFSKYNPWALPCPKDKGSNSWQVVSDCFQ*","KHR",296,"yes","canonical",1,"AAP_3.re.fa","KHR","ATGGGCCACTTAGCGATCCTTTTCAGTATTATCGCTGTATGGAATATAGCTACAGCTGTTGCATCGAGCGACAGCATTTACCTTAAGGGACACAGAGTAGGACAGGATATCGACAGTCTATACAGAGTGTACGATAATGGTACTATGTACCCTGTCACTTTCAATGAGTGGTTAAATGATCTAACTGGGATGAATGACTTGGCAACAAATAACGCGACAATATTAAAACGTGACAGTAGCGATGTTTCTTGCGTTAATGAAACATGCCAATACGTGGATTACCACGTGGATGACGAAGGAGTTATAACTATAGACATATCTACGTATCGTATCCCTGTCGAATGGGATAATGGTTCTGCAGGCAACGCATCATATGGAGTCTCAAAGCGTGATACAAAATATGAGACATTCTGTAAGAAGAAAATATGCGGTATAAACGTTTCCGGTTTCTGTAACGCGTATGACTTCGCCGTTCCTGCTTTCGACTTCGGTGGCAATGTCTACAACCTTGTTAGTGGTATCACTGATAGGATTAAAGAAGCTACGAAGAGGGATAAGACTGAATGTCTAGGTTACGAACTAGATCATGTGAGAATAGATCCTGCTGTTGATTGGTCCATATTTATTTCTACTTGGAAACAAGGGTCGGCCAATTGTGACACACAGGCATCTGCTGACAGCTTGAAATGTGCTGCCCAAAAAGCACTTGAAAGTGAACACAATCACCAAAAAACAGCTTTCTGTATTCACCTAGATAATGGTGGATCATTTAACTTAGACATTAGGCTAATATCTGAGCTTTCATTTTCGAAATATAACCCATGGGCTCTTCCATGTCCGAAGGACAAAGGCTCCAATTCTTGGCAAGTTGTGAGCGACTGTTTTCAATAA","MGHLAILFSIIAVWNIATAVASSDSIYLKGHRVGQDIDSLYRVYDNGTMYPVTFNEWLNDLTGMNDLATNNATILKRDSSDVSCVNETCQYVDYHVDDEGVITIDISTYRIPVEWDNGSAGNASYGVSKRDTKYETFCKKKICGINVSGFCNAYDFAVPAFDFGGNVYNLVSGITDRIKEATKRDKTECLGYELDHVRIDPAVDWSIFISTWKQGSANCDTQASADSLKCAAQKALESEHNHQKTAFCIHLDNGGSFNLDIRLISELSFSKYNPWALPCPKDKGSNSWQVVSDCFQ",296,"Match"
"AAQ_3-7351","AAQ_3.re.fa","D00905","KHR (orf only)",0,99.888,891,17740,18630,1,891,"ATGGGCCACTTAGCGATCCTTTTCAGTATTATCGCTGTATGGAATATAGCTACAGCTGTTGCATCGAGCGACAGCATTTACCTTAAGGGACACAGAGTAGGACAGGATATCGACAGTCTATACAGAGTGTACGATAATGGTACTATGTACCCTGTCACTTTCAATGAGTGGTTAAATGATCTAACTGGGATGAATGACTTGGCAACAAATAACGCGACAATATTAAAACGTGACAGTAGCGATGTTTCTTGCGTTAATGAAACATGCCAATACGTGGATTACCACGTGGATGACGAAGGAGTTATAACTATAGACATATCTACGTATCGTATCCCTGTCGAATGGGATAATGGTTCTGCAGGCAACGCATCATATGGAGTCTCAAAGCGTGATACAAAATATGAGACATTCTGTAAGAAGAAAATATGCGGTATAAACGTTTCCGGTTTCTGTAACGCGTATGACTTCGCCGTTCCTGCTTTCGACTTCGGTGGCAATGTCTACAATCTTGTTAGTGGTATCACTGATAGGATTAAAGAAGCTACGAAGAGGGATAAGACTGAATGTCTAGGTTACGAACTAGATCATGTGAGAATAGATCCTGCTGTTGATTGGTCCATATTTATTTCTACTTGGAAACAAGGGTCGGCCAATTGTGACACACAGGCATCTGCTGACAGCTTGAAATGTGCTGCCCAAAAAGCACTTGAAAGTGAACACAATCACCAAAAAACAGCTTTCTGTATTCACCTAGATAATGGTGGATCATTTAACTTAGACATTAGGCTAATATCTGAGCTTTCATTTTCGAAATATAACCCATGGGCTCTTCCATGTCCGAAGGACAAAGGCTCCAATTCTTGGCAAGTTGTGAGCGACTGTTTTCAATAA","MGHLAILFSIIAVWNIATAVASSDSIYLKGHRVGQDIDSLYRVYDNGTMYPVTFNEWLNDLTGMNDLATNNATILKRDSSDVSCVNETCQYVDYHVDDEGVITIDISTYRIPVEWDNGSAGNASYGVSKRDTKYETFCKKKICGINVSGFCNAYDFAVPAFDFGGNVYNLVSGITDRIKEATKRDKTECLGYELDHVRIDPAVDWSIFISTWKQGSANCDTQASADSLKCAAQKALESEHNHQKTAFCIHLDNGGSFNLDIRLISELSFSKYNPWALPCPKDKGSNSWQVVSDCFQ","MGHLAILFSIIAVWNIATAVASSDSIYLKGHRVGQDIDSLYRVYDNGTMYPVTFNEWLNDLTGMNDLATNNATILKRDSSDVSCVNETCQYVDYHVDDEGVITIDISTYRIPVEWDNGSAGNASYGVSKRDTKYETFCKKKICGINVSGFCNAYDFAVPAFDFGGNVYNLVSGITDRIKEATKRDKTECLGYELDHVRIDPAVDWSIFISTWKQGSANCDTQASADSLKCAAQKALESEHNHQKTAFCIHLDNGGSFNLDIRLISELSFSKYNPWALPCPKDKGSNSWQVVSDCFQ*","KHR",296,"yes","canonical",1,"AAQ_3.re.fa","KHR","ATGGGCCACTTAGCGATCCTTTTCAGTATTATCGCTGTATGGAATATAGCTACAGCTGTTGCATCGAGCGACAGCATTTACCTTAAGGGACACAGAGTAGGACAGGATATCGACAGTCTATACAGAGTGTACGATAATGGTACTATGTACCCTGTCACTTTCAATGAGTGGTTAAATGATCTAACTGGGATGAATGACTTGGCAACAAATAACGCGACAATATTAAAACGTGACAGTAGCGATGTTTCTTGCGTTAATGAAACATGCCAATACGTGGATTACCACGTGGATGACGAAGGAGTTATAACTATAGACATATCTACGTATCGTATCCCTGTCGAATGGGATAATGGTTCTGCAGGCAACGCATCATATGGAGTCTCAAAGCGTGATACAAAATATGAGACATTCTGTAAGAAGAAAATATGCGGTATAAACGTTTCCGGTTTCTGTAACGCGTATGACTTCGCCGTTCCTGCTTTCGACTTCGGTGGCAATGTCTACAATCTTGTTAGTGGTATCACTGATAGGATTAAAGAAGCTACGAAGAGGGATAAGACTGAATGTCTAGGTTACGAACTAGATCATGTGAGAATAGATCCTGCTGTTGATTGGTCCATATTTATTTCTACTTGGAAACAAGGGTCGGCCAATTGTGACACACAGGCATCTGCTGACAGCTTGAAATGTGCTGCCCAAAAAGCACTTGAAAGTGAACACAATCACCAAAAAACAGCTTTCTGTATTCACCTAGATAATGGTGGATCATTTAACTTAGACATTAGGCTAATATCTGAGCTTTCATTTTCGAAATATAACCCATGGGCTCTTCCATGTCCGAAGGACAAAGGCTCCAATTCTTGGCAAGTTGTGAGCGACTGTTTTCAATAA","MGHLAILFSIIAVWNIATAVASSDSIYLKGHRVGQDIDSLYRVYDNGTMYPVTFNEWLNDLTGMNDLATNNATILKRDSSDVSCVNETCQYVDYHVDDEGVITIDISTYRIPVEWDNGSAGNASYGVSKRDTKYETFCKKKICGINVSGFCNAYDFAVPAFDFGGNVYNLVSGITDRIKEATKRDKTECLGYELDHVRIDPAVDWSIFISTWKQGSANCDTQASADSLKCAAQKALESEHNHQKTAFCIHLDNGGSFNLDIRLISELSFSKYNPWALPCPKDKGSNSWQVVSDCFQ",296,"Match"
"AAQ_3-7459","AAQ_3.re.fa","CP004815","REGION: 543434..544486 KHS",0,99.905,1053,67376,68428,1,1053,"ATGAATAGATCATACACAGACGACATGAATAGCAGCTCTCCAAATTACCTGACAACAAGGACGTTTAGAATCTTTAGATTGTTTGCAATAATTTTTGCACTGCTTTTGATAGCGTACTCTTTATTTCTGAGCACTCTAAAAACAGGCTCTATACCTGATCGTGCCAACACTGTTACTTTAATGCGCCGTGCCAGGTGGTCATTTGGGACTGGATTAGGACTAGGAGGATTTGTAATTGCTGCAGCCGCTTATGCTACTCCTTACTGGGTCGCAGCAATCTGTCTCGCAACTGCTAGCGAGGTGTGTGCACCTATAGCTGGTGCTGTTTTGGCGACAGCAGCGGTTATTGTCGCAGCAGTTTTAGTGGGAAAGAGTTCGGGCTCGGCAACAAAGCGAGGGTTAACTAAGACTATTAGCGTACTGAATCATACCATAACATTCACCGATCATATACTCAATGGTCAGACGTTGTCTAATGGTACTGGTAGTAATTTTGTTACAATAGGATTCAGCGGGTATGCAGTACATGACACTATCAAACGTGACAGCACTACTGATATCAATTTCGTGGGATATACCACAGAGCATGGAACCCACATTAGCACGAGTAGCGTACATAATGTGAGCAGTCTCATCGATAAAATTGTGGCAGCGGTACCAGGGGTCCCTGATACAGGTGGTAATGCTTCTGCTCTATCGTTTCAGAAACGCAGTCAGGAGTTCGCTACCTCATGGATATCAATGACATATGATCAGAGTTATGGTGACCTTGCGCAAACGTGGCAAAATGACGAAGGCGGAGCAGGAAATTTTGATTCTTATGCGGAAGAGGAGTTACAGAATTTCTTTTCAGGTAATAGAGACTGGAAGTACTGCTTTGCTGCTGAGGACACGAAGAGTGGTGAGCCAATTGATTACGATGACATACCTGGTGACGGTCCAGGCACGGGTTCGGCATTCAAATCGGAGATATATTTCAACACTTACGGTGGTATAGATAATTATTGTAATGACGAGCATATCGGTGCTCAGAACACTGGAGATGGTCGATAA","MNRSYTDDMNSSSPNYLTTRTFRIFRLFAIIFALLLIAYSLFLSTLKTGSIPDRANTVTLMRRARWSFGTGLGLGGFVIAAAAYATPYWVAAICLATASEVCAPIAGAVLATAAVIVAAVLVGKSSGSATKRGLTKTISVLNHTITFTDHILNGQTLSNGTGSNFVTIGFSGYAVHDTIKRDSTTDINFVGYTTEHGTHISTSSVHNVSSLIDKIVAAVPGVPDTGGNASALSFQKRSQEFATSWISMTYDQSYGDLAQTWQNDEGGAGNFDSYAEEELQNFFSGNRDWKYCFAAEDTKSGEPIDYDDIPGDGPGTGSAFKSEIYFNTYGGIDNYCNDEHIGAQNTGDGR","MNRSYTDDMNSSSPNYLTTRTFRIFRLFAIIFALLLIAYSLFLSTLKTGSIPDRANTVTLMRRARWSFGTGLGLGGFVIAAAAYATPYWVAAICLATASEVCAPIAGAVLATAAVIVAAVLVGKSSGSATKRGLTKTISVLNHTITFTDHILNGQTLSNGTGSNFVTIGFSGYAVHDTIKRDSTTDINFVGYTTEHGTHISTSSVHNVSSLIDKIVAAVPGVPDTGGNASALSFQKRSQEFATSWISMTYDQSYGDLAQTWQNDEGGAGNFDSYAEEELQNFFSGNRDWKYCFAAEDTKSGEPIDYDDIPGDGPGTGSAFKSEIYFNTYGGIDNYCNDEHIGAQNTGDGR*","KHS",350,"yes","mutant",1,"AAQ_3.re.fa","KHS","ATGAATAGATCATACACAGACGACATGAATAGCAGCTCTCCAAATTACCTGACAACAAGGACGTTTAGAATCTTTAGATTGTTTGCAATAATTTTTGCACTGCTTTTGATAGCGTACTCTTTATTTCTGAGCACTCTAAAAACAGGCTCTATACCTGATCGTGCCAACACTGTTACTTTAATGCGCCGTGCCAGGTGGTCATTTGGGACTGGATTAGGACTAGGAGGATTTGTAATTGCTGCAGCCGCTTATGCTACTCCTTACTGGGTCGCAGCAATCTGTCTCGCAACTGCTAGCGAGGTGTGTGCACCTATAGCTGGTGCTGTTTTGGCGACAGCAGCGGTTATTGTCGCAGCAGTTTTAGTGGGAAAGAGTTCGGGCTCGGCAACAAAGCGAGGGTTAACTAAGACTATTAGCGTACTGAATCATACCATAACATTCACCGATCATATACTCAATGGTCAGACGTTGTCTAATGGTACTGGTAGTAATTTTGTTACAATAGGATTCAGCGGGTATGCAGTACATGACACTATCAAACGTGACAGCACTACTGATATCAATTTCGTGGGATATACCACAGAGCATGGAACCCACATTAGCACGAGTAGCGTACATAATGTGAGCAGTCTCATCGATAAAATTGTGGCAGCGGTACCAGGGGTCCCTGATACAGGTGGTAATGCTTCTGCTCTATCGTTTCAGAAACGCAGTCAGGAGTTCGCTACCTCATGGATATCAATGACATATGATCAGAGTTATGGTGACCTTGCGCAAACGTGGCAAAATGACGAAGGCGGAGCAGGAAATTTTGATTCTTATGCGGAAGAGGAGTTACAGAATTTCTTTTCAGGTAATAGAGACTGGAAGTACTGCTTTGCTGCTGAGGACACGAAGAGTGGTGAGCCAATTGATTACGATGACATACCTGGTGACGGTCCAGGCACGGGTTCGGCATTCAAATCGGAGATATATTTCAACACTTACGGTGGTATAGATAATTATTGTAATGACGAGCATATCGGTGCTCAGAACACTGGAGATGGTCGATAA","MNRSYTDDMNSSSPNYLTTRTFRIFRLFAIIFALLLIAYSLFLSTLKTGSIPDRANTVTLMRRARWSFGTGLGLGGFVIAAAAYATPYWVAAICLATASEVCAPIAGAVLATAAVIVAAVLVGKSSGSATKRGLTKTISVLNHTITFTDHILNGQTLSNGTGSNFVTIGFSGYAVHDTIKRDSTTDINFVGYTTEHGTHISTSSVHNVSSLIDKIVAAVPGVPDTGGNASALSFQKRSQEFATSWISMTYDQSYGDLAQTWQNDEGGAGNFDSYAEEELQNFFSGNRDWKYCFAAEDTKSGEPIDYDDIPGDGPGTGSAFKSEIYFNTYGGIDNYCNDEHIGAQNTGDGR",350,"Match"
"AAR_3-7647","AAR_3.re.fa","CP004815","REGION: 543434..544486 KHS",0,99.905,1053,6929,7981,1053,1,"ATGAATAGATCATACACAGACGACATGAATAGCAGCTCTCCAAATTACCTGACAACAAGGACGTTTAGAATCTTTAGATTGTTTGCAATAATTTTTGCACTGCTTTTGATAGCGTACTCTTTATTTCTGAGCACTCTAAAAACAGGCTCTATACCTGATCGTGCCAACACTGTTACTTTAATGCGCCGTGCCAGGTGGTCATTTGGGACTGGATTAGGACTAGGAGGATTTGTAATTGCTGCAGCCGCTTATGCTACTCCTTACTGGGTCGCAGCAATCTGTCTCGCAACTGCTAGCGAGGTGTGTGCACCTATAGCTGGTGCTGTTTTGGCGACAGCAGCGGTTATTGTCGCAGCAGTTTTAGTGGGAAAGAGTTCGGGCTCGGCAACAAAGCGAGGGTTAACTAAGACTATTAGCGTACTGAATCATACCATAACATTCACCGATCATATACTCAATGGTCAGACGTTGTCTAATGGTACTGGTAGTAATTTTGTTACAATAGGATTCAGCGGGTATGCAGTACATGACACTATCAAACGTGACAGCACTACTGATATCAATTTCGTGGGATATACCACAGAGCATGGAACCCACATTAGCACGAGTAGCGTACATAATGTGAGCAGTCTCATCGATAAAATTGTGGCAGCGGTACCAGGGGTCCCTGATACAGGTGGTAATGCTTCTGCTCTATCGTTTCAGAAACGCAGTCAGGAGTTCGCTACCTCATGGATATCAATGACATATGATCAGAGTTATGGTGACCTTGCGCAAACGTGGCAAAATGACGAAGGCGGAGCAGGAAATTTTGATTCTTATGCGGAAGAGGAGTTACAGAATTTCTTTTCAGGTAATAGAGACTGGAAGTACTGCTTTGCTGCTGAGGACACGAAGAGTGGTGAGCCAATTGATTACGATGACATACCTGGTGACGGTCCAGGCACGGGTTCGGCATTCAAATCGGAGATATATTTCAACACTTACGGTGGTATAGATAATTATTGTAATGACGAGCATATCGGTGCTCAGAACACTGGAGATGGTCGATAA","MNRSYTDDMNSSSPNYLTTRTFRIFRLFAIIFALLLIAYSLFLSTLKTGSIPDRANTVTLMRRARWSFGTGLGLGGFVIAAAAYATPYWVAAICLATASEVCAPIAGAVLATAAVIVAAVLVGKSSGSATKRGLTKTISVLNHTITFTDHILNGQTLSNGTGSNFVTIGFSGYAVHDTIKRDSTTDINFVGYTTEHGTHISTSSVHNVSSLIDKIVAAVPGVPDTGGNASALSFQKRSQEFATSWISMTYDQSYGDLAQTWQNDEGGAGNFDSYAEEELQNFFSGNRDWKYCFAAEDTKSGEPIDYDDIPGDGPGTGSAFKSEIYFNTYGGIDNYCNDEHIGAQNTGDGR","MNRSYTDDMNSSSPNYLTTRTFRIFRLFAIIFALLLIAYSLFLSTLKTGSIPDRANTVTLMRRARWSFGTGLGLGGFVIAAAAYATPYWVAAICLATASEVCAPIAGAVLATAAVIVAAVLVGKSSGSATKRGLTKTISVLNHTITFTDHILNGQTLSNGTGSNFVTIGFSGYAVHDTIKRDSTTDINFVGYTTEHGTHISTSSVHNVSSLIDKIVAAVPGVPDTGGNASALSFQKRSQEFATSWISMTYDQSYGDLAQTWQNDEGGAGNFDSYAEEELQNFFSGNRDWKYCFAAEDTKSGEPIDYDDIPGDGPGTGSAFKSEIYFNTYGGIDNYCNDEHIGAQNTGDGR*","KHS",350,"yes","mutant",1,"AAR_3.re.fa","KHS","ATGAATAGATCATACACAGACGACATGAATAGCAGCTCTCCAAATTACCTGACAACAAGGACGTTTAGAATCTTTAGATTGTTTGCAATAATTTTTGCACTGCTTTTGATAGCGTACTCTTTATTTCTGAGCACTCTAAAAACAGGCTCTATACCTGATCGTGCCAACACTGTTACTTTAATGCGCCGTGCCAGGTGGTCATTTGGGACTGGATTAGGACTAGGAGGATTTGTAATTGCTGCAGCCGCTTATGCTACTCCTTACTGGGTCGCAGCAATCTGTCTCGCAACTGCTAGCGAGGTGTGTGCACCTATAGCTGGTGCTGTTTTGGCGACAGCAGCGGTTATTGTCGCAGCAGTTTTAGTGGGAAAGAGTTCGGGCTCGGCAACAAAGCGAGGGTTAACTAAGACTATTAGCGTACTGAATCATACCATAACATTCACCGATCATATACTCAATGGTCAGACGTTGTCTAATGGTACTGGTAGTAATTTTGTTACAATAGGATTCAGCGGGTATGCAGTACATGACACTATCAAACGTGACAGCACTACTGATATCAATTTCGTGGGATATACCACAGAGCATGGAACCCACATTAGCACGAGTAGCGTACATAATGTGAGCAGTCTCATCGATAAAATTGTGGCAGCGGTACCAGGGGTCCCTGATACAGGTGGTAATGCTTCTGCTCTATCGTTTCAGAAACGCAGTCAGGAGTTCGCTACCTCATGGATATCAATGACATATGATCAGAGTTATGGTGACCTTGCGCAAACGTGGCAAAATGACGAAGGCGGAGCAGGAAATTTTGATTCTTATGCGGAAGAGGAGTTACAGAATTTCTTTTCAGGTAATAGAGACTGGAAGTACTGCTTTGCTGCTGAGGACACGAAGAGTGGTGAGCCAATTGATTACGATGACATACCTGGTGACGGTCCAGGCACGGGTTCGGCATTCAAATCGGAGATATATTTCAACACTTACGGTGGTATAGATAATTATTGTAATGACGAGCATATCGGTGCTCAGAACACTGGAGATGGTCGATAA","MNRSYTDDMNSSSPNYLTTRTFRIFRLFAIIFALLLIAYSLFLSTLKTGSIPDRANTVTLMRRARWSFGTGLGLGGFVIAAAAYATPYWVAAICLATASEVCAPIAGAVLATAAVIVAAVLVGKSSGSATKRGLTKTISVLNHTITFTDHILNGQTLSNGTGSNFVTIGFSGYAVHDTIKRDSTTDINFVGYTTEHGTHISTSSVHNVSSLIDKIVAAVPGVPDTGGNASALSFQKRSQEFATSWISMTYDQSYGDLAQTWQNDEGGAGNFDSYAEEELQNFFSGNRDWKYCFAAEDTKSGEPIDYDDIPGDGPGTGSAFKSEIYFNTYGGIDNYCNDEHIGAQNTGDGR",350,"Match"
"CRK_2-9767","CRK_2.re.fa","D00905","KHR (orf only)",0,99.888,891,24151,25041,1,891,"ATGGGCCACTTAGCGATCCTTTTCAGTATTATCGCTGTATGGAATATAGCTACAGCTGTTGCATCGAGCGACAGCATTTACCTTAAGGGACACAGAGTAGGACAGGATATCGACAGTCTATACAGAGTGTACGATAATGGTACTATGTACCCTGTCACTTTCAATGAGTGGTTAAATGATCTAACTGGGATGGATGACTTGGCAACAAATAACGCGACAATATTAAAACGTGACAGTAGCGATGTTTCTTGCGTTAATGAAACATGCCAATACGTGGATTACCACGTGGATGACGAAGGAGTTATAACTATAGACATATCTACGTATCGTATCCCTGTCGAATGGGATAATGGTTCTGCAGGCAACGCATCATATGGAGTCTCAAAGCGTGATACAAAATATGAGACATTCTGTAAGAAGAAAATATGCGGTATAAACGTTTCCGGTTTCTGTAACGCGTATGACTTCGCCGTTCCTGCTTTCGACTTCGGTGGCAATGTCTACAACCTTGTTAGTGGTATCACTGATAGGATTAAAGAAGCTACGAAGAGGGATAAGACTGAATGTCTAGGTTACGAACTAGATCATGTGAGAATAGATCCTGCTGTTGATTGGTCCATATTTATTTCTACTTGGAAACAAGGGTCGGCCAATTGTGACACACAGGCATCTGCTGACAGCTTGAAATGTGCTGCCCAAAAAGCACTTGAAAGTGAACACAATCACCAAAAAACAGCTTTCTGTATTCACCTAGATAATGGTGGATCATTTAACTTAGACATTAGGCTAATATCTGAGCTTTCATTTTCGAAATATAACCCATGGGCTCTTCCATGTCCGAAGGACAAAGGCTCCAATTCTTGGCAAGTTGTGAGCGACTGTTTTCAATAA","MGHLAILFSIIAVWNIATAVASSDSIYLKGHRVGQDIDSLYRVYDNGTMYPVTFNEWLNDLTGMDDLATNNATILKRDSSDVSCVNETCQYVDYHVDDEGVITIDISTYRIPVEWDNGSAGNASYGVSKRDTKYETFCKKKICGINVSGFCNAYDFAVPAFDFGGNVYNLVSGITDRIKEATKRDKTECLGYELDHVRIDPAVDWSIFISTWKQGSANCDTQASADSLKCAAQKALESEHNHQKTAFCIHLDNGGSFNLDIRLISELSFSKYNPWALPCPKDKGSNSWQVVSDCFQ","MGHLAILFSIIAVWNIATAVASSDSIYLKGHRVGQDIDSLYRVYDNGTMYPVTFNEWLNDLTGMDDLATNNATILKRDSSDVSCVNETCQYVDYHVDDEGVITIDISTYRIPVEWDNGSAGNASYGVSKRDTKYETFCKKKICGINVSGFCNAYDFAVPAFDFGGNVYNLVSGITDRIKEATKRDKTECLGYELDHVRIDPAVDWSIFISTWKQGSANCDTQASADSLKCAAQKALESEHNHQKTAFCIHLDNGGSFNLDIRLISELSFSKYNPWALPCPKDKGSNSWQVVSDCFQ*","KHR",296,"yes","mutant",1,"CRK_2.re.fa","KHR","ATGGGCCACTTAGCGATCCTTTTCAGTATTATCGCTGTATGGAATATAGCTACAGCTGTTGCATCGAGCGACAGCATTTACCTTAAGGGACACAGAGTAGGACAGGATATCGACAGTCTATACAGAGTGTACGATAATGGTACTATGTACCCTGTCACTTTCAATGAGTGGTTAAATGATCTAACTGGGATGGATGACTTGGCAACAAATAACGCGACAATATTAAAACGTGACAGTAGCGATGTTTCTTGCGTTAATGAAACATGCCAATACGTGGATTACCACGTGGATGACGAAGGAGTTATAACTATAGACATATCTACGTATCGTATCCCTGTCGAATGGGATAATGGTTCTGCAGGCAACGCATCATATGGAGTCTCAAAGCGTGATACAAAATATGAGACATTCTGTAAGAAGAAAATATGCGGTATAAACGTTTCCGGTTTCTGTAACGCGTATGACTTCGCCGTTCCTGCTTTCGACTTCGGTGGCAATGTCTACAACCTTGTTAGTGGTATCACTGATAGGATTAAAGAAGCTACGAAGAGGGATAAGACTGAATGTCTAGGTTACGAACTAGATCATGTGAGAATAGATCCTGCTGTTGATTGGTCCATATTTATTTCTACTTGGAAACAAGGGTCGGCCAATTGTGACACACAGGCATCTGCTGACAGCTTGAAATGTGCTGCCCAAAAAGCACTTGAAAGTGAACACAATCACCAAAAAACAGCTTTCTGTATTCACCTAGATAATGGTGGATCATTTAACTTAGACATTAGGCTAATATCTGAGCTTTCATTTTCGAAATATAACCCATGGGCTCTTCCATGTCCGAAGGACAAAGGCTCCAATTCTTGGCAAGTTGTGAGCGACTGTTTTCAATAA","MGHLAILFSIIAVWNIATAVASSDSIYLKGHRVGQDIDSLYRVYDNGTMYPVTFNEWLNDLTGMDDLATNNATILKRDSSDVSCVNETCQYVDYHVDDEGVITIDISTYRIPVEWDNGSAGNASYGVSKRDTKYETFCKKKICGINVSGFCNAYDFAVPAFDFGGNVYNLVSGITDRIKEATKRDKTECLGYELDHVRIDPAVDWSIFISTWKQGSANCDTQASADSLKCAAQKALESEHNHQKTAFCIHLDNGGSFNLDIRLISELSFSKYNPWALPCPKDKGSNSWQVVSDCFQ",296,"Match"
"CRK_2-9822","CRK_2.re.fa","CP004815","REGION: 543434..544486 KHS",0,99.905,1053,67167,68219,1,1053,"ATGAATAGATCATACACAGACGACATGAATAGCAGCTCTCCAAATTACCTGACAACAAGGACGTTTAGAATCTTTAGATTGTTTGCAATAATTTTTGCACTGCTTTTGATAGCGTACTCTTTATTTCTGAGCACTCTAAAAACAGGCTCTATACCTGATCGTGCCAACACTGTTACTTTAATGCGCCGTGCCAGGTGGTCATTTGGGACTGGATTAGGACTAGGAGGATTTGTAATTGCTGCAGCCGCTTATGCTACTCCTTACTGGGTCGCAGCAATCTGTCTCGCAACTGCTAGCGAGGTGTGTGCACCTATAGCTGGTGCTGTTTTGGCGACAGCAGCGGTTATTGTCGCAGCAGTTTTAGTGGGAAAGAGTTCGGGCTCGGCAACAAAGCGAGGGTTAACTAAGACTATTAGCGTACTGAATCATACCATAACATTCACCGATCATATACTCAATGGTCAGACGTTGTCTAATGGTACTGGTAGTAATTTTGTTACAATAGGATTCAGCGGGTATGCAGTACATGACACTATCAAACGTGACAGCACTACTGATATCAATTTCGTGGGATATACCACAGAGCATGGAACCCACATTAGCACGAGTAGCGTACATAATGTGAGCAGTCTCATCGATAAAATTGTGGCAGCGGTACCAGGGGTCCCTGATACAGGTGGTAATGCTTCTGCTCTATCGTTTCAGAAACGCAGTCAGGAGTTCGCTACCTCATGGATATCAATGACATATGATCAGAGTTATGGTGACCTTGCGCAAACGTGGCAAAATGACGAAGGCGGAGCAGGAAATTTTGATTCTTATGCGGAAGAGGAGTTACAGAATTTCTTTTCAGGTAATAGAGACTGGAAGTACTGCTTTGCTGCTGAGGACACGAAGAGTGGTGAGCCAATTGATTACGATGACATACCTGGTGACGGTCCAGGCACGGGTTCGGCATTCAAATCGGAGATATATTTCAACACTTACGGTGGTATAGATAATTATTGTAATGACGAGCATATCGGTGCTCAGAACACTGGAGATGGTCGATAA","MNRSYTDDMNSSSPNYLTTRTFRIFRLFAIIFALLLIAYSLFLSTLKTGSIPDRANTVTLMRRARWSFGTGLGLGGFVIAAAAYATPYWVAAICLATASEVCAPIAGAVLATAAVIVAAVLVGKSSGSATKRGLTKTISVLNHTITFTDHILNGQTLSNGTGSNFVTIGFSGYAVHDTIKRDSTTDINFVGYTTEHGTHISTSSVHNVSSLIDKIVAAVPGVPDTGGNASALSFQKRSQEFATSWISMTYDQSYGDLAQTWQNDEGGAGNFDSYAEEELQNFFSGNRDWKYCFAAEDTKSGEPIDYDDIPGDGPGTGSAFKSEIYFNTYGGIDNYCNDEHIGAQNTGDGR","MNRSYTDDMNSSSPNYLTTRTFRIFRLFAIIFALLLIAYSLFLSTLKTGSIPDRANTVTLMRRARWSFGTGLGLGGFVIAAAAYATPYWVAAICLATASEVCAPIAGAVLATAAVIVAAVLVGKSSGSATKRGLTKTISVLNHTITFTDHILNGQTLSNGTGSNFVTIGFSGYAVHDTIKRDSTTDINFVGYTTEHGTHISTSSVHNVSSLIDKIVAAVPGVPDTGGNASALSFQKRSQEFATSWISMTYDQSYGDLAQTWQNDEGGAGNFDSYAEEELQNFFSGNRDWKYCFAAEDTKSGEPIDYDDIPGDGPGTGSAFKSEIYFNTYGGIDNYCNDEHIGAQNTGDGR*","KHS",350,"yes","mutant",1,"CRK_2.re.fa","KHS","ATGAATAGATCATACACAGACGACATGAATAGCAGCTCTCCAAATTACCTGACAACAAGGACGTTTAGAATCTTTAGATTGTTTGCAATAATTTTTGCACTGCTTTTGATAGCGTACTCTTTATTTCTGAGCACTCTAAAAACAGGCTCTATACCTGATCGTGCCAACACTGTTACTTTAATGCGCCGTGCCAGGTGGTCATTTGGGACTGGATTAGGACTAGGAGGATTTGTAATTGCTGCAGCCGCTTATGCTACTCCTTACTGGGTCGCAGCAATCTGTCTCGCAACTGCTAGCGAGGTGTGTGCACCTATAGCTGGTGCTGTTTTGGCGACAGCAGCGGTTATTGTCGCAGCAGTTTTAGTGGGAAAGAGTTCGGGCTCGGCAACAAAGCGAGGGTTAACTAAGACTATTAGCGTACTGAATCATACCATAACATTCACCGATCATATACTCAATGGTCAGACGTTGTCTAATGGTACTGGTAGTAATTTTGTTACAATAGGATTCAGCGGGTATGCAGTACATGACACTATCAAACGTGACAGCACTACTGATATCAATTTCGTGGGATATACCACAGAGCATGGAACCCACATTAGCACGAGTAGCGTACATAATGTGAGCAGTCTCATCGATAAAATTGTGGCAGCGGTACCAGGGGTCCCTGATACAGGTGGTAATGCTTCTGCTCTATCGTTTCAGAAACGCAGTCAGGAGTTCGCTACCTCATGGATATCAATGACATATGATCAGAGTTATGGTGACCTTGCGCAAACGTGGCAAAATGACGAAGGCGGAGCAGGAAATTTTGATTCTTATGCGGAAGAGGAGTTACAGAATTTCTTTTCAGGTAATAGAGACTGGAAGTACTGCTTTGCTGCTGAGGACACGAAGAGTGGTGAGCCAATTGATTACGATGACATACCTGGTGACGGTCCAGGCACGGGTTCGGCATTCAAATCGGAGATATATTTCAACACTTACGGTGGTATAGATAATTATTGTAATGACGAGCATATCGGTGCTCAGAACACTGGAGATGGTCGATAA","MNRSYTDDMNSSSPNYLTTRTFRIFRLFAIIFALLLIAYSLFLSTLKTGSIPDRANTVTLMRRARWSFGTGLGLGGFVIAAAAYATPYWVAAICLATASEVCAPIAGAVLATAAVIVAAVLVGKSSGSATKRGLTKTISVLNHTITFTDHILNGQTLSNGTGSNFVTIGFSGYAVHDTIKRDSTTDINFVGYTTEHGTHISTSSVHNVSSLIDKIVAAVPGVPDTGGNASALSFQKRSQEFATSWISMTYDQSYGDLAQTWQNDEGGAGNFDSYAEEELQNFFSGNRDWKYCFAAEDTKSGEPIDYDDIPGDGPGTGSAFKSEIYFNTYGGIDNYCNDEHIGAQNTGDGR",350,"Match"
"CRL_1_AB3AC.IND41b-8860","CRL_.re.fa","CP004815","REGION: 543434..544486 KHS",0,99.905,1053,2574,3626,1053,1,"ATGAATAGATCATACACAGACGACATGAATAGCAGCTCTCCAAATTACCTGACAACAAGGACGTTTAGAATCTTTAGATTGTTTGCAATAATTTTTGCACTGCTTTTGATAGCGTACTCTTTATTTCTGAGCACTCTAAAAACAGGCTCTATACCTGATCGTGCCAACACTGTTACTTTAATGCGCCGTGCCAGGTGGTCATTTGGGACTGGATTAGGACTAGGAGGATTTGTAATTGCTGCAGCCGCTTATGCTACTCCTTACTGGGTCGCAGCAATCTGTCTCGCAACTGCTAGCGAGGTGTGTGCACCTATAGCTGGTGCTGTTTTGGCGACAGCAGCGGTTATTGTCGCAGCAGTTTTAGTGGGAAAGAGTTCGGGCTCGGCAACAAAGCGAGGGTTAACTAAGACTATTAGCGTACTGAATCATACCATAACATTCACCGATCATATACTCAATGGTCAGACGTTGTCTAATGGTACTGGTAGTAATTTTGTTACAATAGGATTCAGCGGGTATGCAGTACATGACACTATCAAACGTGACAGCACTACTGATATCAATTTCGTGGGATATACCACAGAGCATGGAACCCACATTAGCACGAGTAGCGTACATAATGTGAGCAGTCTCATCGATAAAATTGTGGCAGCGGTACCAGGGGTCCCTGATACAGGTGGTAATGCTTCTGCTCTATCGTTTCAGAAACGCAGTCAGGAGTTCGCTACCTCATGGATATCAATGACATATGATCAGAGTTATGGTGACCTTGCGCAAACGTGGCAAAATGACGAAGGCGGAGCAGGAAATTTTGATTCTTATGCGGAAGAGGAGTTACAGAATTTCTTTTCAGGTAATAGAGACTGGAAGTACTGCTTTGCTGCTGAGGACACGAAGAGTGGTGAGCCAATTGATTACGATGACATACCTGGTGACGGTCCAGGCACGGGTTCGGCATTCAAATCGGAGATATATTTCAACACTTACGGTGGTATAGATAATTATTGTAATGACGAGCATATCGGTGCTCAGAACACTGGAGATGGTCGATAA","MNRSYTDDMNSSSPNYLTTRTFRIFRLFAIIFALLLIAYSLFLSTLKTGSIPDRANTVTLMRRARWSFGTGLGLGGFVIAAAAYATPYWVAAICLATASEVCAPIAGAVLATAAVIVAAVLVGKSSGSATKRGLTKTISVLNHTITFTDHILNGQTLSNGTGSNFVTIGFSGYAVHDTIKRDSTTDINFVGYTTEHGTHISTSSVHNVSSLIDKIVAAVPGVPDTGGNASALSFQKRSQEFATSWISMTYDQSYGDLAQTWQNDEGGAGNFDSYAEEELQNFFSGNRDWKYCFAAEDTKSGEPIDYDDIPGDGPGTGSAFKSEIYFNTYGGIDNYCNDEHIGAQNTGDGR","MNRSYTDDMNSSSPNYLTTRTFRIFRLFAIIFALLLIAYSLFLSTLKTGSIPDRANTVTLMRRARWSFGTGLGLGGFVIAAAAYATPYWVAAICLATASEVCAPIAGAVLATAAVIVAAVLVGKSSGSATKRGLTKTISVLNHTITFTDHILNGQTLSNGTGSNFVTIGFSGYAVHDTIKRDSTTDINFVGYTTEHGTHISTSSVHNVSSLIDKIVAAVPGVPDTGGNASALSFQKRSQEFATSWISMTYDQSYGDLAQTWQNDEGGAGNFDSYAEEELQNFFSGNRDWKYCFAAEDTKSGEPIDYDDIPGDGPGTGSAFKSEIYFNTYGGIDNYCNDEHIGAQNTGDGR*","KHS",350,"yes","mutant",1,"CRL_.re.fa","KHS","ATGAATAGATCATACACAGACGACATGAATAGCAGCTCTCCAAATTACCTGACAACAAGGACGTTTAGAATCTTTAGATTGTTTGCAATAATTTTTGCACTGCTTTTGATAGCGTACTCTTTATTTCTGAGCACTCTAAAAACAGGCTCTATACCTGATCGTGCCAACACTGTTACTTTAATGCGCCGTGCCAGGTGGTCATTTGGGACTGGATTAGGACTAGGAGGATTTGTAATTGCTGCAGCCGCTTATGCTACTCCTTACTGGGTCGCAGCAATCTGTCTCGCAACTGCTAGCGAGGTGTGTGCACCTATAGCTGGTGCTGTTTTGGCGACAGCAGCGGTTATTGTCGCAGCAGTTTTAGTGGGAAAGAGTTCGGGCTCGGCAACAAAGCGAGGGTTAACTAAGACTATTAGCGTACTGAATCATACCATAACATTCACCGATCATATACTCAATGGTCAGACGTTGTCTAATGGTACTGGTAGTAATTTTGTTACAATAGGATTCAGCGGGTATGCAGTACATGACACTATCAAACGTGACAGCACTACTGATATCAATTTCGTGGGATATACCACAGAGCATGGAACCCACATTAGCACGAGTAGCGTACATAATGTGAGCAGTCTCATCGATAAAATTGTGGCAGCGGTACCAGGGGTCCCTGATACAGGTGGTAATGCTTCTGCTCTATCGTTTCAGAAACGCAGTCAGGAGTTCGCTACCTCATGGATATCAATGACATATGATCAGAGTTATGGTGACCTTGCGCAAACGTGGCAAAATGACGAAGGCGGAGCAGGAAATTTTGATTCTTATGCGGAAGAGGAGTTACAGAATTTCTTTTCAGGTAATAGAGACTGGAAGTACTGCTTTGCTGCTGAGGACACGAAGAGTGGTGAGCCAATTGATTACGATGACATACCTGGTGACGGTCCAGGCACGGGTTCGGCATTCAAATCGGAGATATATTTCAACACTTACGGTGGTATAGATAATTATTGTAATGACGAGCATATCGGTGCTCAGAACACTGGAGATGGTCGATAA","MNRSYTDDMNSSSPNYLTTRTFRIFRLFAIIFALLLIAYSLFLSTLKTGSIPDRANTVTLMRRARWSFGTGLGLGGFVIAAAAYATPYWVAAICLATASEVCAPIAGAVLATAAVIVAAVLVGKSSGSATKRGLTKTISVLNHTITFTDHILNGQTLSNGTGSNFVTIGFSGYAVHDTIKRDSTTDINFVGYTTEHGTHISTSSVHNVSSLIDKIVAAVPGVPDTGGNASALSFQKRSQEFATSWISMTYDQSYGDLAQTWQNDEGGAGNFDSYAEEELQNFFSGNRDWKYCFAAEDTKSGEPIDYDDIPGDGPGTGSAFKSEIYFNTYGGIDNYCNDEHIGAQNTGDGR",350,"Match"
"CRL_1_AB3AC.IND41b-8964","CRL_.re.fa","D00905","KHR (orf only)",0,99.888,891,270410,271300,891,1,"ATGGGCCACTTAGCGATCCTTTTCAGTATTATCGCTGTATGGAATATAGCTACAGCTGTTGCATCGAGCGACAGCATTTACCTTAAGGGACACAGAGTAGGACAGGATATCGACAGTCTATACAGAGTGTACGATAATGGTACTATGTACCCTGTCACTTTCAATGAGTGGTTAAATGATCTAACTGGGATGAATGACTTGGCAACAAATAACGCGACAATATTAAAACGTGACAGTAGCGATGTTTCTTGCGTTAATGAAACATGCCAATACGTGGATTACCACGTGGATGACGAAGGAGTTATAACTATAGACATATCTACGTATCGTATCCCTGTCGAATGGGATAATGGTTCTGCAGGCAACGCATCATATGGAGTCTCAAAGCGTGATACAAAATATGAGACATTCTGTAAGAAGAAAATATGCGGTATAAACATTTCCGGTTTCTGTAACGCGTATGACTTCGCCGTTCCTGCTTTCGACTTCGGTGGCAATGTCTACAACCTTGTTAGTGGTATCACTGATAGGATTAAAGAAGCTACGAAGAGGGATAAGACTGAATGTCTAGGTTACGAACTAGATCATGTGAGAATAGATCCTGCTGTTGATTGGTCCATATTTATTTCTACTTGGAAACAAGGGTCGGCCAATTGTGACACACAGGCATCTGCTGACAGCTTGAAATGTGCTGCCCAAAAAGCACTTGAAAGTGAACACAATCACCAAAAAACAGCTTTCTGTATTCACCTAGATAATGGTGGATCATTTAACTTAGACATTAGGCTAATATCTGAGCTTTCATTTTCGAAATATAACCCATGGGCTCTTCCATGTCCGAAGGACAAAGGCTCCAATTCTTGGCAAGTTGTGAGCGACTGTTTTCAATAA","MGHLAILFSIIAVWNIATAVASSDSIYLKGHRVGQDIDSLYRVYDNGTMYPVTFNEWLNDLTGMNDLATNNATILKRDSSDVSCVNETCQYVDYHVDDEGVITIDISTYRIPVEWDNGSAGNASYGVSKRDTKYETFCKKKICGINISGFCNAYDFAVPAFDFGGNVYNLVSGITDRIKEATKRDKTECLGYELDHVRIDPAVDWSIFISTWKQGSANCDTQASADSLKCAAQKALESEHNHQKTAFCIHLDNGGSFNLDIRLISELSFSKYNPWALPCPKDKGSNSWQVVSDCFQ","MGHLAILFSIIAVWNIATAVASSDSIYLKGHRVGQDIDSLYRVYDNGTMYPVTFNEWLNDLTGMNDLATNNATILKRDSSDVSCVNETCQYVDYHVDDEGVITIDISTYRIPVEWDNGSAGNASYGVSKRDTKYETFCKKKICGINISGFCNAYDFAVPAFDFGGNVYNLVSGITDRIKEATKRDKTECLGYELDHVRIDPAVDWSIFISTWKQGSANCDTQASADSLKCAAQKALESEHNHQKTAFCIHLDNGGSFNLDIRLISELSFSKYNPWALPCPKDKGSNSWQVVSDCFQ*","KHR",296,"yes","mutant",1,"CRL_.re.fa","KHR","ATGGGCCACTTAGCGATCCTTTTCAGTATTATCGCTGTATGGAATATAGCTACAGCTGTTGCATCGAGCGACAGCATTTACCTTAAGGGACACAGAGTAGGACAGGATATCGACAGTCTATACAGAGTGTACGATAATGGTACTATGTACCCTGTCACTTTCAATGAGTGGTTAAATGATCTAACTGGGATGAATGACTTGGCAACAAATAACGCGACAATATTAAAACGTGACAGTAGCGATGTTTCTTGCGTTAATGAAACATGCCAATACGTGGATTACCACGTGGATGACGAAGGAGTTATAACTATAGACATATCTACGTATCGTATCCCTGTCGAATGGGATAATGGTTCTGCAGGCAACGCATCATATGGAGTCTCAAAGCGTGATACAAAATATGAGACATTCTGTAAGAAGAAAATATGCGGTATAAACATTTCCGGTTTCTGTAACGCGTATGACTTCGCCGTTCCTGCTTTCGACTTCGGTGGCAATGTCTACAACCTTGTTAGTGGTATCACTGATAGGATTAAAGAAGCTACGAAGAGGGATAAGACTGAATGTCTAGGTTACGAACTAGATCATGTGAGAATAGATCCTGCTGTTGATTGGTCCATATTTATTTCTACTTGGAAACAAGGGTCGGCCAATTGTGACACACAGGCATCTGCTGACAGCTTGAAATGTGCTGCCCAAAAAGCACTTGAAAGTGAACACAATCACCAAAAAACAGCTTTCTGTATTCACCTAGATAATGGTGGATCATTTAACTTAGACATTAGGCTAATATCTGAGCTTTCATTTTCGAAATATAACCCATGGGCTCTTCCATGTCCGAAGGACAAAGGCTCCAATTCTTGGCAAGTTGTGAGCGACTGTTTTCAATAA","MGHLAILFSIIAVWNIATAVASSDSIYLKGHRVGQDIDSLYRVYDNGTMYPVTFNEWLNDLTGMNDLATNNATILKRDSSDVSCVNETCQYVDYHVDDEGVITIDISTYRIPVEWDNGSAGNASYGVSKRDTKYETFCKKKICGINISGFCNAYDFAVPAFDFGGNVYNLVSGITDRIKEATKRDKTECLGYELDHVRIDPAVDWSIFISTWKQGSANCDTQASADSLKCAAQKALESEHNHQKTAFCIHLDNGGSFNLDIRLISELSFSKYNPWALPCPKDKGSNSWQVVSDCFQ",296,"Match"
"GAL-5782","GAL.re.fa","D00905","KHR (orf only)",0,100,891,185,1075,891,1,"ATGGGCCACTTAGCGATCCTTTTCAGTATTATCGCTGTATGGAATATAGCTACAGCTGTTGCATCGAGCGACAGCATTTACCTTAAGGGACACAGAGTAGGACAGGATATCGACAGTCTATACAGAGTGTACGATAATGGTACTATGTACCCTGTCACTTTCAATGAGTGGTTAAATGATCTAACTGGGATGAATGACTTGGCAACAAATAACGCGACAATATTAAAACGTGACAGTAGCGATGTTTCTTGCGTTAATGAAACATGCCAATACGTGGATTACCACGTGGATGACGAAGGAGTTATAACTATAGACATATCTACGTATCGTATCCCTGTCGAATGGGATAATGGTTCTGCAGGCAACGCATCATATGGAGTCTCAAAGCGTGATACAAAATATGAGACATTCTGTAAGAAGAAAATATGCGGTATAAACGTTTCCGGTTTCTGTAACGCGTATGACTTCGCCGTTCCTGCTTTCGACTTCGGTGGCAATGTCTACAACCTTGTTAGTGGTATCACTGATAGGATTAAAGAAGCTACGAAGAGGGATAAGACTGAATGTCTAGGTTACGAACTAGATCATGTGAGAATAGATCCTGCTGTTGATTGGTCCATATTTATTTCTACTTGGAAACAAGGGTCGGCCAATTGTGACACACAGGCATCTGCTGACAGCTTGAAATGTGCTGCCCAAAAAGCACTTGAAAGTGAACACAATCACCAAAAAACAGCTTTCTGTATTCACCTAGATAATGGTGGATCATTTAACTTAGACATTAGGCTAATATCTGAGCTTTCATTTTCGAAATATAACCCATGGGCTCTTCCATGTCCGAAGGACAAAGGCTCCAATTCTTGGCAAGTTGTGAGCGACTGTTTTCAATAA","MGHLAILFSIIAVWNIATAVASSDSIYLKGHRVGQDIDSLYRVYDNGTMYPVTFNEWLNDLTGMNDLATNNATILKRDSSDVSCVNETCQYVDYHVDDEGVITIDISTYRIPVEWDNGSAGNASYGVSKRDTKYETFCKKKICGINVSGFCNAYDFAVPAFDFGGNVYNLVSGITDRIKEATKRDKTECLGYELDHVRIDPAVDWSIFISTWKQGSANCDTQASADSLKCAAQKALESEHNHQKTAFCIHLDNGGSFNLDIRLISELSFSKYNPWALPCPKDKGSNSWQVVSDCFQ","MGHLAILFSIIAVWNIATAVASSDSIYLKGHRVGQDIDSLYRVYDNGTMYPVTFNEWLNDLTGMNDLATNNATILKRDSSDVSCVNETCQYVDYHVDDEGVITIDISTYRIPVEWDNGSAGNASYGVSKRDTKYETFCKKKICGINVSGFCNAYDFAVPAFDFGGNVYNLVSGITDRIKEATKRDKTECLGYELDHVRIDPAVDWSIFISTWKQGSANCDTQASADSLKCAAQKALESEHNHQKTAFCIHLDNGGSFNLDIRLISELSFSKYNPWALPCPKDKGSNSWQVVSDCFQ*","KHR",296,"yes","canonical",1,"GAL.re.fa","KHR","ATGGGCCACTTAGCGATCCTTTTCAGTATTATCGCTGTATGGAATATAGCTACAGCTGTTGCATCGAGCGACAGCATTTACCTTAAGGGACACAGAGTAGGACAGGATATCGACAGTCTATACAGAGTGTACGATAATGGTACTATGTACCCTGTCACTTTCAATGAGTGGTTAAATGATCTAACTGGGATGAATGACTTGGCAACAAATAACGCGACAATATTAAAACGTGACAGTAGCGATGTTTCTTGCGTTAATGAAACATGCCAATACGTGGATTACCACGTGGATGACGAAGGAGTTATAACTATAGACATATCTACGTATCGTATCCCTGTCGAATGGGATAATGGTTCTGCAGGCAACGCATCATATGGAGTCTCAAAGCGTGATACAAAATATGAGACATTCTGTAAGAAGAAAATATGCGGTATAAACGTTTCCGGTTTCTGTAACGCGTATGACTTCGCCGTTCCTGCTTTCGACTTCGGTGGCAATGTCTACAACCTTGTTAGTGGTATCACTGATAGGATTAAAGAAGCTACGAAGAGGGATAAGACTGAATGTCTAGGTTACGAACTAGATCATGTGAGAATAGATCCTGCTGTTGATTGGTCCATATTTATTTCTACTTGGAAACAAGGGTCGGCCAATTGTGACACACAGGCATCTGCTGACAGCTTGAAATGTGCTGCCCAAAAAGCACTTGAAAGTGAACACAATCACCAAAAAACAGCTTTCTGTATTCACCTAGATAATGGTGGATCATTTAACTTAGACATTAGGCTAATATCTGAGCTTTCATTTTCGAAATATAACCCATGGGCTCTTCCATGTCCGAAGGACAAAGGCTCCAATTCTTGGCAAGTTGTGAGCGACTGTTTTCAATAA","MGHLAILFSIIAVWNIATAVASSDSIYLKGHRVGQDIDSLYRVYDNGTMYPVTFNEWLNDLTGMNDLATNNATILKRDSSDVSCVNETCQYVDYHVDDEGVITIDISTYRIPVEWDNGSAGNASYGVSKRDTKYETFCKKKICGINVSGFCNAYDFAVPAFDFGGNVYNLVSGITDRIKEATKRDKTECLGYELDHVRIDPAVDWSIFISTWKQGSANCDTQASADSLKCAAQKALESEHNHQKTAFCIHLDNGGSFNLDIRLISELSFSKYNPWALPCPKDKGSNSWQVVSDCFQ",296,"Match"
"GAL-5966","GAL.re.fa","CP004815","REGION: 543434..544486 KHS",0,89.848,1054,1520,2572,1053,1,"ATGAATAGATCATACACAGACGACATGAATAGCAGCCCTCCAAATTACTTGACAACAAGGACGTTTAGAATCGTTAGATTGTTTGCAATAATTTTTGCACTGCTTTTGGTAGCGTACTCATTATTTTTAAGCACCCTTAAAACTGGGGCTATACCTGACCACACCAGCACTGCTGCTCTAGTACGGCGGGCTAGGTGGTCATTTGCGACTGGATTAGGACTAGGAGGATTTGTAATTGCTGCAGCCGCTTATGCTACTCCTTACTGGGTCGCAGCAATCTGTATCGCATCCACTGGCGGAGTATGTTCACCTATAGCTGGTGCTGTTTTAGCAACGTCAACAGTTATAGTTGCAGCAGTCTTAGTGGGAAAGAGTTCTGGCTCAGCAACAAAGCGAGGGTTGAGTAAGACTATTAGTGTACTGAATCATACTATAACATTCACTGATCATGTACTCAATGGGCAGACATTGTCTAATGGTACCAGTAGTAATTTTGTTACAATAGGGTTTAGTGGGTATGCAGTACATGACACCATCAAACGTGACGGTGCTGCTGAGCTCAACTTTGTGGGGTATACTACGGAGCATGGAACCCACATCAGCACGAGTAGCGTACATAATGTGAGCATGCTCATCGATCAAATCGTGGCAGCGGTACCAGGAGTACCTGATATAGGTGGCAACGCTTCGGCCCTATCTTTACAAAGACGCAGTCAAGAGTTCGCTACCTCATGGATATCAATGACATATGATCAGAGTTATGGTGATCTGGCACAGAACTGGCAAAATGACGAAGGTGGAGCAGGAAATTTTGATTCTTATGCTGAAGAGGAGTTACAGAATTTCTTTTCAGATAATAGGGATTGGAAATACTGCTTTGCTGCTGAGGACACGAAAAACGGTGAGCCACTTGATTACGATGACATACCTGGTGACGGTGCAGGCACGGGTTCGGCATTCAAGTCTGAGATATATTTTAACACTTACGGTGGTATAGATAATTATTGTAATGACGAGCATATCGGTGCTCAGAACACTGGGGATGGTCGATAA","MNRSYTDDMNSSPPNYLTTRTFRIVRLFAIIFALLLVAYSLFLSTLKTGAIPDHTSTAALVRRARWSFATGLGLGGFVIAAAAYATPYWVAAICIASTGGVCSPIAGAVLATSTVIVAAVLVGKSSGSATKRGLSKTISVLNHTITFTDHVLNGQTLSNGTSSNFVTIGFSGYAVHDTIKRDGAAELNFVGYTTEHGTHISTSSVHNVSMLIDQIVAAVPGVPDIGGNASALSLQRRSQEFATSWISMTYDQSYGDLAQNWQNDEGGAGNFDSYAEEELQNFFSDNRDWKYCFAAEDTKNGEPLDYDDIPGDGAGTGSAFKSEIYFNTYGGIDNYCNDEHIGAQNTGDGR","MNRSYTDDMNSSPPNYLTTRTFRIVRLFAIIFALLLVAYSLFLSTLKTGAIPDHTSTAALVRRARWSFATGLGLGGFVIAAAAYATPYWVAAICIASTGGVCSPIAGAVLATSTVIVAAVLVGKSSGSATKRGLSKTISVLNHTITFTDHVLNGQTLSNGTSSNFVTIGFSGYAVHDTIKRDGAAELNFVGYTTEHGTHISTSSVHNVSMLIDQIVAAVPGVPDIGGNASALSLQRRSQEFATSWISMTYDQSYGDLAQNWQNDEGGAGNFDSYAEEELQNFFSDNRDWKYCFAAEDTKNGEPLDYDDIPGDGAGTGSAFKSEIYFNTYGGIDNYCNDEHIGAQNTGDGR*","KHS",350,"yes","mutant",1,"GAL.re.fa","KHS","ATGAATAGATCATACACAGACGACATGAATAGCAGCCCTCCAAATTACTTGACAACAAGGACGTTTAGAATCGTTAGATTGTTTGCAATAATTTTTGCACTGCTTTTGGTAGCGTACTCATTATTTTTAAGCACCCTTAAAACTGGGGCTATACCTGACCACACCAGCACTGCTGCTCTAGTACGGCGGGCTAGGTGGTCATTTGCGACTGGATTAGGACTAGGAGGATTTGTAATTGCTGCAGCCGCTTATGCTACTCCTTACTGGGTCGCAGCAATCTGTATCGCATCCACTGGCGGAGTATGTTCACCTATAGCTGGTGCTGTTTTAGCAACGTCAACAGTTATAGTTGCAGCAGTCTTAGTGGGAAAGAGTTCTGGCTCAGCAACAAAGCGAGGGTTGAGTAAGACTATTAGTGTACTGAATCATACTATAACATTCACTGATCATGTACTCAATGGGCAGACATTGTCTAATGGTACCAGTAGTAATTTTGTTACAATAGGGTTTAGTGGGTATGCAGTACATGACACCATCAAACGTGACGGTGCTGCTGAGCTCAACTTTGTGGGGTATACTACGGAGCATGGAACCCACATCAGCACGAGTAGCGTACATAATGTGAGCATGCTCATCGATCAAATCGTGGCAGCGGTACCAGGAGTACCTGATATAGGTGGCAACGCTTCGGCCCTATCTTTACAAAGACGCAGTCAAGAGTTCGCTACCTCATGGATATCAATGACATATGATCAGAGTTATGGTGATCTGGCACAGAACTGGCAAAATGACGAAGGTGGAGCAGGAAATTTTGATTCTTATGCTGAAGAGGAGTTACAGAATTTCTTTTCAGATAATAGGGATTGGAAATACTGCTTTGCTGCTGAGGACACGAAAAACGGTGAGCCACTTGATTACGATGACATACCTGGTGACGGTGCAGGCACGGGTTCGGCATTCAAGTCTGAGATATATTTTAACACTTACGGTGGTATAGATAATTATTGTAATGACGAGCATATCGGTGCTCAGAACACTGGGGATGGTCGATAA","MNRSYTDDMNSSPPNYLTTRTFRIVRLFAIIFALLLVAYSLFLSTLKTGAIPDHTSTAALVRRARWSFATGLGLGGFVIAAAAYATPYWVAAICIASTGGVCSPIAGAVLATSTVIVAAVLVGKSSGSATKRGLSKTISVLNHTITFTDHVLNGQTLSNGTSSNFVTIGFSGYAVHDTIKRDGAAELNFVGYTTEHGTHISTSSVHNVSMLIDQIVAAVPGVPDIGGNASALSLQRRSQEFATSWISMTYDQSYGDLAQNWQNDEGGAGNFDSYAEEELQNFFSDNRDWKYCFAAEDTKNGEPLDYDDIPGDGAGTGSAFKSEIYFNTYGGIDNYCNDEHIGAQNTGDGR",350,"Match"
