File,Contig,Gene,Seq,Prot,Length
AAB_6.re.fa,AAB_6-11822,KHR,ATGGGCCACTTAGCGATCCTTTTCAGTATTATCGCTGTATGGAATATAGCTACAGCTGTTGCATCGAGCGACAGCATTTACCTTAAGGGACACAGAGTAGGACAGGATATCGACAGTCTATACAGAGTGTACGATAATGGTACTATGTACCCTGTCACTTTCAATGAGTGGTTAAATGATCTAACTGGGATGAATGACTTGGCAACAAATAACGCGACAATATTAAAACGTGACAGTAGCGATGTTTCTTGCGTTAATGAAACATGCCAATACGTGGATTACCACGTGGATGACGAAGGAGTTATAACTATAGACATATCTACGTATCGTATCCCTGTCGAATGGGATAATGGTTCTGCAGGCAACGCATCATATGGAGTCTCAAAGCGTGATACAAAATATGAGACATTCTGTAAGAAGAAAATATGCGGTATAAACGTTTCCGGTTTCTGTAACGCGTATGACTTCGCCGTTCCTGCGTTCGACTTCGGTGGCAATGTCTACAACCTTGTTAGTGGTATCACTGATAGGATTAAAGAAGCTACGAAGAGGGATAAGACTGAATGTCTAGGTTACGAACTAGATCATGTGAGAATAGATCCTGCTGTTGATTGGTCCATATTTATTTCTACTTGGAAACAAGGGTCGGCCAATTGTGACACACAGGCATCTGCTGACAGCTTGAAATGTGCTGCCCAAAAAGCACTTGAAAGTGAACACAATCACCAAAAAACAGCTTTCTGTATTCACCTAGATAATGGTGGATCATTTAACTTAGACATTAGGCTAATATCTGAGCTTTCATTTTCGAAATATAACCCATGGGCTCTTCCATGTCCGAAGGACAAAGGCTCCAATTCTTGGCAAGTTGTGAGCGACTGTTTTCAATAA,MGHLAILFSIIAVWNIATAVASSDSIYLKGHRVGQDIDSLYRVYDNGTMYPVTFNEWLNDLTGMNDLATNNATILKRDSSDVSCVNETCQYVDYHVDDEGVITIDISTYRIPVEWDNGSAGNASYGVSKRDTKYETFCKKKICGINVSGFCNAYDFAVPAFDFGGNVYNLVSGITDRIKEATKRDKTECLGYELDHVRIDPAVDWSIFISTWKQGSANCDTQASADSLKCAAQKALESEHNHQKTAFCIHLDNGGSFNLDIRLISELSFSKYNPWALPCPKDKGSNSWQVVSDCFQ,296
AAC_6.re.fa,AAC_6-18699,KHR,ATGGGCCACTTAGCGATCCTTTTCAGTATTATCGCTGTATGGAATATAGCTACAGCTGTTGCATCGAGCGACAGCATTTACCTTAAGGGACACAGAGTAGGACAGGATATCGACAGTCTATACAGAGTGTACGATAATGGTACTATGTACCCTGTCACTTTCAATGAGTGGTTAAATGATCTAACTGGGATGAATGACTTGGCAACAAATAACGCGACAATATTAAAACGTGACAGTAGCGATGTTTCTTGCGTTAATGAAACATGCCAATACGTGGATTACCACGTGGATGACGAAGGAGTTATAACTATAGACATATCTACGTATCGTATCCCTGTCGAATGGGATAATGGTTCTGCAGGCAACGCATCATATGGAGTCTCAAAGCGTGATACAAAATATGAGACATTCTGTAAGAAGAAAATATGCGGTATAAACGTTTCCGGTTTCTGTAACGCGTATGACTTCGCCGTTCCTGCTTTCGACTTCGGTGGCAATGTCTACAACCTTGTTAGTGGTATCATTGATAGGATTAAAGAAGCTACGAAGAGGGATAAGACTGAATGTCTAGGTTACGAACTAGATCATGTGAGAATAGATCCTGCTGTTGATTGGTCCATATTTATTTCTACTTGGAAACAAGGGTCGGCCAATTGTGACACACAGGCATCTGCTGACAGCTTGAAATGTGCTGCCCAAAAAGCACTTGAAAGTGAACACAATCACCAAAAAACAGCTTTCTGTATTCACCTAGATAATGGTGGATCATTTAACTTAGACATTAGGCTAATATCTGAGCTTTCATTTTCGAAATATAACCCATGGGCTCTTCCATGTCCGAAGGACAAAGGCTCCAATTCTTGGCAAGTTGTGAGCGACTGTTTTCAATAA,MGHLAILFSIIAVWNIATAVASSDSIYLKGHRVGQDIDSLYRVYDNGTMYPVTFNEWLNDLTGMNDLATNNATILKRDSSDVSCVNETCQYVDYHVDDEGVITIDISTYRIPVEWDNGSAGNASYGVSKRDTKYETFCKKKICGINVSGFCNAYDFAVPAFDFGGNVYNLVSGIIDRIKEATKRDKTECLGYELDHVRIDPAVDWSIFISTWKQGSANCDTQASADSLKCAAQKALESEHNHQKTAFCIHLDNGGSFNLDIRLISELSFSKYNPWALPCPKDKGSNSWQVVSDCFQ,296
AAD_6.re.fa,AAD_6-5666,KHR,ATGGGCCACTTAGCGATCCTTTTCAGTATTATCGCTGTATGGAATATAGCTACAGCTGTTGCATCGAGCGACAGCATTTACCTTAAGGGACACAGAGTAGGACAGGATATCGACAGTCTATACAGAGTGTACGATAATGGTACTATGTACCCTGTCACTTTCAATGAGTGGTTAAATGATCTAACTGGGATGAATGACTTGGCAACAAATAACGCGACAATATTAAAACGTGACAGTAGCGATGTTTCTTGCGTTAATGAAACATGCCAATACGTGGATTACCACGTGGATGACGAAGGAGTTATAACTATAGACATATCTACGTATCGTATCCCTGTCGAATGGGATAATGGTTCTGCAGGCAACGCATCATATGGAGTCTCAAAGCGTGATACAAAATATGAGACATTCTGTAAGAAGAAAATATGCGGTATAAACGTTTCCGGTTTCTGTAACGCGTATGACTTCGCCGTTCCTGCTTTCGACTTCGGTGGCAATGTCTACAGCCTTGCTAGTGATATCATTGATAGGATTAAAGGCGCTACGAAGAGGGATAAGACCGAATGTCTACGTTACGAACTAGATCATGTGAGAATAGATCCTGCTGTTGATTGGTCTATATTTATTTCTACTTGGAAGCAAGGGCCGGCCAATTATGACACACAGGCATCTGCTGACAGCTTGAAATGTGCTGCCCAAAAAGCGCTTGAAAGTGAACACAATCACCAAAAAACAGCTTTCTGTATTCACCTAGATAATGGTGGATCGTTTAACTTAGACATTAGGCTAATATCTGAGCTTTCATTTTCGAAATATAACCCATGGGCTCTTCCATGTCCGAAGGACAAAGACTCAAATTCTTGGCAGGTTGTGAGCGACTGTTTTCAATAA,MGHLAILFSIIAVWNIATAVASSDSIYLKGHRVGQDIDSLYRVYDNGTMYPVTFNEWLNDLTGMNDLATNNATILKRDSSDVSCVNETCQYVDYHVDDEGVITIDISTYRIPVEWDNGSAGNASYGVSKRDTKYETFCKKKICGINVSGFCNAYDFAVPAFDFGGNVYSLASDIIDRIKGATKRDKTECLRYELDHVRIDPAVDWSIFISTWKQGPANYDTQASADSLKCAAQKALESEHNHQKTAFCIHLDNGGSFNLDIRLISELSFSKYNPWALPCPKDKDSNSWQVVSDCFQ,296
AAE_6.re.fa,AAE_6-6680,KHR,ATGGGCCACTTAGCGATCCTTTTCAGTATTATCGCTGTATGGAATATAGCTACAGCTGTTGCATCGAGCGACAGCATTTACCTTAAGGGACACAGAGTAGGACAGGATATCGACAGTCTATACAGAGTGTACGATAATGGTACTATGTACCCTGTCACTTTCAATGAGTGGTTAAATGATCTAACTGGGATGAATGACTTGGCAACAAATAACGCGACAATATTAAAACGTGACAGTAGCGATGTTTCTTGCGTTAATGAAACATGCCAATACGTGGATTACCACGTGGATGACGAAGGAGTTATAACTATAGACATATCTACGTATCGTATCCCTGTCGAATGGGATAATGGTTCTGCAGGCAACGCATCATATGGAGTCTCAAAGCGTGATACAAAATATGAGACATTCTGTAAGAAGAAAATATGCGGTATAAACGTTTCCGGTTTCTGTAACGCGTATGACTTCGCCGTTCCTGCTTTCGACTTCGGTGGCAATGTCTACAACCTTGTTAGTGGTATCACTGATAGGATTAAAGAAGCTACGAAGAGGGATAAGACTGAATGTCTAGGTTACGAACTAGATCATGTGAGAATAGATCCTGCTGTTGATTGGTCCATATTTATTTCTACTTGGAAACAAGGGTCGGCCAATTGTGACACACAGGCATCTGCTGACAGCTTGAAATGTGCTGCCCAAAAAGCACTTGAAAGTGAACACAATCACCAAAAAACAGCTTTCTGTATTCACCTAGATAATGGTGGATCATTTAACTTAGACATTAGGCTAATATCTGAGCTTTCATTTTCGAAATATAACCCATGGGCTCTTCCATGTCCGAAGGACAAAGGCTCCAATTCTTGGCAAGTTCTGAGCGACTGTTTTCAATAA,MGHLAILFSIIAVWNIATAVASSDSIYLKGHRVGQDIDSLYRVYDNGTMYPVTFNEWLNDLTGMNDLATNNATILKRDSSDVSCVNETCQYVDYHVDDEGVITIDISTYRIPVEWDNGSAGNASYGVSKRDTKYETFCKKKICGINVSGFCNAYDFAVPAFDFGGNVYNLVSGITDRIKEATKRDKTECLGYELDHVRIDPAVDWSIFISTWKQGSANCDTQASADSLKCAAQKALESEHNHQKTAFCIHLDNGGSFNLDIRLISELSFSKYNPWALPCPKDKGSNSWQVLSDCFQ,296
AAG_6.re.fa,AAG_6-7237,KHR,ATGCCACGGAAAAAAAAATCGATACAAATAAGCACACATCATGGTCATGGGCCACTTAGCCGGATCCTTTTCGGTATTATCGCTGTATGGAATATAGCTACAGCTATTGCATCGAGCGACAGCATTTACCTTAAGGGACACAGAGTAGGACAGGATATCGACAGTCTATACAGAGTGTATGGTAATGGTACTATGTACCCCGTCACTTTCAATGAGTGGTTAAATAATCTAGCTGGGATGAATGACTCGGCAACAAATAACGCAACAATATTAAAATATGACAGTAGCGATGTTTCTTGCGTTAATGAAACATGCCAATACGTAGATTACCACGTGGATGACGAAGGAGTTATAACTATAGACATATCTACGTATCATATCCCTGTCAAATGGGATAATGATTCTGCAAGCAACGCATCATATGGAGTTTCAAAGTGTGATACAAAATATGAGACATTCTTTAAGAAGAAAATATGCGGTATAAACGTTTCCGGTTTCTGTAACGCGTATGACTTCGCCCTTCTTGCTTTCGACTTTGGTGGCAATGTCTACAGCCTTGCTAGTGGTATCATTGATAGGATTAAAGGCGCTACGAAGAGGGATAAGACTGAATGTCTAGGTTACGAACTAGATCATGTGAGAATAGATCCTGCTGTTGATTGGTCTATATTTATTTCTACTTGGAAGCAAGGGCCGGCCAATTATGACACACAGGCATCTGCTGACAGCTTGAAATGTGCTGCCCAAAAAGCGCTTGAAAGTAAACACAATCACCAAAAAACGGCTTTCTGTATTCACCTAGATAATGGTGGATCGTTTAACTTAGACATTAGGCTAATATCTGAGCTTTCATTTTCGAAATATAACCCATGGGCTCTTCCATGTCAGAAGGACAAACACTCAAATTCTTGGCAGGTTGTGAGCGACTGTTTTCAATAA,MPRKKKSIQISTHHGHGPLSRILFGIIAVWNIATAIASSDSIYLKGHRVGQDIDSLYRVYGNGTMYPVTFNEWLNNLAGMNDSATNNATILKYDSSDVSCVNETCQYVDYHVDDEGVITIDISTYHIPVKWDNDSASNASYGVSKCDTKYETFFKKKICGINVSGFCNAYDFALLAFDFGGNVYSLASGIIDRIKGATKRDKTECLGYELDHVRIDPAVDWSIFISTWKQGPANYDTQASADSLKCAAQKALESKHNHQKTAFCIHLDNGGSFNLDIRLISELSFSKYNPWALPCQKDKHSNSWQVVSDCFQ,312
AAH_6.re.fa,AAH_6-5554,KHR,ATGGGCCACTTAGCGATCCTTTTCAGTATTATCGCTGTATGGAATATAGCTACAGCTGTTGCATCGAGCGACAGCATTTACCTTAAGGGACACAGAGTAGGACAGGATATCGACAGTCTATACAGAGTGTACGATAATGGTACTATGTACCCTGTCACTTTCAATGAGTGGTTAAATGATCTAACTGGGATGAATGACTTGGCAACAAATAACGCGACAATATTAAAACGTGACAGTAGCGATGTTTCTTGCGTTAATGAAACATGCCAATACGTGGATTACCACGTGGATGACGAAGGAGTTATAACTATAGACATATCTACGTATCGTATCCCTGTCGAATGGGATAATGGTTCTGCAGGCAACGCATCATATGGAGTCTCAAAGCGTGATACAAAATATGAGACATTCTGTAAGAAGAAAATATGCGGTATAAACGTTTCCGGTTTCTGTAACGCGTATGACTTCGCCGTTCCTGCTTTCGACTTCGGTGGCAATGTCTACAGCCTTGCTAGTGATATCATTGATAGGATTAAAGAAGCTACGAAGAGGGATAAGACTGAATGTCTAGGTTACGAACTAGATCATGTGAGAATAGATCCTGCTGTTGATTGGTCCATATTTATTTCTACTTGGAAACAAGGGTCGGCCAATTGTGACACACAGGCATCTGCTGACAGCTTGAAATGTGCTGCCCAAAAAGCACTTGAAAGTGAACACAATCACCAAAAAACAGCTTTCTGTATTCACCTAGATAATGGTGGATCATTTAACTTAGACATTAGGCTAATATCTGAGCTTTCATTTTCGAAATATAACCCATGGGCTCTTCCATGTCCGAAGGACAAAGGCTCCAATTCTTGGCAAGTTGTGAGCGACTGTTTTCAATAA,MGHLAILFSIIAVWNIATAVASSDSIYLKGHRVGQDIDSLYRVYDNGTMYPVTFNEWLNDLTGMNDLATNNATILKRDSSDVSCVNETCQYVDYHVDDEGVITIDISTYRIPVEWDNGSAGNASYGVSKRDTKYETFCKKKICGINVSGFCNAYDFAVPAFDFGGNVYSLASDIIDRIKEATKRDKTECLGYELDHVRIDPAVDWSIFISTWKQGSANCDTQASADSLKCAAQKALESEHNHQKTAFCIHLDNGGSFNLDIRLISELSFSKYNPWALPCPKDKGSNSWQVVSDCFQ,296
AAI_6.re.fa,AAI_6-8813,KHR,ATGGGTCACTTAGCGATCCTTTTCAGTATTATCGCTGTATGGAATATAGCTACAGCTGTTGCATCGAGCGACAGCATTTACCTTAAGGGACACAGAGTAGGACAGGATATCGACAGTCTATACAGAGTGTACGATAATGGTACTATGTACCCTGTCACTTTCAATGAGTGGTTAAATGATCTAACTGGGATGGATGACTTGGCAACAAATAACGCGACAATATTAAAACGTGACAGTAGCGATGTTTCTTGCGTTAATGAAACATGCCAATACGTGGATTACCACGTGGATGACGAAGGAGTTATAACTATAGACATATCTACGTATCGTATCCCTGTCGAATGGGATAATGGTTCTGCAGGCAACGCATCATATGGAGTCTCAAAGCGTGATACAAAATATGAGACATTCTGTAAGAAGAAAATATGCGGTATAAACATTTCCGGTTTCTGTAACGCGTATGACTTCGCCGTTCCTGCTTTCGACTTCGGTGGCAATGTCTACAACCTTGTTAGTGGTATCACTGATAGGATTAAAGAAGCTACGAAGAGGGATAAGACTGAATGTCTAGGTTACGAACTAGATCATGTGAGAATAGATCCTGCTGTTGATTGGTCCATATTTATTTCTACTTGGAAACAAGGGTCGGCCAATTGTGACACACAGGCATCTGCTGACAGCTTGAAATGTGCTGCCCAAAAAGCACTTGAAAGTGAACACAATCACCAAAAAACAGCTTTCTGTATTCACCTAGATAATGGTGGATCATTTAACTTAGACATTAGGCTAATATCTGAGCTTTCATTTTCGAAATATAACCCATGGGCTCTTCCATGTCCGAAGGACAAAGGCTCCAATTCTTGGCAAGTTGTGAGCGACTGTTTTCAATAA,MGHLAILFSIIAVWNIATAVASSDSIYLKGHRVGQDIDSLYRVYDNGTMYPVTFNEWLNDLTGMDDLATNNATILKRDSSDVSCVNETCQYVDYHVDDEGVITIDISTYRIPVEWDNGSAGNASYGVSKRDTKYETFCKKKICGINISGFCNAYDFAVPAFDFGGNVYNLVSGITDRIKEATKRDKTECLGYELDHVRIDPAVDWSIFISTWKQGSANCDTQASADSLKCAAQKALESEHNHQKTAFCIHLDNGGSFNLDIRLISELSFSKYNPWALPCPKDKGSNSWQVVSDCFQ,296
AAN_3.re.fa,AAN_3-26273,KHR,ATGGGCCACTTAGCGATCCTTTTCAGTATTATCGCTGTATGGAATATAGCTACAGCTGTTGCATCGAGCGACAGCATTTACCTTAAGGGACACAGAGTAGGACAGGATATCGACAGTCTATACAGAGTGTACGATAATGGTACTATGTACCCTGTCACTTTCAATGAGTGGTTAAATGATCTAACTGGGATGAATGACTTGGCAACAAATAACGCGACAATATTAAAACGTGACAGTAGCGATGTTTCTTGCGTTAATGAAACATGCCAATACGTGGATTACCACGTGGATGACGAAGGAGTTATAACTATAGACATATCTACGTATCGTATCCCTGTCGAATGGGATAATGGTTCTGCAGGCAACGCATCATATGGAGTCTCAAAGCGTGATACAAAATATGAGACATTCTGTAAGAAGAAAATATGCGGTATAAACGTTTCCGGTTTCTGTAACGCGTATGACTTCGCCGTTCCTGCGTTCGACTTCGGTGGCAATGTCTACAACCTTGTTAGTGGTATCACTGATAGGATTAAAGAAGCTACGAAGAGGGATAAGACTGAATGTCTAGGTTACGAACTAGATCATGTGAGAATAGATCCTGCTGTTGATTGGTCCATATTTATTTCTACTTGGAAACAAGGGTCGGCCAATTGTGACACACAGGCATCTGCTGACAGCTTGAAATGTGCTGCCCAAAAAGCACTTGAAAGTGAACACAATCACCAAAAAACAGCTTTCTGTATTCACCTAGATAATGGTGGATCATTTAACTTAGACATTAGGCTAATATCTGAGCTTTCATTTTCGAAATATAACCCATGGGCTCTTCCATGTCCGAAGGACAAAGGCTCCAATTCTTGGCAAGTTGTGAGCGACTGTTTTCAATAA,MGHLAILFSIIAVWNIATAVASSDSIYLKGHRVGQDIDSLYRVYDNGTMYPVTFNEWLNDLTGMNDLATNNATILKRDSSDVSCVNETCQYVDYHVDDEGVITIDISTYRIPVEWDNGSAGNASYGVSKRDTKYETFCKKKICGINVSGFCNAYDFAVPAFDFGGNVYNLVSGITDRIKEATKRDKTECLGYELDHVRIDPAVDWSIFISTWKQGSANCDTQASADSLKCAAQKALESEHNHQKTAFCIHLDNGGSFNLDIRLISELSFSKYNPWALPCPKDKGSNSWQVVSDCFQ,296
AAP_3.re.fa,AAP_3-23866,KHR,ATGGGCCACTTAGCGATCCTTTTCAGTATTATCGCTGTATGGAATATAGCTACAGCTGTTGCATCGAGCGACAGCATTTACCTTAAGGGACACAGAGTAGGACAGGATATCGACAGTCTATACAGAGTGTACGATAATGGTACTATGTACCCTGTCACTTTCAATGAGTGGTTAAATGATCTAACTGGGATGAATGACTTGGCAACAAATAACGCGACAATATTAAAACGTGACAGTAGCGATGTTTCTTGCGTTAATGAAACATGCCAATACGTGGATTACCACGTGGATGACGAAGGAGTTATAACTATAGACATATCTACGTATCGTATCCCTGTCGAATGGGATAATGGTTCTGCAGGCAACGCATCATATGGAGTCTCAAAGCGTGATACAAAATATGAGACATTCTGTAAGAAGAAAATATGCGGTATAAACGTTTCCGGTTTCTGTAACGCGTATGACTTCGCCGTTCCTGCTTTCGACTTCGGTGGCAATGTCTACAACCTTGTTAGTGGTATCACTGATAGGATTAAAGAAGCTACGAAGAGGGATAAGACTGAATGTCTAGGTTACGAACTAGATCATGTGAGAATAGATCCTGCTGTTGATTGGTCCATATTTATTTCTACTTGGAAACAAGGGTCGGCCAATTGTGACACACAGGCATCTGCTGACAGCTTGAAATGTGCTGCCCAAAAAGCACTTGAAAGTGAACACAATCACCAAAAAACAGCTTTCTGTATTCACCTAGATAATGGTGGATCATTTAACTTAGACATTAGGCTAATATCTGAGCTTTCATTTTCGAAATATAACCCATGGGCTCTTCCATGTCCGAAGGACAAAGGCTCCAATTCTTGGCAAGTTGTGAGCGACTGTTTTCAATAA,MGHLAILFSIIAVWNIATAVASSDSIYLKGHRVGQDIDSLYRVYDNGTMYPVTFNEWLNDLTGMNDLATNNATILKRDSSDVSCVNETCQYVDYHVDDEGVITIDISTYRIPVEWDNGSAGNASYGVSKRDTKYETFCKKKICGINVSGFCNAYDFAVPAFDFGGNVYNLVSGITDRIKEATKRDKTECLGYELDHVRIDPAVDWSIFISTWKQGSANCDTQASADSLKCAAQKALESEHNHQKTAFCIHLDNGGSFNLDIRLISELSFSKYNPWALPCPKDKGSNSWQVVSDCFQ,296
AAQ_3.re.fa,AAQ_3-7351,KHR,ATGGGCCACTTAGCGATCCTTTTCAGTATTATCGCTGTATGGAATATAGCTACAGCTGTTGCATCGAGCGACAGCATTTACCTTAAGGGACACAGAGTAGGACAGGATATCGACAGTCTATACAGAGTGTACGATAATGGTACTATGTACCCTGTCACTTTCAATGAGTGGTTAAATGATCTAACTGGGATGAATGACTTGGCAACAAATAACGCGACAATATTAAAACGTGACAGTAGCGATGTTTCTTGCGTTAATGAAACATGCCAATACGTGGATTACCACGTGGATGACGAAGGAGTTATAACTATAGACATATCTACGTATCGTATCCCTGTCGAATGGGATAATGGTTCTGCAGGCAACGCATCATATGGAGTCTCAAAGCGTGATACAAAATATGAGACATTCTGTAAGAAGAAAATATGCGGTATAAACGTTTCCGGTTTCTGTAACGCGTATGACTTCGCCGTTCCTGCTTTCGACTTCGGTGGCAATGTCTACAATCTTGTTAGTGGTATCACTGATAGGATTAAAGAAGCTACGAAGAGGGATAAGACTGAATGTCTAGGTTACGAACTAGATCATGTGAGAATAGATCCTGCTGTTGATTGGTCCATATTTATTTCTACTTGGAAACAAGGGTCGGCCAATTGTGACACACAGGCATCTGCTGACAGCTTGAAATGTGCTGCCCAAAAAGCACTTGAAAGTGAACACAATCACCAAAAAACAGCTTTCTGTATTCACCTAGATAATGGTGGATCATTTAACTTAGACATTAGGCTAATATCTGAGCTTTCATTTTCGAAATATAACCCATGGGCTCTTCCATGTCCGAAGGACAAAGGCTCCAATTCTTGGCAAGTTGTGAGCGACTGTTTTCAATAA,MGHLAILFSIIAVWNIATAVASSDSIYLKGHRVGQDIDSLYRVYDNGTMYPVTFNEWLNDLTGMNDLATNNATILKRDSSDVSCVNETCQYVDYHVDDEGVITIDISTYRIPVEWDNGSAGNASYGVSKRDTKYETFCKKKICGINVSGFCNAYDFAVPAFDFGGNVYNLVSGITDRIKEATKRDKTECLGYELDHVRIDPAVDWSIFISTWKQGSANCDTQASADSLKCAAQKALESEHNHQKTAFCIHLDNGGSFNLDIRLISELSFSKYNPWALPCPKDKGSNSWQVVSDCFQ,296
CRK_2.re.fa,CRK_2-9767,KHR,ATGGGCCACTTAGCGATCCTTTTCAGTATTATCGCTGTATGGAATATAGCTACAGCTGTTGCATCGAGCGACAGCATTTACCTTAAGGGACACAGAGTAGGACAGGATATCGACAGTCTATACAGAGTGTACGATAATGGTACTATGTACCCTGTCACTTTCAATGAGTGGTTAAATGATCTAACTGGGATGGATGACTTGGCAACAAATAACGCGACAATATTAAAACGTGACAGTAGCGATGTTTCTTGCGTTAATGAAACATGCCAATACGTGGATTACCACGTGGATGACGAAGGAGTTATAACTATAGACATATCTACGTATCGTATCCCTGTCGAATGGGATAATGGTTCTGCAGGCAACGCATCATATGGAGTCTCAAAGCGTGATACAAAATATGAGACATTCTGTAAGAAGAAAATATGCGGTATAAACGTTTCCGGTTTCTGTAACGCGTATGACTTCGCCGTTCCTGCTTTCGACTTCGGTGGCAATGTCTACAACCTTGTTAGTGGTATCACTGATAGGATTAAAGAAGCTACGAAGAGGGATAAGACTGAATGTCTAGGTTACGAACTAGATCATGTGAGAATAGATCCTGCTGTTGATTGGTCCATATTTATTTCTACTTGGAAACAAGGGTCGGCCAATTGTGACACACAGGCATCTGCTGACAGCTTGAAATGTGCTGCCCAAAAAGCACTTGAAAGTGAACACAATCACCAAAAAACAGCTTTCTGTATTCACCTAGATAATGGTGGATCATTTAACTTAGACATTAGGCTAATATCTGAGCTTTCATTTTCGAAATATAACCCATGGGCTCTTCCATGTCCGAAGGACAAAGGCTCCAATTCTTGGCAAGTTGTGAGCGACTGTTTTCAATAA,MGHLAILFSIIAVWNIATAVASSDSIYLKGHRVGQDIDSLYRVYDNGTMYPVTFNEWLNDLTGMDDLATNNATILKRDSSDVSCVNETCQYVDYHVDDEGVITIDISTYRIPVEWDNGSAGNASYGVSKRDTKYETFCKKKICGINVSGFCNAYDFAVPAFDFGGNVYNLVSGITDRIKEATKRDKTECLGYELDHVRIDPAVDWSIFISTWKQGSANCDTQASADSLKCAAQKALESEHNHQKTAFCIHLDNGGSFNLDIRLISELSFSKYNPWALPCPKDKGSNSWQVVSDCFQ,296
CRL_.re.fa,CRL_1_AB3AC.IND41b-8964,KHR,ATGGGCCACTTAGCGATCCTTTTCAGTATTATCGCTGTATGGAATATAGCTACAGCTGTTGCATCGAGCGACAGCATTTACCTTAAGGGACACAGAGTAGGACAGGATATCGACAGTCTATACAGAGTGTACGATAATGGTACTATGTACCCTGTCACTTTCAATGAGTGGTTAAATGATCTAACTGGGATGAATGACTTGGCAACAAATAACGCGACAATATTAAAACGTGACAGTAGCGATGTTTCTTGCGTTAATGAAACATGCCAATACGTGGATTACCACGTGGATGACGAAGGAGTTATAACTATAGACATATCTACGTATCGTATCCCTGTCGAATGGGATAATGGTTCTGCAGGCAACGCATCATATGGAGTCTCAAAGCGTGATACAAAATATGAGACATTCTGTAAGAAGAAAATATGCGGTATAAACATTTCCGGTTTCTGTAACGCGTATGACTTCGCCGTTCCTGCTTTCGACTTCGGTGGCAATGTCTACAACCTTGTTAGTGGTATCACTGATAGGATTAAAGAAGCTACGAAGAGGGATAAGACTGAATGTCTAGGTTACGAACTAGATCATGTGAGAATAGATCCTGCTGTTGATTGGTCCATATTTATTTCTACTTGGAAACAAGGGTCGGCCAATTGTGACACACAGGCATCTGCTGACAGCTTGAAATGTGCTGCCCAAAAAGCACTTGAAAGTGAACACAATCACCAAAAAACAGCTTTCTGTATTCACCTAGATAATGGTGGATCATTTAACTTAGACATTAGGCTAATATCTGAGCTTTCATTTTCGAAATATAACCCATGGGCTCTTCCATGTCCGAAGGACAAAGGCTCCAATTCTTGGCAAGTTGTGAGCGACTGTTTTCAATAA,MGHLAILFSIIAVWNIATAVASSDSIYLKGHRVGQDIDSLYRVYDNGTMYPVTFNEWLNDLTGMNDLATNNATILKRDSSDVSCVNETCQYVDYHVDDEGVITIDISTYRIPVEWDNGSAGNASYGVSKRDTKYETFCKKKICGINISGFCNAYDFAVPAFDFGGNVYNLVSGITDRIKEATKRDKTECLGYELDHVRIDPAVDWSIFISTWKQGSANCDTQASADSLKCAAQKALESEHNHQKTAFCIHLDNGGSFNLDIRLISELSFSKYNPWALPCPKDKGSNSWQVVSDCFQ,296
GAL.re.fa,GAL-5782,KHR,ATGGGCCACTTAGCGATCCTTTTCAGTATTATCGCTGTATGGAATATAGCTACAGCTGTTGCATCGAGCGACAGCATTTACCTTAAGGGACACAGAGTAGGACAGGATATCGACAGTCTATACAGAGTGTACGATAATGGTACTATGTACCCTGTCACTTTCAATGAGTGGTTAAATGATCTAACTGGGATGAATGACTTGGCAACAAATAACGCGACAATATTAAAACGTGACAGTAGCGATGTTTCTTGCGTTAATGAAACATGCCAATACGTGGATTACCACGTGGATGACGAAGGAGTTATAACTATAGACATATCTACGTATCGTATCCCTGTCGAATGGGATAATGGTTCTGCAGGCAACGCATCATATGGAGTCTCAAAGCGTGATACAAAATATGAGACATTCTGTAAGAAGAAAATATGCGGTATAAACGTTTCCGGTTTCTGTAACGCGTATGACTTCGCCGTTCCTGCTTTCGACTTCGGTGGCAATGTCTACAACCTTGTTAGTGGTATCACTGATAGGATTAAAGAAGCTACGAAGAGGGATAAGACTGAATGTCTAGGTTACGAACTAGATCATGTGAGAATAGATCCTGCTGTTGATTGGTCCATATTTATTTCTACTTGGAAACAAGGGTCGGCCAATTGTGACACACAGGCATCTGCTGACAGCTTGAAATGTGCTGCCCAAAAAGCACTTGAAAGTGAACACAATCACCAAAAAACAGCTTTCTGTATTCACCTAGATAATGGTGGATCATTTAACTTAGACATTAGGCTAATATCTGAGCTTTCATTTTCGAAATATAACCCATGGGCTCTTCCATGTCCGAAGGACAAAGGCTCCAATTCTTGGCAAGTTGTGAGCGACTGTTTTCAATAA,MGHLAILFSIIAVWNIATAVASSDSIYLKGHRVGQDIDSLYRVYDNGTMYPVTFNEWLNDLTGMNDLATNNATILKRDSSDVSCVNETCQYVDYHVDDEGVITIDISTYRIPVEWDNGSAGNASYGVSKRDTKYETFCKKKICGINVSGFCNAYDFAVPAFDFGGNVYNLVSGITDRIKEATKRDKTECLGYELDHVRIDPAVDWSIFISTWKQGSANCDTQASADSLKCAAQKALESEHNHQKTAFCIHLDNGGSFNLDIRLISELSFSKYNPWALPCPKDKGSNSWQVVSDCFQ,296
AAA_6.re.fa,AAA_6-10105,KHS,ATGCTCATCGATCAAATCGTGGCAGTGGTACCAGGGGTACCTGATATAAGTGGCAACGCTTCGGCCCTATCGTTACAGAGACACAGTCAAGAGTTCGCCACCTCATGGATATCAATGACATATAGTCAGAGTTATGGTGATCTGGCACAGAACTGGCAGAATGACGAAGGTGGAGCAGGAAATTTTGATTCTTATGCTGAAGAGAAGTTACAGAATTTCTTTTCAGGTAATAGGGATTGGAAATACTGCTTTGCTGCTGAGGACACGAAGAACGGTGAGCCACTTGATTACGATGACATACCTGGTGACGGTGCAGGCACGGGTTCGGCATTCAAGTCTGAGATATATTTTAACACTTACGGTGGTATAGATAATTATTGTAATGACGAGCATATCGGTGCTCAGAACACTGGAGATGGTCGATAA,MLIDQIVAVVPGVPDISGNASALSLQRHSQEFATSWISMTYSQSYGDLAQNWQNDEGGAGNFDSYAEEKLQNFFSGNRDWKYCFAAEDTKNGEPLDYDDIPGDGAGTGSAFKSEIYFNTYGGIDNYCNDEHIGAQNTGDGR,141
AAB_6.re.fa,AAB_6-11777,KHS,ATGAATAGATCATACACAGACGACATGAATAGCAGCTCTCCAAATTACCTGACAACAAGGACGTTTAGAATCTTTAGATTGTTTGCAATAATTTTTGCACTGCTTTTGATAGCGTACTCTTTATTTCTGAGCACTCTAAAAACAGGCTCTATACCTGATCGTGCCAACACTGTTACTTTAATGCGCCGTGCCAGGTGGTCATTTGGGACTGGATTAGGACTAGGAGGATTTGTAATTGCTGCAGCCGCTTATGCTACTCCTTACTGGGTCGCAGCAATCTGTCTCGCAACTGCTAGCGAGGTGTGTGCACCTATAGCTGGTGCTGTTTTGGCGACAGCAGCGGTTATTGTCGCAGCAGTTTTAGTGGGAAAGAGTTCGGGCTCGGCAACAAAGCGAGGGTTAACTAAGACTATTAGCGTACTGAATCATACCATAACATTCACCGATCATATACTCAATGGTCAGACGTTGTCTAATGGTACTGGTAGTAATTTTGTTACAATAGGATTCAGCGGGTATGCAGTACATGACACTATCAAACGTGACAGCACTACTGATATCAATTTCGTGGGATATACCACAGAGCATGGAACCCACATTAGCACGAGTAGCGTACATAATGTGAGCAGTCTCATCGATAAAATTGTGGCAGCGGTACCAGGGGTCCCTGATACAGGTGGTAATGCTTCTGCTCTATCGTTTCAGAAACGCAGTCAGGAGTTCGCTACCTCATGGATATCAATGACATATGATCAGAGTTATGGTGACCTTGCGCAAACGTGGCAAAATGACGAAGGCGGAGCAGGAAATTTTGATTCTTATGCGGAAGAGGAGTTACAGAATTTCTTTTCAGGTAATAGAGACTGGAAGTACTGCTTTGCTGCTGAGGACACGAAGAGTGGTGAGCCAATTGATTACGATGACATACCTGGTGACGGTCCAGGCACGGGTTCGGCATTCAAATCGGAGATATATTTCAACACTTACGGTGGTATAGATAATTATTGTAATGACGAGCATATCGGTGCTCAGAACACTGGAGATGGTCGATAA,MNRSYTDDMNSSSPNYLTTRTFRIFRLFAIIFALLLIAYSLFLSTLKTGSIPDRANTVTLMRRARWSFGTGLGLGGFVIAAAAYATPYWVAAICLATASEVCAPIAGAVLATAAVIVAAVLVGKSSGSATKRGLTKTISVLNHTITFTDHILNGQTLSNGTGSNFVTIGFSGYAVHDTIKRDSTTDINFVGYTTEHGTHISTSSVHNVSSLIDKIVAAVPGVPDTGGNASALSFQKRSQEFATSWISMTYDQSYGDLAQTWQNDEGGAGNFDSYAEEELQNFFSGNRDWKYCFAAEDTKSGEPIDYDDIPGDGPGTGSAFKSEIYFNTYGGIDNYCNDEHIGAQNTGDGR,350
AAC_6.re.fa,AAC_6-18717,KHS,ATGCTCATCGATCAAATCGTGGCAGTGGTACCAGGGGTACCTGATATAAGTGGCAACGCTTCGGCCCTATCGTTACAGAGACGCAGTCAAGAGTTCGCCACCTCATGGATATCAATGACATATAGTCAGAGTTATGGTGATCTGGCACAGAACTGGCAGAATGACGAAGGTGGAGCAGGAAATTTTGATTCTTATGCTGAAGAGAAGTTACAGAATTTCTTTTCAGGTAATAGGGATTGGAAATACTGCTTTGCTGCTGAGGACACGAAGAACGGTGAGCCACTTGATTACGATGACATACCTGGTGACGGTGCAGGCACGGGTTCGGCATTCAAGTCTGAGATATATTTTAACACTTACGGTGGTATAGATAATTATTGTAATGACGAGCATATCGGTGCTCAGAACACTGGAGATGGTCGATAA,MLIDQIVAVVPGVPDISGNASALSLQRRSQEFATSWISMTYSQSYGDLAQNWQNDEGGAGNFDSYAEEKLQNFFSGNRDWKYCFAAEDTKNGEPLDYDDIPGDGAGTGSAFKSEIYFNTYGGIDNYCNDEHIGAQNTGDGR,141
AAD_6.re.fa,AAD_6-5651,KHS,ATGCTCATCGATCAAATCGTGGCAGCGGTACCAGGGGTACCTGATATAAGTGGCAACGCTTCGGCCCTATCGTTACAGAGACGCAGTCAAGAGTTCGCCACCTCATGGATATCAATGACATATAGTCAGAGTTATGGTGATCTGGCACAGAACTGGCAGAATGACGAAGGTGGAGCAGGAAATTTTGATTCTTATGCTGAAGAGAAGTTACAGAATTTCTTTTCAGGTAATAGGGATTGGAAATACTGCTTTGCTGCTGAGGACACGAAAAACGGTGAGCCACTTGATTACGATGACATACCTGGTGACGGTGCAGGCACGGGTTCGGCATTCAAGTCTGAGATATATTTTAACACTTACGGTGGTATAGATAATTATTGTAATGACGAGCATATCGGTGCTCAGAACACTGGAGATGGTCGATAA,MLIDQIVAAVPGVPDISGNASALSLQRRSQEFATSWISMTYSQSYGDLAQNWQNDEGGAGNFDSYAEEKLQNFFSGNRDWKYCFAAEDTKNGEPLDYDDIPGDGAGTGSAFKSEIYFNTYGGIDNYCNDEHIGAQNTGDGR,141
AAE_6.re.fa,AAE_6-6655,KHS,ATGCTCATCGATCAAATCGTGGCAGTGGTACCAGGGGTACCTGATATAAGTGGCAACGCTTCGGCCCTATCGTTACAGAGACGCAGTCAAGAGTTCGCCACCTCATGGATATCAATGACATATAGTCAGAGTTATGGTGATCTGGCACAGAACTGGCAGAATGACGAAGGTGGAGCAGGAAATTTTGATTCTTATGCTGAAGAGAAGTTACAGAATTTCTTTTCAGGTAATAGGGATTGGAAATACTGCTTTGCTGCTGAGGACACGAAGAACGGTGAGCCACTTGATTACGATGACATACCTGGTGACGGTGCAGGCACGGGTTCGGCATTCAAGTCTGAGATATATTTTAACACTTACGGTGGTATAGATAATTATTGTAATGACGAGCATATCGGTGCTCAGAACACTGGAGATGGTCGATAA,MLIDQIVAVVPGVPDISGNASALSLQRRSQEFATSWISMTYSQSYGDLAQNWQNDEGGAGNFDSYAEEKLQNFFSGNRDWKYCFAAEDTKNGEPLDYDDIPGDGAGTGSAFKSEIYFNTYGGIDNYCNDEHIGAQNTGDGR,141
AAG_6.re.fa,AAG_6-7289,KHS,ATGCTCATCGATCAAATCGTGGCAGCGGTACCAGGGGTACCTGATATAAGTGGCAACGCTTCGGCCCTATCGTTACAGAGACGCAGTCAAGAGTTCGCCACCTCATGGATATCAATGAGATATATTCAGAGTTATGGTGATCTGGCACAGAACTGGCAGAATGACGAAGGTGGAGCAGGAAATTTTGATTCTTATGCTGAAGAGAAGTTACAGAGTTTCTTTTCAGGTAATAGGGATTGGAAATACTGCTTTGCTGCTGAGGACACGAAGAACGGTGAGCCACTTGATTACGATGACATACCTGGTGACGGTGCAGGCACGGGTTCGGCATTCAAGTCTGAGATATATTTTTACACTTACGGTGGTATAGATAATTATTGTAATGACGAGCATATCGGTGCTCAGAACACTGGTGATGGTCGATAA,MLIDQIVAAVPGVPDISGNASALSLQRRSQEFATSWISMRYIQSYGDLAQNWQNDEGGAGNFDSYAEEKLQSFFSGNRDWKYCFAAEDTKNGEPLDYDDIPGDGAGTGSAFKSEIYFYTYGGIDNYCNDEHIGAQNTGDGR,141
AAH_6.re.fa,AAH_6-5346,KHS,ATGAATAGATCATACACAGACGACATGAATAGCAGCTCTCCAAATTACCTGACAACAAGGACGTTTAGAATCTTTAGATTGTTTGCAATAATTTTTGCACTGCTTTTGATAGCGTACTCTTTATTTCTGAGCACTCTAAAAACAGGCTCTATACCTGATCGTGCCAACACTGTTACTTTAATGCGCCGTGCCAGGTGGTCATTTGGGACTGGATTAGGACTAGGAGGATTTGTAATTGCTGCAGCCGCTTATGCTACTCCTTACTGGGTCGCAGCAATCTGTCTCGCAACTGCTAGCGAGGTGTGTGCACCTATAGCTGGTGCTGTTTTGGCGACAGCAGCGGTTATTGTCGCAGCAGTTTTAGTGGGAAAGAGTTCGGGCTCGGCAACAAAGCGAGGGTTAACTAAGACTATTAGCGTACTGAATCATACCATAACATTCACCGATCATATACTCAATGGTCAGACGTTGTCTAATGGTACTGGTAGTAATTTTGTTACAATAGGATTCAGCGGGTATGCAGTACATGACACTATCAAACGTGACAGCACTACTGATATCAATTTCGTGGGATATACCACAGAGCATGGAACCCACATTAGCACGAGTAGCGTACATAATGTGAGCAGTCTCATCGATAAAATTGTGGCAGCGGTACCAGGGGTCCCTGATACAGGTGGTAATGCTTCTGCTCTATCGTTTCAGAAACGCAGTCAGGAGTTCGCTACCTCATGGATATCAATGACATATGATCAGAGTTATGGTGACCTTGCGCAAACGTGGCAAAATGACGAAGGCGGAGCAGGAAATTTTGATTCTTATGCGGAAGAGGAGTTACAGAATTTCTTTTCAGGTAATAGAGACTGGAAGTACTGCTTTGCTGCTGAGGACACGAAGAGTGGTGAGCCAATTGATTACGATGACATACCTGGTGACGGTCCAGGCACGGGTTCGGCATTCAAATCGGAGATATATTTCAACACTTACGGTGGTATAGATAATTATTGTAATGACGAGCATATCGGTGCTCAGAACACTGGAGATGGTCGATAA,MNRSYTDDMNSSSPNYLTTRTFRIFRLFAIIFALLLIAYSLFLSTLKTGSIPDRANTVTLMRRARWSFGTGLGLGGFVIAAAAYATPYWVAAICLATASEVCAPIAGAVLATAAVIVAAVLVGKSSGSATKRGLTKTISVLNHTITFTDHILNGQTLSNGTGSNFVTIGFSGYAVHDTIKRDSTTDINFVGYTTEHGTHISTSSVHNVSSLIDKIVAAVPGVPDTGGNASALSFQKRSQEFATSWISMTYDQSYGDLAQTWQNDEGGAGNFDSYAEEELQNFFSGNRDWKYCFAAEDTKSGEPIDYDDIPGDGPGTGSAFKSEIYFNTYGGIDNYCNDEHIGAQNTGDGR,350
AAI_6.re.fa,AAI_6-8814,KHS,ATGAATAGATCATACACAGACGACATGAATAGCAGCTCTCCAAATTACCTGACAACAAGGACGTTTAGAATCTTTAGATTGTTTGCAATAATTTTTGCACTGCTTTTGATAGCGTACTCTTTATTTCTGAGCACTCTAAAAACAGGCTCTATACCTGATCGTGCCAACACTGTTACTTTAATGCGCCGTGCCAGGTGGTCATTTGGGACTGGATTAGGACTAGGAGGATTTGTAATTGCTGCAGCCGCTTATGCTACTCCTTACTGGGTCGCAGCAATCTGTCTCGCAACTGCTAGCGAGGTGTGTGCACCTATAGCTGGTGCTGTTTTGGCGACAGCAGCGGTTATTGTCGCAGCAGTTTTAGTGGGAAAGAGTTCGGGCTCGGCAACAAAGCGAGGGTTAACTAAGACTATTAGCGTACTGAATCATACCATAACATTCACCGATCATATACTCAATGGTCAGACGTTGTCTAATGGTACTGGTAGTAATTTTGTTACAATAGGATTCAGCGGGTATGCAGTACATGACACTATCAAACGTGACAGCACTACTGATATCAATTTCGTGGGATATACCACAGAGCATGGAACCCACATTAGCACGAGTAGCGTACATAATGTGAGCAGTCTCATCGATAAAATTGTGGCAGCGGTACCAGGGGTCCCTGATACAGGTGGTAATGCTTCTGCTCTATCGTTTCAGAAACGCAGTCAGGAGTTCGCTACCTCATGGATATCAATGACATATGATCAGAGTTATGGTGACCTTGCGCAAACGTGGCAAAATGACGAAGGCGGAGCAGGAAATTTTGATTCTTATGCGGAAGAGGAGTTACAGAATTTCTTTTCAGGTAATAGAGACTGGAAGTACTGCTTTGCTGCTGAGGACACGAAGAGTGGTGAGCCAATTGATTACGATGACATACCTGGTGACGGTCCAGGCACGGGTTCGGCATTCAAATCGGAGATATATTTCAACACTTACGGTGGTATAGATAATTATTGTAATGACGAGCATATCGGTGCTCAGAACACTGGAGATGGTCGATAA,MNRSYTDDMNSSSPNYLTTRTFRIFRLFAIIFALLLIAYSLFLSTLKTGSIPDRANTVTLMRRARWSFGTGLGLGGFVIAAAAYATPYWVAAICLATASEVCAPIAGAVLATAAVIVAAVLVGKSSGSATKRGLTKTISVLNHTITFTDHILNGQTLSNGTGSNFVTIGFSGYAVHDTIKRDSTTDINFVGYTTEHGTHISTSSVHNVSSLIDKIVAAVPGVPDTGGNASALSFQKRSQEFATSWISMTYDQSYGDLAQTWQNDEGGAGNFDSYAEEELQNFFSGNRDWKYCFAAEDTKSGEPIDYDDIPGDGPGTGSAFKSEIYFNTYGGIDNYCNDEHIGAQNTGDGR,350
AAK_6.re.fa,AAK_6-5401,KHS,ATGAATAGATCATACACAGACGACATGAATAGCAGCTCTCCAAATTACCTGACAACAAGGACGTTTAGAATCTTTAGATTGTTTGCAATAATTTTTGCACTGCTTTTGATAGCGTACTCTTTATTTCTGAGCACTCTAAAAACAGGCTCTATACCTGATCGTGCCAACACTGTTACTTTAATGCGCCGTGCCAGGTGGTCATTTGGGACTGGATTAGGACTAGGAGGATTTGTAATTGCTGCAGCCGCTTATGCTACTCCTTACTGGGTCGCAGCAATCTGTCTCGCAACTGCTAGCGAGGTGTGTGCACCTATAGCTGGTGCTGTTTTGGCGACAGCAGCGGTTATTGTCGCAGCAGTTTTAGTGGGAAAGAGTTCGGGCTCGGCAACAAAGCGAGGGTTAACTAAGACTATTAGCGTACTGAATCATACCATAACATTCACCGATCATATACTCAATGGTCAGACGTTGTCTAATGGTACTGGTAGTAATTTTGTTACAATAGGATTCAGCGGGTATGCAGTACATGACACTATCAAACGTGACAGCACTACTGATATCAATTTCGTGGGATATACCACAGAGCATGGAACCCACATTAGCACGAGTAGCGTACATAATGTGAGCAGTCTCATCGATAAAATTGTGGCAGCGGTACCAGGGGTCCCTGATACAGGTGGTAATGCTTCTGCTCTATCGTTTCAGAAACGCAGTCAGGAGTTCGCTACCTCATGGATATCAATGACATATGATCAGAGTTATGGTGACCTTGCGCAAACGTGGCAAAATGACGAAGGCGGAGCAGGAAATTTTGATTCTTATGCGGAAGAGGAGTTACAGAATTTCTTTTCAGGTAATAGAGACTGGAAGTACTGCTTTGCTGCTGAGGACACGAAGAGTGGTGAGCCAATTGATTACGATGACATACCTGGTGACGGTCCAGGCACGGGTTCGGCATTCAAATCGGAGATATATTTCAACACTTACGGTGGTATAGATAATTATTGTAATGACGAGCATATCGGTGCTCAGAACACTGGAGATGGTCGATAA,MNRSYTDDMNSSSPNYLTTRTFRIFRLFAIIFALLLIAYSLFLSTLKTGSIPDRANTVTLMRRARWSFGTGLGLGGFVIAAAAYATPYWVAAICLATASEVCAPIAGAVLATAAVIVAAVLVGKSSGSATKRGLTKTISVLNHTITFTDHILNGQTLSNGTGSNFVTIGFSGYAVHDTIKRDSTTDINFVGYTTEHGTHISTSSVHNVSSLIDKIVAAVPGVPDTGGNASALSFQKRSQEFATSWISMTYDQSYGDLAQTWQNDEGGAGNFDSYAEEELQNFFSGNRDWKYCFAAEDTKSGEPIDYDDIPGDGPGTGSAFKSEIYFNTYGGIDNYCNDEHIGAQNTGDGR,350
AAL_3.re.fa,AAL_3-22297,KHS,ATGAATAGATCATACACAGACGACATGAATAGCAGCTCTCCAAATTACCTGACAACAAGGACGTTTAGAATCTTTAGATTGTTTGCAATAATTTTTGCACTGCTTTTGATAGCGTACTCTTTATTTCTGAGCACTCTAAAAACAGGCTCTATACCTGATCGTGCCAACACTGTTACTTTAATGCGCCGTGCCAGGTGGTCATTTGGGACTGGATTAGGACTAGGAGGATTTGTAATTGCTGCAGCCGCTTATGCTACTCCTTACTGGGTCGCAGCAATCTGTCTCGCAACTGCTAGCGAGGTGTGTGCACCTATAGCTGGTGCTGTTTTGGCGACAGCAGCGGTTATTGTCGCAGCAGTTTTAGTGGGAAAGAGTTCGGGCTCGGCAACAAAGCGAGGGTTAACTAAGACTATTAGCGTACTGAATCATACCATAACATTCACCGATCATATACTCAATGGTCAGACGTTGTCTAATGGTACTGGTAGTAATTTTGTTACAATAGGATTCAGCGGGTATGCAGTACATGACACTATCAAACGTGACAGCACTACTGATATCAATTTCGTGGGATATACCACAGAGCATGGAACCCACATTAGCACGAGTAGCGTACATAATGTGAGCAGTCTCATCGATAAAATTGTGGCAGCGGTACCAGGGGTCCCTGATACAGGTGGTAATGCTTCTGCTCTATCGTTTCAGAAACGCAGTCAGGAGTTCGCTACCTCATGGATATCAATGACATATGATCAGAGTTATGGTGACCTTGCGCAAACGTGGCAAAATGACGAAGGCGGAGCAGGAAATTTTGATTCTTATGCGGAAGAGGAGTTACAGAATTTCTTTTCAGGTAATAGAGACTGGAAGTACTGCTTTGCTGCTGAGGACACGAAGAGTGGTGAGCCAATTGATTACGATGACATACCTGGTGACGGTCCAGGCACGGGTTCGGCATTCAAATCGGAGATATATTTCAACACTTACGGTGGTATAGATAATTATTGTAATGACGAGCATATCGGTGCTCAGAACACTGGAGATGGTCGATAA,MNRSYTDDMNSSSPNYLTTRTFRIFRLFAIIFALLLIAYSLFLSTLKTGSIPDRANTVTLMRRARWSFGTGLGLGGFVIAAAAYATPYWVAAICLATASEVCAPIAGAVLATAAVIVAAVLVGKSSGSATKRGLTKTISVLNHTITFTDHILNGQTLSNGTGSNFVTIGFSGYAVHDTIKRDSTTDINFVGYTTEHGTHISTSSVHNVSSLIDKIVAAVPGVPDTGGNASALSFQKRSQEFATSWISMTYDQSYGDLAQTWQNDEGGAGNFDSYAEEELQNFFSGNRDWKYCFAAEDTKSGEPIDYDDIPGDGPGTGSAFKSEIYFNTYGGIDNYCNDEHIGAQNTGDGR,350
AAL_3.re.fa,AAL_3-22661,KHS,ATGTATGTAGAATAG,MYVE,4
AAL_3.re.fa,AAL_3-22684,KHS,ATGAATAGATCATACACAGACGACATGAATAGCAGCTCTCCAAATTACCTGACAACAAGGACGTTTAGAATCTTTAGATTGTTTGCAATAATTTTTGCACTGCTTTTGATAGCGTACTCTTTATTTCTGAGCACTCTAAAAACAGGCTCTATACCTGATCGTGCCAACACTGTTACTTTAATGCGCCGTGCCAGGTGGTCATTTGGGACTGGATTAGGACTAGGAGGATTTGTAATTGCTGCAGCCGCTTATGCTACTCCTTACTGGGTCGCAGCAATCTGTATCGCATCCACTGGCGGAGTATGTTCACCTATAGCTGGTGCTGTTTTAGCAACGTCAGCAGTTATAGTTGCAGCAGTCTTAGTGGGAAAGAGTTCTGGCTCAGCAACAAAGCGAGGGTTAAGTAAGACTATTAGTGTACTGAATCATACTATAACATTCACTGATCATGTACTCAATGGGCAGACATTGTCTAATGGTACCAGTAGTAATTTTGTTACAATAGGGTTTAGTGGGTATGCAGTACATGACACCATCAAACGTGACGGTGCTGCTGAGCTCAACTTTGTGGGGTATACTACGGAGCATGGAACCCACATCAGCACGAGTAGCGTACATAATGTGAGCATGCTCATCGATCAAATCGTGGCAGCGGTACCAGGAGTACCTGATATAGGTGGCAACGCTTCGGCCCTATCGTTACAAAGACGCAGTCAAGAGTTCGCTACCTCATGGATATCAATGACATATGATCAGAGTTATGGTGATCTGGCACAGAACTGGCAAAATGACGAAGGTGGAGCAGGAAATTTTGATTCTTATGCTGAAGAGGAGTTACAGAATTTCTTTTCAGGTAATAGGGATTGGAAATACTGCTTTGCTGCTGAGGACACGAAAAACGGTGAGCCACTTGATTACGATGACATACCTGGTGACGGTGCAGGCACGGGTTCGGCATTCAAGTCTGAGATATATTTTAACACTTACGGTGGTATAGATAATTATTGTAATGACGAGCATATCGGTGCTCAGAACACTGGGGATGGTCGATAA,MNRSYTDDMNSSSPNYLTTRTFRIFRLFAIIFALLLIAYSLFLSTLKTGSIPDRANTVTLMRRARWSFGTGLGLGGFVIAAAAYATPYWVAAICIASTGGVCSPIAGAVLATSAVIVAAVLVGKSSGSATKRGLSKTISVLNHTITFTDHVLNGQTLSNGTSSNFVTIGFSGYAVHDTIKRDGAAELNFVGYTTEHGTHISTSSVHNVSMLIDQIVAAVPGVPDIGGNASALSLQRRSQEFATSWISMTYDQSYGDLAQNWQNDEGGAGNFDSYAEEELQNFFSGNRDWKYCFAAEDTKNGEPLDYDDIPGDGAGTGSAFKSEIYFNTYGGIDNYCNDEHIGAQNTGDGR,350
AAM_3.re.fa,AAM_3-7331,KHS,ATGAATAGATCATACACAGACGACATGAATAGCAGCTCTCCAAATTACCTGACAACAAGGACGTTTAGAATCTTTAGATTGTTTGCAATAATTTTTGCACTGCTTTTGATAGCGTACTCTTTATTTCTGAGCACTCTAAAAACAGGCTCTATACCTGATCGTGCCAACACTGTTACTTTAATGCGCCGTGCCAGGTGGTCATTTGGGACTGGATTAGGACTAGGAGGATTTGTAATTGCTGCAGCCGCTTATGCTACTCCTTACTGGGTCGCAGCAATCTGTCTCGCAACTGCTAGCGAGGTGTGTGCACCTATAGCTGGTGCTGTTTTGGCGACAGCAGCGGTTATTGTCGCAGCAGTTTTAGTGGGAAAGAGTTCGGGCTCGGCAACAAAGCGAGGGTTAACTAAGACTATTAGCGTACTGAATCATACCATAACATTCACCGATCATATACTCAATGGTCAGACGTTGTCTAATGGTACTGGTAGTAATTTTGTTACAATAGGATTCAGCGGGTATGCAGTACATGACACTATCAAACGTGACAGCACTACTGATATCAATTTCGTGGGATATACCACAGAGCATGGAACCCACATTAGCACGAGTAGCGTACATAATGTGAGCAGTCTCATCGATAAAATTGTGGCAGCGGTACCAGGGGTCCCTGATACAGGTGGTAATGCTTCTGCTCTATCGTTTCAGAAACGCAGTCAGGAGTTCGCTACCTCATGGATATCAATGACATATGATCAGAGTTATGGTGACCTTGCGCAAACGTGGCAAAATGACGAAGGCGGAGCAGGAAATTTTGATTCTTATGCGGAAGAGGAGTTACAGAATTTCTTTTCAGGTAATAGAGACTGGAAGTACTGCTTTGCTGCTGAGGACACGAAGAGTGGTGAGCCAATTGATTACGATGACATACCTGGTGACGGTCCAGGCACGGGTTCGGCATTCAAATCGGAGATATATTTCAACACTTACGGTGGTATAGATAATTATTGTAATGACGAGCATATCGGTGCTCAGAACACTGGAGATGGTCGATAA,MNRSYTDDMNSSSPNYLTTRTFRIFRLFAIIFALLLIAYSLFLSTLKTGSIPDRANTVTLMRRARWSFGTGLGLGGFVIAAAAYATPYWVAAICLATASEVCAPIAGAVLATAAVIVAAVLVGKSSGSATKRGLTKTISVLNHTITFTDHILNGQTLSNGTGSNFVTIGFSGYAVHDTIKRDSTTDINFVGYTTEHGTHISTSSVHNVSSLIDKIVAAVPGVPDTGGNASALSFQKRSQEFATSWISMTYDQSYGDLAQTWQNDEGGAGNFDSYAEEELQNFFSGNRDWKYCFAAEDTKSGEPIDYDDIPGDGPGTGSAFKSEIYFNTYGGIDNYCNDEHIGAQNTGDGR,350
AAN_3.re.fa,AAN_3-26505,KHS,ATGCCGAACCCGTGCCTGCACCGTCACCAGGTATGTCATCGTAATCAAGTGGCTCACCGTTTTTCGTGTCCTCAGCAGCAAAGCAGTATTTCCAATCCCTATTACCTGAAAAGAAATTCTGTAACTCCTCTTCAGCATAAGAATCAAAATTTCCTGCTCCACCTTCGTCATTTTGCCAGTTCTGTGCCAGATCACCATAACTCTGATCATATGTCATTGATATCCATGAGGTAG,MPNPCLHRHQVCHRNQVAHRFSCPQQQSSISNPYYLKRNSVTPLQHKNQNFLLHLRHFASSVPDHHNSDHMSLISMR,77
AAN_3.re.fa,AAN_3-26625,KHS,ATGAATAGATCATACACAGACGACATGAATAGCAGCTCTCCAAATTACCTGACAACAAGGACGTTTAGAATCTTTAGATTGTTTGCAATAATTTTTGCACTGCTTTTGATAGCGTACTCTTTATTTCTGAGCACTCTAAAAACAGGCTCTATACCTGATCGTGCCAACACTGTTACTTTAATGCGCCGTGCCAGGTGGTCATTTGGGACTGGATTAGGACTAGGAGGATTTGTAATTGCTGCAGCCGCTTATGCTACTCCTTACTGGGTCGCAGCAATCTGTCTCGCAACTGCTAGCGAGGTGTGTGCACCTATAGCTGGTGCTGTTTTGGCGACAGCAGCGGTTATTGTCGCAGCAGTTTTAGTGGGAAAGAGTTCGGGCTCGGCAACAAAGCGAGGGTTAACTAAGACTATTAGCGTACTGAATCATACCATAACATTCACCGATCATATACTCAATGGTCAGACGTTGTCTAATGGTACTGGTAGTAATTTTGTTACAATAGGATTCAGCGGGTATGCAGTACATGACACTATCAAACGTGACAGCACTACTGATATCAATTTCGTGGGATATACCACAGAGCATGGAACCCACATTAGCACGAGTAGCGTACATAATGTGAGCAGTCTCATCGATAAAATTGTGGCAGCGGTACCAGGGGTCCCTGATACAGGTGGTAATGCTTCTGCTCTATCGTTTCAGAAACGCAGTCAGGAGTTCGCTACCTCATGGATATCAATGACATATGATCAGAGTTATGGTGACCTTGCGCAAACGTGGCAAAATGACGAAGGCGGAGCAGGAAATTTTGATTCTTATGCGGAAGAGGAGTTACAGAATTTCTTTTCAGGTAATAGAGACTGGAAGTACTGCTTTGCTGCTGAGGACACGAAGAGTGGTGAGCCAATTGATTACGATGACATACCTGGTGACGGTCCAGGCACGGGTTCGGCATTCAAATCGGAGATATATTTCAACACTTACGGTGGTATAGATAATTATTGTAATGACGAGCATATCGGTGCTCAGAACACTGGAGATGGTCGATAA,MNRSYTDDMNSSSPNYLTTRTFRIFRLFAIIFALLLIAYSLFLSTLKTGSIPDRANTVTLMRRARWSFGTGLGLGGFVIAAAAYATPYWVAAICLATASEVCAPIAGAVLATAAVIVAAVLVGKSSGSATKRGLTKTISVLNHTITFTDHILNGQTLSNGTGSNFVTIGFSGYAVHDTIKRDSTTDINFVGYTTEHGTHISTSSVHNVSSLIDKIVAAVPGVPDTGGNASALSFQKRSQEFATSWISMTYDQSYGDLAQTWQNDEGGAGNFDSYAEEELQNFFSGNRDWKYCFAAEDTKSGEPIDYDDIPGDGPGTGSAFKSEIYFNTYGGIDNYCNDEHIGAQNTGDGR,350
AAP_3.re.fa,AAP_3-23474,KHS,ATGAATAAATCATACACAGATGACATGAATAGCAGCTCCCCAAATTACTTGACAACAAGGACGTTTAGAATCGTTAGATTGTTTGCAATAATTTTTGCACTGCTTTTGGTAGCGTACTCATTATTTTTAAGCACCCTTAAAACTGGGGCTATACCTGACCACACCAGCACTGCTGCTCTAGTACGGCGGGCTAGGTGGTCATTTGCGACTGGATTAGGACTAGGAGGATTTGTAATTGCTGCAGCCGCTTATGCTACTCCTTACTGGGTCGCAGCAATCTGTATCGCATCCACTGGCGGAGTATGTTCACCTATAGCTGGTGCTGTTTTAGCAACGTCAGCAGTTATAGTTGCAGCAGTCTTAGTGGGAAAGAGTTCTGGCTCAGCAACAAAGCGAGGGTTAAGTAAGACTATTAGTGTACTGAATCATACTATAACATTCACTGATCATGTACTCAATGGGCAGACATTGTCTAATGGTACCAGTAGTAATTTTGTTACAATAGGGTTTAGTGGGTATGCAGTACATGACACCATCAAACGTGACGGTGCTGCTGAGCTCAACTTTGTGGGGTATACTACGGAGCATGGAACCCACATCAGCACGAGTAGCGTACATAATGTGAGCATGCTCATCGATCAAATCGTGGCAGCGGTACCAGGAGTACCTGATATAGGTGGCAACGCTTCGGCCCTATCGTTACAAAGACGCAGTCAAGAGTTCGCTACCTCATGGATATCAATGACATATGATCAGAGTTATGGTGATCTGGCACAGAACTGGCAAAATGACGAAGGTGGAGCAGGAAATTTTGATTCTTATGCTGAAGAGGAGTTACAGAATTTCTTTTCAGGTAATAGGGATTGGAAATACTGCTTTGCTGCTGAGGACACGAAAAACGGTGAGCCACTTGATTACGATGACATACCTGGTGACGGTGCAGGCACGGGTTCGGCATTCAAGTCTGAGATATATTTTAACACTTACGGTGGTATAGATAATTATTGTAATGACGAGCATATCGGTGCTCAGAACACTGGGGATGGTCGATAA,MNKSYTDDMNSSSPNYLTTRTFRIVRLFAIIFALLLVAYSLFLSTLKTGAIPDHTSTAALVRRARWSFATGLGLGGFVIAAAAYATPYWVAAICIASTGGVCSPIAGAVLATSAVIVAAVLVGKSSGSATKRGLSKTISVLNHTITFTDHVLNGQTLSNGTSSNFVTIGFSGYAVHDTIKRDGAAELNFVGYTTEHGTHISTSSVHNVSMLIDQIVAAVPGVPDIGGNASALSLQRRSQEFATSWISMTYDQSYGDLAQNWQNDEGGAGNFDSYAEEELQNFFSGNRDWKYCFAAEDTKNGEPLDYDDIPGDGAGTGSAFKSEIYFNTYGGIDNYCNDEHIGAQNTGDGR,350
AAQ_3.re.fa,AAQ_3-7459,KHS,ATGAATAGATCATACACAGACGACATGAATAGCAGCTCTCCAAATTACCTGACAACAAGGACGTTTAGAATCTTTAGATTGTTTGCAATAATTTTTGCACTGCTTTTGATAGCGTACTCTTTATTTCTGAGCACTCTAAAAACAGGCTCTATACCTGATCGTGCCAACACTGTTACTTTAATGCGCCGTGCCAGGTGGTCATTTGGGACTGGATTAGGACTAGGAGGATTTGTAATTGCTGCAGCCGCTTATGCTACTCCTTACTGGGTCGCAGCAATCTGTCTCGCAACTGCTAGCGAGGTGTGTGCACCTATAGCTGGTGCTGTTTTGGCGACAGCAGCGGTTATTGTCGCAGCAGTTTTAGTGGGAAAGAGTTCGGGCTCGGCAACAAAGCGAGGGTTAACTAAGACTATTAGCGTACTGAATCATACCATAACATTCACCGATCATATACTCAATGGTCAGACGTTGTCTAATGGTACTGGTAGTAATTTTGTTACAATAGGATTCAGCGGGTATGCAGTACATGACACTATCAAACGTGACAGCACTACTGATATCAATTTCGTGGGATATACCACAGAGCATGGAACCCACATTAGCACGAGTAGCGTACATAATGTGAGCAGTCTCATCGATAAAATTGTGGCAGCGGTACCAGGGGTCCCTGATACAGGTGGTAATGCTTCTGCTCTATCGTTTCAGAAACGCAGTCAGGAGTTCGCTACCTCATGGATATCAATGACATATGATCAGAGTTATGGTGACCTTGCGCAAACGTGGCAAAATGACGAAGGCGGAGCAGGAAATTTTGATTCTTATGCGGAAGAGGAGTTACAGAATTTCTTTTCAGGTAATAGAGACTGGAAGTACTGCTTTGCTGCTGAGGACACGAAGAGTGGTGAGCCAATTGATTACGATGACATACCTGGTGACGGTCCAGGCACGGGTTCGGCATTCAAATCGGAGATATATTTCAACACTTACGGTGGTATAGATAATTATTGTAATGACGAGCATATCGGTGCTCAGAACACTGGAGATGGTCGATAA,MNRSYTDDMNSSSPNYLTTRTFRIFRLFAIIFALLLIAYSLFLSTLKTGSIPDRANTVTLMRRARWSFGTGLGLGGFVIAAAAYATPYWVAAICLATASEVCAPIAGAVLATAAVIVAAVLVGKSSGSATKRGLTKTISVLNHTITFTDHILNGQTLSNGTGSNFVTIGFSGYAVHDTIKRDSTTDINFVGYTTEHGTHISTSSVHNVSSLIDKIVAAVPGVPDTGGNASALSFQKRSQEFATSWISMTYDQSYGDLAQTWQNDEGGAGNFDSYAEEELQNFFSGNRDWKYCFAAEDTKSGEPIDYDDIPGDGPGTGSAFKSEIYFNTYGGIDNYCNDEHIGAQNTGDGR,350
AAR_3.re.fa,AAR_3-7647,KHS,ATGAATAGATCATACACAGACGACATGAATAGCAGCTCTCCAAATTACCTGACAACAAGGACGTTTAGAATCTTTAGATTGTTTGCAATAATTTTTGCACTGCTTTTGATAGCGTACTCTTTATTTCTGAGCACTCTAAAAACAGGCTCTATACCTGATCGTGCCAACACTGTTACTTTAATGCGCCGTGCCAGGTGGTCATTTGGGACTGGATTAGGACTAGGAGGATTTGTAATTGCTGCAGCCGCTTATGCTACTCCTTACTGGGTCGCAGCAATCTGTCTCGCAACTGCTAGCGAGGTGTGTGCACCTATAGCTGGTGCTGTTTTGGCGACAGCAGCGGTTATTGTCGCAGCAGTTTTAGTGGGAAAGAGTTCGGGCTCGGCAACAAAGCGAGGGTTAACTAAGACTATTAGCGTACTGAATCATACCATAACATTCACCGATCATATACTCAATGGTCAGACGTTGTCTAATGGTACTGGTAGTAATTTTGTTACAATAGGATTCAGCGGGTATGCAGTACATGACACTATCAAACGTGACAGCACTACTGATATCAATTTCGTGGGATATACCACAGAGCATGGAACCCACATTAGCACGAGTAGCGTACATAATGTGAGCAGTCTCATCGATAAAATTGTGGCAGCGGTACCAGGGGTCCCTGATACAGGTGGTAATGCTTCTGCTCTATCGTTTCAGAAACGCAGTCAGGAGTTCGCTACCTCATGGATATCAATGACATATGATCAGAGTTATGGTGACCTTGCGCAAACGTGGCAAAATGACGAAGGCGGAGCAGGAAATTTTGATTCTTATGCGGAAGAGGAGTTACAGAATTTCTTTTCAGGTAATAGAGACTGGAAGTACTGCTTTGCTGCTGAGGACACGAAGAGTGGTGAGCCAATTGATTACGATGACATACCTGGTGACGGTCCAGGCACGGGTTCGGCATTCAAATCGGAGATATATTTCAACACTTACGGTGGTATAGATAATTATTGTAATGACGAGCATATCGGTGCTCAGAACACTGGAGATGGTCGATAA,MNRSYTDDMNSSSPNYLTTRTFRIFRLFAIIFALLLIAYSLFLSTLKTGSIPDRANTVTLMRRARWSFGTGLGLGGFVIAAAAYATPYWVAAICLATASEVCAPIAGAVLATAAVIVAAVLVGKSSGSATKRGLTKTISVLNHTITFTDHILNGQTLSNGTGSNFVTIGFSGYAVHDTIKRDSTTDINFVGYTTEHGTHISTSSVHNVSSLIDKIVAAVPGVPDTGGNASALSFQKRSQEFATSWISMTYDQSYGDLAQTWQNDEGGAGNFDSYAEEELQNFFSGNRDWKYCFAAEDTKSGEPIDYDDIPGDGPGTGSAFKSEIYFNTYGGIDNYCNDEHIGAQNTGDGR,350
CRK_2.re.fa,CRK_2-9822,KHS,ATGAATAGATCATACACAGACGACATGAATAGCAGCTCTCCAAATTACCTGACAACAAGGACGTTTAGAATCTTTAGATTGTTTGCAATAATTTTTGCACTGCTTTTGATAGCGTACTCTTTATTTCTGAGCACTCTAAAAACAGGCTCTATACCTGATCGTGCCAACACTGTTACTTTAATGCGCCGTGCCAGGTGGTCATTTGGGACTGGATTAGGACTAGGAGGATTTGTAATTGCTGCAGCCGCTTATGCTACTCCTTACTGGGTCGCAGCAATCTGTCTCGCAACTGCTAGCGAGGTGTGTGCACCTATAGCTGGTGCTGTTTTGGCGACAGCAGCGGTTATTGTCGCAGCAGTTTTAGTGGGAAAGAGTTCGGGCTCGGCAACAAAGCGAGGGTTAACTAAGACTATTAGCGTACTGAATCATACCATAACATTCACCGATCATATACTCAATGGTCAGACGTTGTCTAATGGTACTGGTAGTAATTTTGTTACAATAGGATTCAGCGGGTATGCAGTACATGACACTATCAAACGTGACAGCACTACTGATATCAATTTCGTGGGATATACCACAGAGCATGGAACCCACATTAGCACGAGTAGCGTACATAATGTGAGCAGTCTCATCGATAAAATTGTGGCAGCGGTACCAGGGGTCCCTGATACAGGTGGTAATGCTTCTGCTCTATCGTTTCAGAAACGCAGTCAGGAGTTCGCTACCTCATGGATATCAATGACATATGATCAGAGTTATGGTGACCTTGCGCAAACGTGGCAAAATGACGAAGGCGGAGCAGGAAATTTTGATTCTTATGCGGAAGAGGAGTTACAGAATTTCTTTTCAGGTAATAGAGACTGGAAGTACTGCTTTGCTGCTGAGGACACGAAGAGTGGTGAGCCAATTGATTACGATGACATACCTGGTGACGGTCCAGGCACGGGTTCGGCATTCAAATCGGAGATATATTTCAACACTTACGGTGGTATAGATAATTATTGTAATGACGAGCATATCGGTGCTCAGAACACTGGAGATGGTCGATAA,MNRSYTDDMNSSSPNYLTTRTFRIFRLFAIIFALLLIAYSLFLSTLKTGSIPDRANTVTLMRRARWSFGTGLGLGGFVIAAAAYATPYWVAAICLATASEVCAPIAGAVLATAAVIVAAVLVGKSSGSATKRGLTKTISVLNHTITFTDHILNGQTLSNGTGSNFVTIGFSGYAVHDTIKRDSTTDINFVGYTTEHGTHISTSSVHNVSSLIDKIVAAVPGVPDTGGNASALSFQKRSQEFATSWISMTYDQSYGDLAQTWQNDEGGAGNFDSYAEEELQNFFSGNRDWKYCFAAEDTKSGEPIDYDDIPGDGPGTGSAFKSEIYFNTYGGIDNYCNDEHIGAQNTGDGR,350
CRL_.re.fa,CRL_1_AB3AC.IND41b-8860,KHS,ATGAATAGATCATACACAGACGACATGAATAGCAGCTCTCCAAATTACCTGACAACAAGGACGTTTAGAATCTTTAGATTGTTTGCAATAATTTTTGCACTGCTTTTGATAGCGTACTCTTTATTTCTGAGCACTCTAAAAACAGGCTCTATACCTGATCGTGCCAACACTGTTACTTTAATGCGCCGTGCCAGGTGGTCATTTGGGACTGGATTAGGACTAGGAGGATTTGTAATTGCTGCAGCCGCTTATGCTACTCCTTACTGGGTCGCAGCAATCTGTCTCGCAACTGCTAGCGAGGTGTGTGCACCTATAGCTGGTGCTGTTTTGGCGACAGCAGCGGTTATTGTCGCAGCAGTTTTAGTGGGAAAGAGTTCGGGCTCGGCAACAAAGCGAGGGTTAACTAAGACTATTAGCGTACTGAATCATACCATAACATTCACCGATCATATACTCAATGGTCAGACGTTGTCTAATGGTACTGGTAGTAATTTTGTTACAATAGGATTCAGCGGGTATGCAGTACATGACACTATCAAACGTGACAGCACTACTGATATCAATTTCGTGGGATATACCACAGAGCATGGAACCCACATTAGCACGAGTAGCGTACATAATGTGAGCAGTCTCATCGATAAAATTGTGGCAGCGGTACCAGGGGTCCCTGATACAGGTGGTAATGCTTCTGCTCTATCGTTTCAGAAACGCAGTCAGGAGTTCGCTACCTCATGGATATCAATGACATATGATCAGAGTTATGGTGACCTTGCGCAAACGTGGCAAAATGACGAAGGCGGAGCAGGAAATTTTGATTCTTATGCGGAAGAGGAGTTACAGAATTTCTTTTCAGGTAATAGAGACTGGAAGTACTGCTTTGCTGCTGAGGACACGAAGAGTGGTGAGCCAATTGATTACGATGACATACCTGGTGACGGTCCAGGCACGGGTTCGGCATTCAAATCGGAGATATATTTCAACACTTACGGTGGTATAGATAATTATTGTAATGACGAGCATATCGGTGCTCAGAACACTGGAGATGGTCGATAA,MNRSYTDDMNSSSPNYLTTRTFRIFRLFAIIFALLLIAYSLFLSTLKTGSIPDRANTVTLMRRARWSFGTGLGLGGFVIAAAAYATPYWVAAICLATASEVCAPIAGAVLATAAVIVAAVLVGKSSGSATKRGLTKTISVLNHTITFTDHILNGQTLSNGTGSNFVTIGFSGYAVHDTIKRDSTTDINFVGYTTEHGTHISTSSVHNVSSLIDKIVAAVPGVPDTGGNASALSFQKRSQEFATSWISMTYDQSYGDLAQTWQNDEGGAGNFDSYAEEELQNFFSGNRDWKYCFAAEDTKSGEPIDYDDIPGDGPGTGSAFKSEIYFNTYGGIDNYCNDEHIGAQNTGDGR,350
GAL.re.fa,GAL-5966,KHS,ATGAATAGATCATACACAGACGACATGAATAGCAGCCCTCCAAATTACTTGACAACAAGGACGTTTAGAATCGTTAGATTGTTTGCAATAATTTTTGCACTGCTTTTGGTAGCGTACTCATTATTTTTAAGCACCCTTAAAACTGGGGCTATACCTGACCACACCAGCACTGCTGCTCTAGTACGGCGGGCTAGGTGGTCATTTGCGACTGGATTAGGACTAGGAGGATTTGTAATTGCTGCAGCCGCTTATGCTACTCCTTACTGGGTCGCAGCAATCTGTATCGCATCCACTGGCGGAGTATGTTCACCTATAGCTGGTGCTGTTTTAGCAACGTCAACAGTTATAGTTGCAGCAGTCTTAGTGGGAAAGAGTTCTGGCTCAGCAACAAAGCGAGGGTTGAGTAAGACTATTAGTGTACTGAATCATACTATAACATTCACTGATCATGTACTCAATGGGCAGACATTGTCTAATGGTACCAGTAGTAATTTTGTTACAATAGGGTTTAGTGGGTATGCAGTACATGACACCATCAAACGTGACGGTGCTGCTGAGCTCAACTTTGTGGGGTATACTACGGAGCATGGAACCCACATCAGCACGAGTAGCGTACATAATGTGAGCATGCTCATCGATCAAATCGTGGCAGCGGTACCAGGAGTACCTGATATAGGTGGCAACGCTTCGGCCCTATCTTTACAAAGACGCAGTCAAGAGTTCGCTACCTCATGGATATCAATGACATATGATCAGAGTTATGGTGATCTGGCACAGAACTGGCAAAATGACGAAGGTGGAGCAGGAAATTTTGATTCTTATGCTGAAGAGGAGTTACAGAATTTCTTTTCAGATAATAGGGATTGGAAATACTGCTTTGCTGCTGAGGACACGAAAAACGGTGAGCCACTTGATTACGATGACATACCTGGTGACGGTGCAGGCACGGGTTCGGCATTCAAGTCTGAGATATATTTTAACACTTACGGTGGTATAGATAATTATTGTAATGACGAGCATATCGGTGCTCAGAACACTGGGGATGGTCGATAA,MNRSYTDDMNSSPPNYLTTRTFRIVRLFAIIFALLLVAYSLFLSTLKTGAIPDHTSTAALVRRARWSFATGLGLGGFVIAAAAYATPYWVAAICIASTGGVCSPIAGAVLATSTVIVAAVLVGKSSGSATKRGLSKTISVLNHTITFTDHVLNGQTLSNGTSSNFVTIGFSGYAVHDTIKRDGAAELNFVGYTTEHGTHISTSSVHNVSMLIDQIVAAVPGVPDIGGNASALSLQRRSQEFATSWISMTYDQSYGDLAQNWQNDEGGAGNFDSYAEEELQNFFSDNRDWKYCFAAEDTKNGEPLDYDDIPGDGAGTGSAFKSEIYFNTYGGIDNYCNDEHIGAQNTGDGR,350
