"gene","mutation_type","best_ntseq","best_aaseq","num_hits"
"KHR","truncated","ATGGGCCACTTAGCCGGATCCTTTTCGGTATTATCGCTGTATGGAATATAGCTACAGCTGTTGCATCGAGCGACAGCATTTACCTTAAGGGACACAGAGTAGGACAGGATATCGACAGTCTATACAGAGTGTATGGTAATGGTACTATGTACCCCGTCACTTTCAATGAGTGGTTAAATGATCTAGCTGGGATGAATGACTCGGCAACAAATAACGCAACAATATTAAAATGTGACAGTAGCGATGTTTCTTGCGTTAATGAAACATGCCAATACGTAGATTACCACGTGGATGACGAAGGAGTTATAACTATAGACATATCTACGTATCATATCCCTGTCAAATGGGATAATGATTCTGCAAGCAACGCATCATATGGAGTTTCAAAGCGTGATACAAAATATGAGACATTCTGTAAGAAGAAAATATGCGGTATAAACGTTTCCGGTTTCTGTAACGCGTATGACTTCGCCCTTCTTGCTTTCGACTTTGGTGGCAATGTCTACAGCCTTGCTAGTGGTATCATTGATAGGATTAAAGGCGCTACGAAGAGGGATAAGACCGAATGTCTAGGTTACGAACTAGATCATGTGAGAATAGATCCTGCTGTTGATTGGTCTATATTTATTTCTACTTGGAAGCAAGGGCCGGCCAATTATGACACACAGGCATCTGCGGACAGCTTGAAATGTGCTGCCCAAAAAGCGCTTGAAAGTGAACACAATCACCAAAAAACGGCTTTCTGTATTCACCTAGATAATGGTGGATCGTTTAACTTAGACATTAGGCTAATATCTGAGCTTTCATTTTCGAAATATAACCCATGGGCTCTTCCATGTCCGAAGGACAAAGACTCAAATTCTTGGCAGGTTGTGAGCGACTGTTTTCAATAA","MGHLAGSFSVLSLYGI",2
"KHR","truncated","ATGGGCCACTTAGCCGGATCCTTTTCGGTATTATCGCTGTATGGAATATAGCTACAGCTGTTGCATCGAGCGACAGCATTTACCTTAAGGGACACAGAGTAGGACAGGATATCGACAGTCTATACAGAGTGTATGGTAATGGTACTATGTACCCCGTCACTTTCAATGAGTGGTTAAATGATCTAGCTGGGATGAATGACTCGGCAACAAATAACGCAACAATATTAAAATGTGACAGTAGCGATGTTTCTTGCGTTAATGAAACATGCCAATACGTGGATTACCACGTGGATGACGAAGGAGTTATAACTATAGACATATCTACGTATCATATCCCTGTCAAATGGGACAATGATTCTGCAAGCAACGCATCATATGGAGTTTCAAAGCGTGATACAAAATATGAGACATTCTGTAAGAAGAAAATATGCGGTATAAACGTTTCCGGTTTCTGTAACGCGTATGACTTCGCCCTTCTTGCTTTCGACTTTGGTGGCAATGTCTACAGCCTTGCTAGTGGTATCATTGATAGGATTAAAGGCGCTACGAAGAGGGATAAGACCGAATGTCTAGGTTACGAACTAGATCATGTGAGAATAGATCCTGCTGTTGATTGGTCTATATTTATTTCTACTTGGAAGCAAGGGCCGGCCAATTATGACACACAGGCATCTGCTGACAGCTTGAAATGTGCTGCCCAAAAAGCGTTTGAAAGTGAACACAATCACCAAAAAACAGCTTTCTGTATTCACCTAGATAATGGTGGATCGTTTAACTTAGACATTAGGCTAATATCTGAGCTTTCATTTTCGAAATATAACCCATGGGCTCTTCCATGTCCGAAGGACAAAGACTCAAATTCTTGGCAGGTTGTGAGCGACTGTTTTCAATAA","MGHLAGSFSVLSLYGI",3
"KHR","truncated","ATGGGCCACTTAGCCGGATCCTTTTCGGTATTATCGCTGTATGGAATATAGCTACAGCTGTTGCATCGAGCGACAGCATTTACCTTAAGGGACACAGAGTAGGACAGGATATCGACAGTCTATACAGAGTGTATGGTAATGGTACTATGTACCCCGTCACTTTCAATGAGTGGTTAAATGATCTAGCTGGGATGAATGACTCGGCAACAAATAACGCAACAATATTAAAATGTGACAGTAGCGATGTTTCTTGCGTTAATGAAACATGCCAATACGTGGATTACCACGTGGATGACGAAGGAGTTATAACTATAGACATATCTACGTATCATATCCCTGTCGAATGGGATAATGGTTTTGCAAGCAACGCATCATATGGAGTTTCAAAGCGTGATACAAAATATGAGACATTCTGTAAGAAGAAAATATGCGGTATAAACGTTTCCGGTTTCTGTAACGCGTATGACTTCGCCCTTCTTGCTTTCGACTTTGGTGGCAATGTCTACAGCCTTGCTAGTGGTATCATTGATAGGATTAAAGGCGCTACGAAGAGGGATAAGACCGAATGTCTAGGTTACGAACTAGATCATGTGAGAATAGATCCTGCTGTTGATTGGTCTATATTTATTTCTACTTGGAAGCAAGGGCCGGCCAATTATGACACACAGGCATCTGCTGACAGCTTGAAATGTGCTGCCCAAAAAGCGCTTGAAAGTGAACACAATTACCAAAAAACGGCTTTCTGTATTCACCTAGATAATGGTGGATCGTTTAACTTAGACATTAGGCTAATATCTGAGCTTTCATTTTCGAAATATAACCCATGGGCTCTTCCATGTCCGAAGGACAAAGACTCAAATTCTTGGCAGGTTGTGAGCGACTGTTTTCAATAA","MGHLAGSFSVLSLYGI",1
"KHR","truncated","ATGGGCCACTTAGCCGGATCCTTTTCGGTATTATCTCTGTATGGAATATAGCTACAGCTGTTGCATCGAGCGACAGCATTTACCTTAAGGGACACAGAGTAGGACAGGATATCGACAGTCTATACAGAGTGTATGGTAATGGTACTATGTACCCCGTCACTTTCAATGAGTGGTTAAATGATCTAGCTGGGATGAATGACTCGGCAACAAATAACGCAACAATATTAAAATGTGACAGTAGCGATGTTTCTTGCGTTAATGAAACATGCCAATACGTGGATTACCACGTGGATGACGAAGGAGTTATAACTATAGACATATCTACGTATCATATCCCTGTCGAATGGGATAATGGTTTTGCAAGCAACGCATCATATGGAGTTTCAAAGCGTGATACAAAATATGAGACATTCTGTAAGAAGAAAATATGCGGTATAAACGTTTCCGGTTTCTGTAACGCGTATGACTTCGCCCTTCTTGCTTTCGACTTTGGTGGCAATGTCTACAGCCTTGCTAGTGGTATCATTGATAGGATTAAAGGCGCTACGAAGAGGGATAAGACCGAATGTCTAGGTTACGAACTAGATCATGTGAGAATAGATCCTGCTGTTGATTGGTCTATATTTATTTCTACTTGGAAGCAAGGGCCGGCCAATTATGACACACAGGCATCTGCTGACAGCTTGAAATGTGCTGCCCAAAAAGCGCTTGAAAGTGAACACAATCACCAAAAAACGGCTTTCTGTATTCACCTAGATAATGGTGGATCGTTTAACTTAGACATTAGGCTAATATCTGAGCTTTCATTTTCGAAATATAACCCATGGGCTCTTCCATGTCCGAAGGACAAAGACTCAAATTCTTGGCAGGTTGTGAGCGACTGTTTTCAATAA","MGHLAGSFSVLSLYGI",3
"KHR","truncated","ATGGGCCACTTAGCCGGATACTTTTCGGTATTATCGCTATATGGAATATAGCTACAGCTGTTGCATCGAGCGACAGCATTTACCTTAAGGGACACAGAGTAGGACAGGATATCAACAGTCTATACAGAGTGTATGGTAATGGTACTATGTACCCCGTCACTTTCAATGAGTGGTTAAATGATCTAGCTGGGATGAATGACTCGGCAACAAATAACGCAACAATATTAAAATGTGACAGTAGCGATGTTTCTTGCGTTAATGAAACATGCCAATACGTAGATTACCACGTGGATGACGAAGGAGTTATAACTATAGACATATCTACGTATCATATCCCTGTCGAATGGGATAATGGTTCTGCAAGCAACGCATCATATGGAGTTTCAAAGCGTGATACAAAATATGAGACATTCTGTAAGAAGAAAATATGCGGTATAAACGTTTCCGGTTTCTGTAACGCGTATGACTTCGCCCTTCTTGCTTTCGACTTTGGCAATGTCTACAGCCTTGCTAGTGGTATCATTGATAGGATTAAAGGCGCTACGAAGAGGGATAAGACCGAATTTCTAGGTTACGAACTAGATCATGTGAGAATAGATCCTGCTGTTGATTGGTCTATATTTATTTCTACTTGGAAGCAAGGGCCGGCCAATTATGACACACAGGCATCTGCTGACAGCTTGAAATGTGCTGCCCAAAAAGCGCTTGAAAGTGAACACAATCACCAAAAAACAGCTTTCTGTATTCACCTAGATAATGGTGGATCGTTTAACTTAGACATTAGGCTAATATCTGAGCTTTCATTTTCGAAATATAACCCATGGGCTCTTCCATGTCCGAAGGACAAAGGCTCCAATTCTTGGCAAGTTGTGAGCGACTGTTTTCAATAA","MGHLAGYFSVLSLYGI",2
"KHR","truncated","ATGGGCCACTTAGCCGGATACTTTTCGGTATTATCGCTATATGGAATATAGCTACAGCTGTTGCATCGAGCGACAGCATTTACCTTAAGGGACACAGAGTAGGACAGGATATCAACAGTCTATACAGAGTGTATGGTAATGGTACTATGTACCCCGTCACTTTCAATGAGTGGTTAAATGATCTAGCTGGGATGAATGACTCGGCAACAAATAACGCAACAATATTAAAATGTGACAGTAGCGATGTTTCTTGCGTTAATGAAACATGCCAATACGTAGATTACCACGTGGATGACGAAGGAGTTATAACTATAGACATATCTACGTATCATATCCCTGTCGAATGGGATAATGGTTCTGCAAGCAACGCATCATATGGAGTTTCAAAGCGTGATACAAAATATGAGACATTCTGTAAGAAGAAAATATGCGGTATAAACGTTTCCGGTTTCTGTAACGCGTATGACTTCGCCCTTCTTGCTTTCGACTTTGGTGGCAATGTCTACAGCCTTGCTAGTGGTATCATTGATAGGATTAAAGGCGCTACGAAGAGGGATAAGACCGAATTTCTAGGTTACGAACTAGATCATGTGAGAATAGATCCTGCTGTTGATTGGTCTATATTTATTTCTACTTGGAAGCAAGGGCCGGCCAATTATGACACACAGGCATCTGCTGACAGCTTGAAATGTGCTGCCCAAAAAGCGCTTGAAAGTGAACACAATCACCAAAAAACAGCTTTCTGTATTCACCTAGATAATGGAGGATCGTTTAACTTAGACATTAGGCTAATATCTGAGCTTTCATTTTCGAAATATAACCCATGGGCTCTTCCATGTCCGAAGGACAAAGACTCAAATTCTTGGCAGGTTGTGAGCGACTGTTTTCAATAA","MGHLAGYFSVLSLYGI",1
"KHR","truncated","ATGGGCCACTTAGCCGGATACTTTTCGGTATTATCGCTATATGGAATATAGCTACAGCTGTTGCATCGAGCGACAGCATTTACCTTAAGGGACACAGAGTAGGACAGGATATCAACAGTCTATACAGAGTGTATGGTAATGGTACTATGTACCCCGTCACTTTCAATGAGTGGTTAAATGATCTAGCTGGGATGAATGACTCGGCAACAAATAACGCAACAATATTAAAATGTGACAGTAGCGATGTTTCTTGCGTTAATGAAACATGCCAATACGTAGATTACCACGTGGATGACGAAGGAGTTATAACTATAGACATATCTACGTATCATATCCCTGTCGAATGGGATAATGGTTCTGCAAGCAACGCATCATATGGAGTTTCAAAGCGTGATACAAAATATGAGACATTCTGTAAGAAGAAAATATGCGGTATAAACGTTTCCGGTTTCTGTAACGCGTATGACTTCGCCCTTCTTGCTTTCGACTTTGGTGGCAATGTCTACAGCCTTGCTAGTGGTATCATTGATAGGATTAAAGGCGCTACGAAGAGGGATAAGACCGAATTTCTAGGTTATGAACTAGATCATGTGAGAATAGATCCTGCTGTTGATTGGTCTATATTTATTTCTACTTGGAAGCAAGGGCCGGCCAATTATGACACACAGGCATCTGCTGACAGCTTGAAATGTGCTGCCCAAAAAGCGCTTGAAAGTGAACACAATCACCAAAAAACAGCTTTCTGTATTCACCTAGATAATGGTGGATCGTTTAACTTAGACATTAGGCTAATATCTGAGCTTTCATTTTCGAAATATAACCCATGGGCTCTTCCATGTCCGAAGGACAAAGACTCAAATTCTTGGCAGGTTGTGAGCGACTGTTTTCAATAA","MGHLAGYFSVLSLYGI",1
"KHR","truncated","ATGGGCCACTTAGCCGGATACTTTTCGGTATTATCGCTATATGGAATATAGCTACAGCTGTTGCATCGAGCGACAGCATTTACCTTAAGGGACACAGAGTAGGACAGGATATCAACAGTCTATACAGAGTGTATGGTAATGGTACTATGTACCCCGTCACTTTCAATGAGTGGTTAAATGATCTAGCTGGGATGAATGACTCGGCAACAAATAACGCAACAATATTAAAATGTGACAGTAGCGATGTTTCTTGCGTTAATGAAACATGCCAATACGTGGATTACCACGTGGATGACGAAGGAGTTATAACTATAGACATATCTACGTATCATATCCCTGTCAAATGGGACAATGATTCTGCAAGCAACGCATCATATGGAGTTTCAAAGCGTGATACAAAATATGAGACATTCTGTAAGAAGAAAATATGCGGTATAAACGTTTCCGGTTTCTGTAACGCGTATGACTTCGCCCTTCTTGCTTTCGACTTTGGTGGCAATGTCTACAGCCTTGCTAGTGGTATCATTGATAGGATTAAAGGCGCTACGAAGAGGGATAAGACCGAATGTCTACGTTACGAACTAGATCATGTGAGAATAGATCCTGCTGTTGATTGGTCTATATTTATTTCTACTTGGAAGCAAGGGCCGGCCAATTATGACACACAGGCATCTGCTGACAGCTTGAAATGTGCTGCCCAAAAAGCGCTTGAAAGTGAACACAATCACCAAAAAACAGCTTTCTGTATTCACCTAGATAATGGTGGATCGTTTAACTTAGACATTAGGCTAATATCTGAGCTTTCATTTTCGAAATATAACCCATGGGCTCTTCCATGTCCGAAGGACAAAGACTCAAATTCTTGGCAGGTTGTGAGCGACTGTTTTCAATAA","MGHLAGYFSVLSLYGI",2
"KHR","truncated","ATGGGCCACTTAGCCGGATACTTTTCGGTATTATCGCTGTATGGAATATAGCTACAGCTGTTGCATCGAGCGACAGCATTTACCTTAAGGGACACAGAGTAGGACAGGATATCAACAGTCTATACAAAGTGTATGGTAATGGTACTATGTACCCCGTCACTTTCAATGAGTGGTTAAATGATCTAGCTGGGATGAATGACTCGGCAACAAATAACGCAACAATATTAAAATGTGACAGTAGCGATGTTTCTTGCGTTAATGAAACATGCCAATACGTAGATTACCACGTGGATGACGAAGGAGTTATAACTATAGACATATCTACGTATCATATCCCTGTCGAATGGGATAATGGTTCTGCAAGCAACGCATCATATGGAGTTTCAAAGCGTGATACAAAATATGAGACATTCTGTAAGAAGAAAATATGCGGTATAAACGTTTCCGGTTTCTGTAACGCGTATGACTTCGCCCTTCTTGCTTTCGACTTTGGTGGCAATGTCTACAGCCTTGCTAGTGGTATCATTGATAGGATTAAAGGCGCTACGAAGAGGGATAAGACCGAATGTCTAGGTTACGAACTAGATCATGTGAGAATAGATCCTGCTGTTGATTGGTCTATATTTATTTCTACTTGGAAGCAAGGGCCGGCCAATTATGACACACAGGCATCTGCTGACAGCTTGAAATGTGCTGCCCAAAAAGCGCTTGAAAGTGAACACAATCACCAAAAAACAGCTTTCTGTATTCACCTAGATAATGGTGGATCGTTTAACTTAGACATTAGGCTAATATCTGAGCTTTCATTTTCGAAATATAACCCATGGGCTCTTCCATGTCCGAAGGACAAAGACTCAAATTCTTGGCAGGTTGTGAGCGACTGTTTTCAATAA","MGHLAGYFSVLSLYGI",1
"KHR","truncated","ATGGGCCACTTAGCCGGATACTTTTCGGTATTATCGCTGTATGGAATATAGCTACAGCTGTTGCATCGAGCGACAGCATTTACCTTAAGGGACACAGAGTAGGACAGGATATCAACAGTCTATACAAAGTGTATGGTAATGGTACTATGTACCCCGTCACTTTCAATGAGTGGTTAAATGATCTAGCTGGGATGAATGACTCGGCAACAAATAACGCAACAATATTAAAATGTGACAGTAGCGATGTTTCTTGCGTTAATGAAACATGCCAATACGTAGATTACCACGTGGATGACGAAGGAGTTATAACTATAGACATATCTACGTATCATATCCCTGTCGAATGGGATAATGGTTCTGCAAGCAACGCATCATATGGAGTTTCAAAGCGTGATACAAAATATGAGACATTCTGTAAGAAGAAAATATGCGGTATAAACGTTTCCGGTTTCTGTAACGCGTATGACTTCGCCCTTCTTGCTTTCGACTTTGGTGGCAATGTCTACAGCCTTGCTAGTGGTATCATTGATAGGATTAAAGGCGCTACGAAGAGGGATAAGACCGAATTTCTAGGTTACGAACTAGATCATGTGAGAATAGATCCTGCTGTTGATTGGTCTATATTTATTTCTACTTGGAAGCAAGGGCCGGCCAATTATGACACACAGGCATCTGCTGACAGCTTGAAATGTGCTGCCCAAAAAGCGCTTGAAAGTGAACACAATCACCAAAAAACAGCTTTCTGTATTCACCTAGATAATGGTGGATCGTTTAACTTAGACATTAGGCTAATATCTGAGCTTTCATTTTCGAAATATAACCCATGGGCTCTTCCATGTCCGAAGGACAAAGACTCAAATTCTTGGCAGGTTGTGAGCGACTGTTTTCAATAA","MGHLAGYFSVLSLYGI",2
"KHR","truncated","ATGGGCCACTTAGCGATCCTTTTCAGTATTATCGCTGTATGGAATATAGCTACAGCTGTTGCATCGAGCGACAGCATTTACCTTAAGGGACACAGAGTAGGACAGGATATCGACAGTCTATACAGAGTGTACGATAATGGTACTATGTAACCTGTCACTTTCAATGAGTGGTTAAATGATCTAACTGGGATGGATGACTTGGCAACAAATAACGCGACAATATTAAAACGTGACAGTAGCGATGTTTCTTGCGTTAATGAAACATGCCAATATGTGGATTACCACGTGGATGACGAAGGAGTTATAACTATAGACATATCTACGTATCGTATCCCTGTCGAATGGGATAATGGTTCTGCAGGCAACGCATCATATGGAGTCTCAAAGCGTGATACAAAATATGAGACATTCTGTAAGAAGAAAATATGCGGTATAAACGTTTCCGGTTTCTGTAACGCGTATGACTTCGCCGTTCCTGCTTTCGACTTCGGTGGCAATGTCTACAACCTTGTTAGTGGTATCACTGATAGGATTAAAGAAGCTACGAAGAGGGATAAGACTGAATGTCTAGGTTACGAACTAGATCATGTGAGAATAGATCCTGCTGTTGATTGGTCCATATTTATTTCTACTTGGAAACAAGGGTCGGCCAATTGTGACACACAGGCATCTGCTGACAGCTTGAAATGTGCTGCCCAAAAAGCACTTGAAAGTGAACACAATCACCAAAAAACAGCTTTCTGTATTCACCTAGATAATGGTGGATCATTTAACTTAGACATTAGGCTAATATCTGAGCTTTCATTTTCGAAATATAACCCATGGGCTCTTCCATGTCCGAAGGACAAAGGCTCCAATTCTTGGCAAGTTGTGAGCGACTGTTTTCAATAA","MGHLAILFSIIAVWNIATAVASSDSIYLKGHRVGQDIDSLYRVYDNGTM",1
"KHR","mutant","ATGGGCCACTTAGCGATCCTTTTCAGTATTATCGCTGTATGGAATATAGCTACAGCTGTTGCATCGAGCGACAGCATTTACCTTAAGGGACACAGAGTAGGACAGGATATCGACAGTCTATACAGAGTGTACGATAATGGTACTATGTACCCTGTCACTTTCAATGAGTGGTTAAATGATCTAACTGGGATGGATGACTTGGCAACAAATAACGCGACAATATTAAAACGTGACAGTAGCGATGTTTCTTGCGTTAATGAAACATGCCAATACGTGGATTACCACGTGGATGACGAAGGAGTTATAAATATAGACATATCTACGTATCGTATCCCTGTCGAATGGGATAATGGTTCTGCAGGCAACGCATCATATGGAGTCTCAAAGCGTGATACAAAATATGAGACATTCTGTAAGAAGAAAATATGCGGTATAAACGTTTCCGGTTTCTGTAACGCGTATGACTTCGCCGTTCCTGCTTTCGACTTCGGTGGCAATGTCTACAACCTTGTTAGTGGTATCACTGATAGGATTAAAGAAGCTACGAAGAGGGATAAGACTGAATGTCTAGGTTACGAACTAGATCATGTGAGAATAGATCCTGCTGTTGATTGGTCCATATTTATTTCTACTTGGAAACAAGGGTCGGCCAATTGTGACACACAGGCATCTGCTGACAGCTTGAAATGTGCTGCCCAAAAAGCACTTGAAAGTGAACACAATCACCAAAAAACAGCTTTCTGTATTCACCTAGATAATGGTGGATCATTTAACTTAGACATTAGGCTAATATCTGAGCTTTCATTTTCGAAATATAACCCATGGGCTCTTCCATGTCCGAAGGACAAAGGCTCCAATTCTTGGCAAGTTGTGAGCGACTGTTTTCAATAA","MGHLAILFSIIAVWNIATAVASSDSIYLKGHRVGQDIDSLYRVYDNGTMYPVTFNEWLNDLTGMDDLATNNATILKRDSSDVSCVNETCQYVDYHVDDEGVINIDISTYRIPVEWDNGSAGNASYGVSKRDTKYETFCKKKICGINVSGFCNAYDFAVPAFDFGGNVYNLVSGITDRIKEATKRDKTECLGYELDHVRIDPAVDWSIFISTWKQGSANCDTQASADSLKCAAQKALESEHNHQKTAFCIHLDNGGSFNLDIRLISELSFSKYNPWALPCPKDKGSNSWQVVSDCFQ",1
"KHR","mutant","ATGGGCCACTTAGCGATCCTTTTCAGTATTATCGCTGTATGGAATATAGCTACAGCTGTTGCATCGAGCGACAGCATTTACCTTAAGGGACACAGAGTAGGACAGGATATCGACAGTCTATACAGAGTGTACGATAATGGTACTATGTACCCTGTCACTTTCAATGAGTGGTTAAATGATCTAACTGGGATGGATGACTTGGCAACAAATAACGCGACAATATTAAAACGTGACAGTAGCGATGTTTCTTGCGTTAATGAAACATGCCAATACGTGGATTACCACGTGGATGACGAAGGAGTTATAACTATAGACATATCTACGTATCGTATCCCTGTCGAATGGGATAATGGTTCTGCAGGCAACGCATCATATGGAGTCTCAAAGCGTGATACAAAATATGAGACATTCTGTAAGAAGAAAATATGCGGTATAAACGTTTCCGGTTTCTGTAACGCGTATGACTTCGCCGTTCCTGCTTTCGACTTCGGTGGCAATGTCTACAACCTTGTTAGTGGTATCACTGATAGGATTAAAGAAGCTACGAAGAGGGATAAGACTGAATGTCTAGGTTACGAACTAGATCATGTGAGAATAGATCCTGCTGTTGATTGGTCCATATTTATTTCTACTTGGAAACAAGGGTCGGCCAATTGTGACACACAGGCATCTGCTGACAGCTTGAAATGTGCTGCCCAAAAAGCACTTGAAAGTGAACACAATCACCAAAAAACAGCTTTCTGTATTCACCTAGATAATGGTGGATCATTTAACTTAGACATTAGGCTAATATCTGAGCTTTCATTTTCGAAATATAACCCATGGGCTCTTCCATGTCCGAAGGACAAAGGCTCCAATTCTTGGCAAGTTGTGAGCGACTGTTTTCAATAA","MGHLAILFSIIAVWNIATAVASSDSIYLKGHRVGQDIDSLYRVYDNGTMYPVTFNEWLNDLTGMDDLATNNATILKRDSSDVSCVNETCQYVDYHVDDEGVITIDISTYRIPVEWDNGSAGNASYGVSKRDTKYETFCKKKICGINVSGFCNAYDFAVPAFDFGGNVYNLVSGITDRIKEATKRDKTECLGYELDHVRIDPAVDWSIFISTWKQGSANCDTQASADSLKCAAQKALESEHNHQKTAFCIHLDNGGSFNLDIRLISELSFSKYNPWALPCPKDKGSNSWQVVSDCFQ",3
"KHR","mutant","ATGGGCCACTTAGCGATCCTTTTCAGTATTATCGCTGTATGGAATATAGCTACAGCTGTTGCATCGAGCGACAGCATTTACCTTAAGGGACACAGAGTAGGACAGGATATCGACAGTCTATACAGAGTGTACGATAATGGTACTATGTACCCTGTCACTTTCAATGAGTGGTTAAATGATCTAACTGGGATGGATGACTTGGCAACAAATAACGCGACAATATTAAAACGTGACAGTAGCGATGTTTCTTGCGTTAATGAAACATGCCAATATGTGGATTACCACGTGGATGACGAAGGAGTTATAACTATAGACATATCTACGTATCGTATCCCTGTCGAATGGGATAATGGTTCTGCAGGCAACGCATCATATGGAGTCTCAAAGCGTGATACAAAATATGAGACATTCTGTAAGAAGAAAATATGCGGTATAAACGTTTCCGGTTTCTGTAACGCGTATGACTTCGCCGTTCCTGCTTTCGACTTCGGTGGCAATGTCTACAACCTTGTTAGTGGTATCACTGATAGGATTAAAGAAGCTACGAAGAGGGATAAGACTGAATGTCTAGGTTACGAACTAGATCATGTGAGAATAGATCCTGCTGTTGATTGGTCCATATTTATTTCTACTTGGAAACAAGGGTCGGCCAATTGTGACACACAGGCATCTGCTGACAGCTTGAAATGTGCTGCCCAAAAAGCACTTGAAAGTGAACACAATCACCAAAAAACAGCTTTCTGTATTCACCTAGATAATGGTGGATCATTTAACTTAGACATTAGGCTAATATCTGAGCTTTCATTTTCGAAATATAACCCATGGGCTCTTCCATGTCCGAAGGACAAAGGCTCCAATTCTTGGCAAGTTGTGAGCGACTGTTTTCAATAA","MGHLAILFSIIAVWNIATAVASSDSIYLKGHRVGQDIDSLYRVYDNGTMYPVTFNEWLNDLTGMDDLATNNATILKRDSSDVSCVNETCQYVDYHVDDEGVITIDISTYRIPVEWDNGSAGNASYGVSKRDTKYETFCKKKICGINVSGFCNAYDFAVPAFDFGGNVYNLVSGITDRIKEATKRDKTECLGYELDHVRIDPAVDWSIFISTWKQGSANCDTQASADSLKCAAQKALESEHNHQKTAFCIHLDNGGSFNLDIRLISELSFSKYNPWALPCPKDKGSNSWQVVSDCFQ",1
"KHR","mutant","ATGGGTCACTTAGCGATCCTTTTCAGTATTATCGCTGTATGGAATATAGCTACAGCTGTTGCATCGAGCGACAGCATTTACCTTAAGGGACACAGAGTAGGACAGGATATCGACAGTCTATACAGAGTGTACGATAATGGTACTATGTACCCTGTCACTTTCAATGAGTGGTTAAATGATCTAACTGGGATGGATGACTTGGCAACAAATAACGCGACAATATTAAAACGTGACAGTAGCGATGTTTCTTGCGTTAATGAAACATGCCAATACGTGGATTACCACGTGGATGACGAAGGAGTTATAACTATAGACATATCTACGTATCGTATCCCTGTCGAATGGGATAATGGTTCTGCAGGCAACGCATCATATGGAGTCTCAAAGCGTGATACAAAATATGAGACATTCTGTAAGAAGAAAATATGCGGTATAAACGTTTCCGGTTTCTGTAACGCGTATGACTTCGCCGTTCCTGCTTTCGACTTCGGTGGCAATGTCTACAACCTTGTTAGTGGTATCACTGATAGGATTAAAGAAGCTACGAAGAGGGATAAGACTGAATGTCTAGGTTACGAACTAGATCATGTGAGAATAGATCCTGCTGTTGATTGGTCCATATTTATTTCTACTTGGAAACAAGGGTCGGCCAATTGTGACACACAGGCATCTGCTGACAGCTTGAAATGTGCTGCCCAAAAAGCACTTGAAAGTGAACACAATCACCAAAAAACAGCTTTCTGTATTCACCTAGATAATGGTGGATCATTTAACTTAGACATTAGGCTAATATCTGAGCTTTCATTTTCGAAATATAACCCATGGGCTCTTCCATGTCCGAAGGACAAAGGCTCCAATTCTTGGCAAGTTGTGAGCGACTGTTTTCAATAA","MGHLAILFSIIAVWNIATAVASSDSIYLKGHRVGQDIDSLYRVYDNGTMYPVTFNEWLNDLTGMDDLATNNATILKRDSSDVSCVNETCQYVDYHVDDEGVITIDISTYRIPVEWDNGSAGNASYGVSKRDTKYETFCKKKICGINVSGFCNAYDFAVPAFDFGGNVYNLVSGITDRIKEATKRDKTECLGYELDHVRIDPAVDWSIFISTWKQGSANCDTQASADSLKCAAQKALESEHNHQKTAFCIHLDNGGSFNLDIRLISELSFSKYNPWALPCPKDKGSNSWQVVSDCFQ",1
"KHR","mutant","ATGGGCCACTTAGCGATCCTTTTCAGTATTATCGCTGTATGGAATATAGCTACAGCTGTTGCATCGAGCGACAGCATTTACCTTAAGGGACACAGAGTAGGACAGGATATCGACAGTCTATACAGAGTGTACGATAATGGTACTATGTACCCTGTCACTTTCAATGAGTGGTTAAATGATCTAACTGGGATGGATGACTTGGCAACAAATAACGCGACAATATTAAAACGTGACAGTAGCGATGTTTCTTGCGTTAATGAAACATGCCAATATGTGGATTACCACGTGGATGACGAAGGAGTTATAACTATAGACATATCTACGTATCGTATCCCTGTCGAATGGGATAATGGTTCTGCAGGCAACGCATCATATGGAGTCTCAAAGCGTGATACAAAATATGAGACATTCTGTAAGAAGAAAATATGCGGTATAAACGTTTCCGGTTTCTGTAACGCGTATGACTTCGCCGTTCCTGCTTTCGACTTCGGTGGCAATGTCTACAACCTTGTTAGTGGTATCACTGATAGGATTAAAGAAGTTACGAAGAGGGATAAGACTGAATGTCTAGGTTACGAACTAGATCATGTGAGAATAGATCCTGCTGTTGATTGGTCCATATTTATTTCTACTTGGAAACAAGGGTCGGCCAATTGTGACACACAGGCATCTGCTGACAGCTTGAAATGTGCTGCCCAAAAAGCACTTGAAAGTGAACACAATCACCAAAAAACAGCTTTCTGTATTCACCTAGATAATGGTGGATCATTTAACTTAGACATTAGGCTAATATCTGAGCTTTCATTTTCGAAATATAACCCATGGGCTCTTCCATGTCCGAAGGACAAAGGCTCCAATTCTTGGCAAGTTGTGAGCGACTGTTTTCAATAA","MGHLAILFSIIAVWNIATAVASSDSIYLKGHRVGQDIDSLYRVYDNGTMYPVTFNEWLNDLTGMDDLATNNATILKRDSSDVSCVNETCQYVDYHVDDEGVITIDISTYRIPVEWDNGSAGNASYGVSKRDTKYETFCKKKICGINVSGFCNAYDFAVPAFDFGGNVYNLVSGITDRIKEVTKRDKTECLGYELDHVRIDPAVDWSIFISTWKQGSANCDTQASADSLKCAAQKALESEHNHQKTAFCIHLDNGGSFNLDIRLISELSFSKYNPWALPCPKDKGSNSWQVVSDCFQ",2
"KHR","mutant","ATGGGCCACTTAGCGATCCTTTTCAGTATTATCGCTGTATGGAATATAGCTACAGCTGTTGCATCGAGCGACAGCATTTACCTTAAGGGACACAGAGTAGGACAGGATATCGACAGTCTATACAGAGTGTACGATAATGGTACTATGTACCCTGTCACTTTCAATGAGTGGTTAAATGATCTAACTGGGATGAATGACTTGGCAACAAATAACGCGACAATATTAAAACGTGACAGTAGCGATGTTTCTTGCGTTAATGAAACATGCCAATACGTGGATTACCACGTGGATGACGAAGGAGTTATAACTATAGACATATCTACGTATCGTATCCCTGTCGAATGGGATAATGGTTCTGCAGACAACGCATCATATGGAGTCTCAAAGCGTGATACAAAATATGAGACATTCTGTAAGAAGAAAATATGCGGTATAAACGTTTCCGGTTTCTGTAACGCGTATGACTTCGCCGTTCCTGCTTTCGACTTCGGTGGCAATGTCTACAGCCTTGCTAGTGATATCATTGATAGGATTAAAGGCGCTACGAAGAGGGATAAGACCGAATGTCTACGTTACGAACTAGATCATGTGAGAATAGATCCTGCTGTTGATTGGTCTATATTTATTTCTACTTGGAAGCAAGGGCCGGCCAATTATGACACACAGGCATCTGCTGACAGCTTGAAATGTGCTGCCCAAAAAGCGCTTGAAAGTGAACACAATCACCAAAAAACAGCTTTCTGTATTCACCTAGATAATGGTGGATCGTTTAACTTAGACATTAGGCTAATATCTGAGCTTTCATTTTCGAAATATAACCCATGGGCTCTTCCATGTCCGAAGGACAAAGACTCAAATTCTTGGCAGGTTGTGAGCGACTGTTTTCAATAA","MGHLAILFSIIAVWNIATAVASSDSIYLKGHRVGQDIDSLYRVYDNGTMYPVTFNEWLNDLTGMNDLATNNATILKRDSSDVSCVNETCQYVDYHVDDEGVITIDISTYRIPVEWDNGSADNASYGVSKRDTKYETFCKKKICGINVSGFCNAYDFAVPAFDFGGNVYSLASDIIDRIKGATKRDKTECLRYELDHVRIDPAVDWSIFISTWKQGPANYDTQASADSLKCAAQKALESEHNHQKTAFCIHLDNGGSFNLDIRLISELSFSKYNPWALPCPKDKDSNSWQVVSDCFQ",1
"KHR","mutant","ATGGGCCACTTAGCGATCCTTTTCAGTATTATCGCTGTATGGAATATAGCTACAGCTGTTGCATCGAGCGACAGCATTTACCTTAAGGGACACAGAGTAGGACAGGATATCGACAGTCTATACAGAGTGTACGATAATGGTACTATGTACCCTGTCACTTTCAATGAGTGGTTAAATGATCTAACTGGGATGAATGACTTGGCAACAAATAACGCGACAATATTAAAACGTGACAGTAGCGATGTTTCTTGCGTTAATGAAACATGCCAATACGTGGATTACCACGTGGATGACGAAGGAGTTATAACTATAGACATATCTACGTATCGTATCCCTGTCGAATGGGATAATGGTTCTGCAGGCAACGCATCATATGGAGTCTCAAAGCGTGATACAAAATATGAGACATTCTGTAAGAAGAAAATATGCGGTATAAACATTTCCGGTTTCTGTAACGCGTATGACTTCGCCGTTCCTGCTTTCGACTTCGGTGGCAATGTCTACAACCTTGTTAGTGGTATCACTGATAGGATTAAAGAAGCTACGAAGAGGGATAAGACTGAATGTCTAGGTTACGAACTAGATCATGTGAGAATAGATCCTGCTGTTGATTGGTCCATATTTATTTCTACTTGGAAACAAGGGTCGGCCAATTGTGACACACAGGCATCTGCTGACAGCTTGAAATGTGCTGCCCAAAAAGCACTTGAAAGTGAACACAATCACCAAAAAACAGCTTTCTGTATTCACCTAGATAATGGTGGATCATTTAACTTAGACATTAGGCTAATATCTGAGCTTTCATTTTCGAAATATAACCCATGGGCTCTTCCATGTCCGAAGGACAAAGGCTCCAATTCTTGGCAAGTTGTGAGCGACTGTTTTCAATAA","MGHLAILFSIIAVWNIATAVASSDSIYLKGHRVGQDIDSLYRVYDNGTMYPVTFNEWLNDLTGMNDLATNNATILKRDSSDVSCVNETCQYVDYHVDDEGVITIDISTYRIPVEWDNGSAGNASYGVSKRDTKYETFCKKKICGINISGFCNAYDFAVPAFDFGGNVYNLVSGITDRIKEATKRDKTECLGYELDHVRIDPAVDWSIFISTWKQGSANCDTQASADSLKCAAQKALESEHNHQKTAFCIHLDNGGSFNLDIRLISELSFSKYNPWALPCPKDKGSNSWQVVSDCFQ",6
"KHR","mutant","ATGGGCCACTTAGCGATCCTTTTCAGTATTATCGCTGTATGGAATATAGCTACAGCTGTTGCATCGAGCGACAGCATTTACCTTAAGGGACACAGAGTAGGACAGGATATCGACAGTCTATACAGAGTGTACGATAATGGTACTATGTACCCTGTCACTTTCAATGAGTGGTTAAATGATCTAACTGGGATGAATGACTTGGCAACAAATAACGCGACAATATTAAAACGTGACAGTAGCGATGTTTCTTGCGTTAATGAAACATGCCAATACGTGGATTACCACGTGGATGACGAAGGAGTTATAACTATAGACATATCTACGTATCGTATCCCTGTCGAATGGGATAATGGTTCTGCAGGCAACGCATCATATGGAGTCTCAAAGCGTGATACAAAATATGAGACATTCTGTAAGAAGAAAATATGCGGTATAAACGTTTCCGGTTTCTGTAACGCGTATGACTTCGCCGTTCCTGCTTTCGACTTCGGTGGCAATGCCTACAACCTTGTTAGTGGTATCACTGATAGGATTAAAGAAGCTACGAAGAGGGATAAGACTGAATGTCTAGGTTACGAACTAGATCATGTGAGAATAGATCCTGCTGTTGATTGGTCCATATTTATTTCTACTTGGAAACAAGGGTCGGCCAATTGTGACACACAGGCATCTGCTGACAGCTTGAAATGTGCTGCCCAAAAAGCACTTGAAAGTGAACACAATCACCAAAAAACAGCTTTCTGTATTCACCTAGATAATGGTGGATCATTTAACTTAGACATTAGGCTAATATCTGAGCTTTCATTTTCGAAATATAACCCATGGGCTCTTCCATGTCCGAAGGACAAAGGCTCCAATTCTTGGCAAGTTGTGAGCGACTGTTTTCAATAA","MGHLAILFSIIAVWNIATAVASSDSIYLKGHRVGQDIDSLYRVYDNGTMYPVTFNEWLNDLTGMNDLATNNATILKRDSSDVSCVNETCQYVDYHVDDEGVITIDISTYRIPVEWDNGSAGNASYGVSKRDTKYETFCKKKICGINVSGFCNAYDFAVPAFDFGGNAYNLVSGITDRIKEATKRDKTECLGYELDHVRIDPAVDWSIFISTWKQGSANCDTQASADSLKCAAQKALESEHNHQKTAFCIHLDNGGSFNLDIRLISELSFSKYNPWALPCPKDKGSNSWQVVSDCFQ",2
"KHR","mutant","ATGGGCCACTTAGCGATCCTTTTCAGTATTATCGCTGTATGGAATATAGCTACAGCTGTTGCATCGAGCGACAGCATTTACCTTAAGGGACACAGAGTAGGACAGGATATCGACAGTCTATACAGAGTGTACGATAATGGTACTATGTACCCTGTCACTTTCAATGAGTGGTTAAATGATCTAACTGGGATGAATGACTTGGCAACAAATAACGCGACAATATTAAAACGTGACAGTAGCGATGTTTCTTGCGTTAATGAAACATGCCAATACGTGGATTACCACGTGGATGACGAAGGAGTTATAACTATAGACATATCTACGTATCGTATCCCTGTCGAATGGGATAATGGTTCTGCAGGCAACGCATCATATGGAGTCTCAAAGCGTGATACAAAATATGAGACATTCTGTAAGAAGAAAATATGCGGTATAAACGTTTCCGGTTTCTGTAACGCGTATGACTTCGCCGTTCCTGCTTTCGACTTCGGTGGCAATGTCTACAACCTTGTTAGTGGTATCACTGATAGGATTAAAGAAGCTACGAAGAGGGATAAGACTGAATGTCTAGGTTACGAACTAGATCATGTGAGAATAGATCCTGCTGTTGATTGGTCCATATTTATTTCTACTTGGAAACAAGGGTCGGCCAATTGTGACACACAGGCATCTGCTGACAGCTTGAAATGTGCTGCCCAAAAAGCACTTGAAAGTGAACACAATCACCAAAAAACAGCTTTCTGTATTCACCTAGATAATGGTGGATCATTTAACTTAGACATTAGGCTAATATCTGAGCTTTCATTTTCGAAATATAACCCATGGGCTCTTCCATGTCCGAAGGACAAAGGCTCCAATTCTTGGCAAGTTGTGAGCGACTGTTTTCAATAA","MGHLAILFSIIAVWNIATAVASSDSIYLKGHRVGQDIDSLYRVYDNGTMYPVTFNEWLNDLTGMNDLATNNATILKRDSSDVSCVNETCQYVDYHVDDEGVITIDISTYRIPVEWDNGSAGNASYGVSKRDTKYETFCKKKICGINVSGFCNAYDFAVPAFDFGGNVYNLVSGITDRIKEATKRDKTECLGYELDHVRIDPAVDWSIFISTWKQGSANCDTQASADSLKCAAQKALESEHNHQKTAFCIHLDNGGSFNLDIRLISELSFSKYNPWALPCPKDKGSNSWQVVSDCFQ",19
"KHR","mutant","ATGGGCCACTTAGCGATCCTTTTCAGTATTATCGCTGTATGGAATATAGCTACAGCTGTTGCATCGAGCGACAGCATTTACCTTAAGGGACACAGAGTAGGACAGGATATCGACAGTCTATACAGAGTGTACGATAATGGTACTATGTACCCTGTCACTTTCAATGAGTGGTTAAATGATCTAACTGGGATGAATGACTTGGCAACAAATAACGCGACAATATTAAAACGTGACAGTAGCGATGTTTCTTGCGTTAATGAAACATGCCAATACGTGGATTACCACGTGGATGACGAAGGAGTTATAACTATAGACATATCTACGTATCGTATCCCTGTCGAATGGGATAATGGTTCTGCAGGCAACGCATCATATGGAGTCTCAAAGCGTGATACAAAATATGAGACATTCTGTAAGAAGAAAATATGCGGTATAAACGTTTCCGGTTTCTGTAACGCGTATGACTTCGCCGTTCCTGCTTTCGACTTCGGTGGCAATGTCTACAATCTTGTTAGTGGTATCACTGATAGGATTAAAGAAGCTACGAAGAGGGATAAGACTGAATGTCTAGGTTACGAACTAGATCATGTGAGAATAGATCCTGCTGTTGATTGGTCCATATTTATTTCTACTTGGAAACAAGGGTCGGCCAATTGTGACACACAGGCATCTGCTGACAGCTTGAAATGTGCTGCCCAAAAAGCACTTGAAAGTGAACACAATCACCAAAAAACAGCTTTCTGTATTCACCTAGATAATGGTGGATCATTTAACTTAGACATTAGGCTAATATCTGAGCTTTCATTTTCGAAATATAACCCATGGGCTCTTCCATGTCCGAAGGACAAAGGCTCCAATTCTTGGCAAGTTGTGAGCGACTGTTTTCAATAA","MGHLAILFSIIAVWNIATAVASSDSIYLKGHRVGQDIDSLYRVYDNGTMYPVTFNEWLNDLTGMNDLATNNATILKRDSSDVSCVNETCQYVDYHVDDEGVITIDISTYRIPVEWDNGSAGNASYGVSKRDTKYETFCKKKICGINVSGFCNAYDFAVPAFDFGGNVYNLVSGITDRIKEATKRDKTECLGYELDHVRIDPAVDWSIFISTWKQGSANCDTQASADSLKCAAQKALESEHNHQKTAFCIHLDNGGSFNLDIRLISELSFSKYNPWALPCPKDKGSNSWQVVSDCFQ",1
"KHR","mutant","ATGGGCCACTTAGCGATCCTTTTCAGTATTATCGCTGTATGGAATATAGCTACAGCTGTTGCATCGAGCGACAGCATTTACCTTAAGGGACACAGAGTAGGACAGGATATCGACAGTCTATACAGAGTGTACGATAATGGTACTATGTACCCTGTCACTTTCAATGAGTGGTTAAATGATCTAACTGGGATGAATGACTTGGCAACAAATAACGCGACAATATTAAAACGTGACAGTAGCGATGTTTCTTGCGTTAATGAAACATGCCAATACGTGGATTACCACGTGGATGACGAAGGAGTTATAACTATAGACATATCTACGTATCGTATCCCTGTCGAATGGGATAATGGTTCTGCAGGCAACGCATCATATGGAGTCTCAAAGCGTGATACAAAATATGAGACATTCTGTAAGAAGAAAATATGCGGTATAAACGTTTCCGGTTTCTGTAACGCGTATGACTTCGCCGTTCCTGCTTTCGACTTCGGTGGCAATGTCTACAGCCTTGCTAGTGATATCATTGATAGGATTAAAGAAGCTACGAAGAGGGATAAGACTGAATGTCTAGGTTACGAACTAGATCATGTGAGAATAGATCCTGCTGTTGATTGGTCCATATTTATTTCTACTTGGAAACAAGGGTCGGCCAATTGTGACACACAGGCATCTGCTGACAGCTTGAAATGTGCTGCCCAAAAAGCACTTGAAAGTGAACACAATCACCAAAAAACAGCTTTCTGTATTCACCTAGATAATGGTGGATCATTTAACTTAGACATTAGGCTAATATCTGAGCTTTCATTTTCGAAATATAACCCATGGGCTCTTCCATGTCCGAAGGACAAAGGCTCCAATTCTTGGCAAGTTGTGAGCGACTGTTTTCAATAA","MGHLAILFSIIAVWNIATAVASSDSIYLKGHRVGQDIDSLYRVYDNGTMYPVTFNEWLNDLTGMNDLATNNATILKRDSSDVSCVNETCQYVDYHVDDEGVITIDISTYRIPVEWDNGSAGNASYGVSKRDTKYETFCKKKICGINVSGFCNAYDFAVPAFDFGGNVYSLASDIIDRIKEATKRDKTECLGYELDHVRIDPAVDWSIFISTWKQGSANCDTQASADSLKCAAQKALESEHNHQKTAFCIHLDNGGSFNLDIRLISELSFSKYNPWALPCPKDKGSNSWQVVSDCFQ",1
"KHR","mutant","ATGGGCCACTTAGCGATCCTTTTCAGTATTATCGCTGTATGGAATATAGCTACAGCTGTTGCATCGAGCGACAGCATTTACCTTAAGGGACACAGAGTAGGACAGGATATCGACAGTCTATACAGAGTGTACGATAATGGTACTATGTACCCTGTCACTTTCAATGAGTGGTTAAATGATCTAACTGGGATGAATGACTTGGCAACAAATAACGCGACAATATTAAAACGTGACAGTAGCGATGTTTCTTGCGTTAATGAAACATGCCAATACGTGGATTACCACGTGGATGACGAAGGAGTTATAACTATAGACATATCTACGTATCGTATCCCTGTCGAATGGGATAATGGTTCTGCAGGCAACGCATCATATGGAGTCTCAAAGCGTGATACAAAATATGAGACATTCTGTAAGAAGAAAATATGCGGTATAAACGTTTCCGGTTTCTGTAACGCGTATGACTTCGCCGTTCCTGCTTTCGACTTCGGTGGCAATGTCTACAGCCTTGCTAGTGATATCATTGATAGGATTAAAGGCGCTACGAAGAGGGATAAGACTGAATGTCTAGGTTACGAACTAGATCATGTGAGAATAGATCCTGCTGTTGATTGGTCTATATTTATTTCTACCTGGAAGCAAGGGCCGGCCAATTATGACACACAGGCATCTGCTGACAGCTTGAAATGTGCTGCCCAAAAAGCGCTTGAAAGTGAACACAATCACCAAAAAACAGCTTTCTGTATTCACCTAGATAATGGTGGATCGTTTAACTTAGACATTAGGCTAATATCTGAGCTTTCATTTTCGAAATATAACCCATGGGCTCTTCCATGTCCGAAGGACAAAGACTCAAATTCTTGGCAGGTTGTGAGCGACTGTTTTCAATAA","MGHLAILFSIIAVWNIATAVASSDSIYLKGHRVGQDIDSLYRVYDNGTMYPVTFNEWLNDLTGMNDLATNNATILKRDSSDVSCVNETCQYVDYHVDDEGVITIDISTYRIPVEWDNGSAGNASYGVSKRDTKYETFCKKKICGINVSGFCNAYDFAVPAFDFGGNVYSLASDIIDRIKGATKRDKTECLGYELDHVRIDPAVDWSIFISTWKQGPANYDTQASADSLKCAAQKALESEHNHQKTAFCIHLDNGGSFNLDIRLISELSFSKYNPWALPCPKDKDSNSWQVVSDCFQ",1
"KHR","mutant","ATGGGCCACTTAGCGATCCTTTTCAGTATTATCGCTGTATGGAATATAGCTACAGCTGTTGCATCGAGCGACAGCATTTACCTTAAGGGACACAGAGTAGGACAGGATATCGACAGTCTATACAGAGTGTACGATAATGGTACTATGTACCCTGTCACTTTCAATGAGTGGTTAAATGATCTAACTGGGATGAATGACTTGGCAACAAATAACGCGACAATATTAAAACGTGACAGTAGCGATGTTTCTTGCGTTAATGAAACATGCCAATACGTGGATTACCACGTGGATGACGAAGGAGTTATAACTATAGACATATCTACGTATCGTATCCCTGTCGAATGGGATAATGGTTCTGCAGGCAACGCATCATATGGAGTCTCAAAGCGTGATACAAAATATGAGACATTCTGTAAGAAGAAAATATGTGGTATAAACGTTTCCGGTTTCTGTAACGCGTATGACTTCGCCGTTCCTGCTTTCGACTTCGGTGGCAATGTCTACAGCCTTGCTAGTGATATCATTGATAGGATTAAAGGCGCTACGAAGAGGGATAAGACCGAATGTCTACGTTACGAACTAGATCATGTGAGAATAGATCCTGCTGTTGATTGGTCTATATTTATTTCTACTTGGAAGCAAGGGCCGGCCAATTATGACACACAGGCATCTGCTGACAACTTGAAATGTGCTGCCCAAAAAGCGCTTGAAAGTGAACACAATCACCAAAAAACAGCTTTCTGTATTCACCTAGATAATGGTGGATCGTTTAACTTAGACATTAGGCTAATATCTGAGCTTTCATTTTCGAAATATAACCCATGGGCTCTTCCATGTCCGAAGGACAAAGACTCAAATTCTTGGCAGGTTGTGAGCGACTGTTTTCAATAA","MGHLAILFSIIAVWNIATAVASSDSIYLKGHRVGQDIDSLYRVYDNGTMYPVTFNEWLNDLTGMNDLATNNATILKRDSSDVSCVNETCQYVDYHVDDEGVITIDISTYRIPVEWDNGSAGNASYGVSKRDTKYETFCKKKICGINVSGFCNAYDFAVPAFDFGGNVYSLASDIIDRIKGATKRDKTECLRYELDHVRIDPAVDWSIFISTWKQGPANYDTQASADNLKCAAQKALESEHNHQKTAFCIHLDNGGSFNLDIRLISELSFSKYNPWALPCPKDKDSNSWQVVSDCFQ",1
"KHR","mutant","ATGGGCCACTTAGCGATCCTTTTCAGTATTATCGCTGTATGGAATATAGCTACAGCTGTTGCATCGAGCGACAGCATTTACCTTAAGGGACACAGAGTAGGACAGGATATCGACAGTCTATACAGAGTGTACGATAATGGTACTATGTACCCTGTCACTTTCAATGAGTGGTTAAATGATCTAACTGGGATGAATGACTTGGCAACAAATAACGCGACAATATTAAAACGTGACAGTAGCGATGTTTCTTGCGTTAATGAAACATGCCAATACGTGGATTACCACGTGGATGACGAAGGAGTTATAACTATAGACATATCTACGTATCGTATCCCTGTCGAATGGGATAATGGTTCTGCAGGCAACGCATCATATGGAGTCTCAAAGCGTGATACAAAATATGAGACATTCTGTAAGAAGAAAATATGCGGTATAAACGTTTCCGGTTTCTGTAACGCGTATGACTTCGCCGTTCCTGCTTTCGACTTCGGTGGCAATGTCTACAGCCTTGCTAGTGATATCATTGATAGGATTAAAGGCGCTACGAAGAGGGATAAGACCGAATGTCTACGTTACGAACTAGATCATGTGAGAATAGATCCTGCTGTTGATTGGTCTATATTTATTTCTACTTGGAAGCAAGGGCCGGCCAATTATGACACACAGGCATCTGCTGACAGCTTGAAATGTGCTGCCCAAAAAGCGCTTGAAAGTGAACACAATCACCAAAAAACAGCTTTCTGTATTCACCTAGATAATGGTGGATCGTTTAACTTAGACATTAGGCTAATATCTGAGCTTTCATTTTCGAAATATAACCCATGGGCTCTTCCATGTCCGAAGGACAAAGACTCAAATTCTTGGCAGGTTGTGAGCGACTGTTTTCAATAA","MGHLAILFSIIAVWNIATAVASSDSIYLKGHRVGQDIDSLYRVYDNGTMYPVTFNEWLNDLTGMNDLATNNATILKRDSSDVSCVNETCQYVDYHVDDEGVITIDISTYRIPVEWDNGSAGNASYGVSKRDTKYETFCKKKICGINVSGFCNAYDFAVPAFDFGGNVYSLASDIIDRIKGATKRDKTECLRYELDHVRIDPAVDWSIFISTWKQGPANYDTQASADSLKCAAQKALESEHNHQKTAFCIHLDNGGSFNLDIRLISELSFSKYNPWALPCPKDKDSNSWQVVSDCFQ",1
"KHR","mutant","ATGGGCCACTTAGCGATCCTTTTCAGTATTATCGCTGTATGGAATATAGCTACAGCTGTTGCATCGAGCGACAGCATTTACCTTAAGGGACACAGAGTAGGACAGGATATCGACAGTCTATACAGAGTGTACGATAATGGTACTATGTACCCTGTCACTTTCAATGAGTGGTTAAATGATCTAACTGGGATGAATGACTTGGCAACAAATAACGCGACAATATTAAAACGTGACAGTAGCGATGTTTCTTGCGTTAATGAAACATGCCAATACGTGGATTACCACGTGGATGACGAAGGAGTTATAACTATAGACATATCTACGTATCGTATCCCTGTCGAATGGGATAATGGTTCTGCAGGCAACGCATCATATGGAGTCTCAAAGCGTGATACAAAATATGAGACATTCTGTAAGAAGAAAATATGCGGTATAAACGTTTCCGGTTTCTGTAACGCGTATGACTTCGCCGTTCCTGCTTTCGACTTCGGTGGCAATGTCTACAGCCTTGCTAGTGATATCATTGATAGGATTAAAGGCACTACGAAGAGGGATAAGACCGAATGTCTACGTTACGAACTAGATCATGTGAGAATAGATCCTGCTGTTGATTGGTCTATATTTATTTCTACTTGGAAGCAAGGGCCGGCCAATTATGACACACAGGCATCTGCTGACAGCTTGAAATGTGCTGCCCAAAAAGCGCTTGAAAGTGAACACAATCACCAAAAAACAGCTTTCTGTATTCACCTAGATAATGGTGGATCGTTTAACTTAGACATTAGGCTAATATCTGAGCTTTCATTTTCGAAATATAACCCATGGGCTCTTCCATGTCCGAAGGACAAAGACTCAAATTCTTGGCAGGTTGTGAGCGACTGTTTTCAATAA","MGHLAILFSIIAVWNIATAVASSDSIYLKGHRVGQDIDSLYRVYDNGTMYPVTFNEWLNDLTGMNDLATNNATILKRDSSDVSCVNETCQYVDYHVDDEGVITIDISTYRIPVEWDNGSAGNASYGVSKRDTKYETFCKKKICGINVSGFCNAYDFAVPAFDFGGNVYSLASDIIDRIKGTTKRDKTECLRYELDHVRIDPAVDWSIFISTWKQGPANYDTQASADSLKCAAQKALESEHNHQKTAFCIHLDNGGSFNLDIRLISELSFSKYNPWALPCPKDKDSNSWQVVSDCFQ",1
"KHR","mutant","ATGGGCCACTTAGCGATCCTTTTCAGTATTATCGCTGTATGGAATATAGCTACAGCTGTTGCATCGAGCGACAGCATTTACCTTAAGGGACACAGAGTAGGACAGGATATCGACAGTCTATACAGAGTGTACGATAATGTTACTATGTACCCTGTCACTTTCAATGAGTGGTTAAATGATCTAACTGGGATGAATGACTTGGCAACAAATAACGCGACAATATTAAAACGTGACAGTAGCGATGTTTCTTGCGTTAATGAAACATGCCAATACGTGGATTACCACGTGGATGACGAAGGAGTTATAACTATAGACATATCTACGTATCGTATCCCTGTCGAATGGGATAATGGTTCTGCAGGCAACGCATCATATGGAGTCTCAAAGCGTGATACAAAATATGAGACATTCTGTAAGAAGAAAATATGCGGTATAAACGTTTCCGGTTTCTGTAACGCGTATGACTTCGCCGTTCCTGCTTTCGACTTCGGTGGCAATGTCTACAACCTTGTTAGTGGTATCACTGATAGGATTAAAGAAGCTACGAAGAGGGATAAGACTGAATGTCTAGGTTACGAACTAGATCATGTGAGAATAGATCCTGCTGTTGATTGGTCCATATTTATTTCTACTTGGAAACAAGGGTCGGCCAATTGTGACACACAGGCATCTGCTGACAGCTTGAAATGTGCTGCCCAAAAAGCACTTGAAAGTGAACACAATCACCAAAAAACAGCTTTCTGTATTCACCTAGATAATGGTGGATCATTTAACTTAGACATTAGGCTAATATCTGAGCTTTCATTTTCGAAATATAACCCATGGGCTCTTCCATGTCCGAAGGACAAAGGCTCCAATTCTTGGCAAGTTGTGAGCGACTGTTTTCAATAA","MGHLAILFSIIAVWNIATAVASSDSIYLKGHRVGQDIDSLYRVYDNVTMYPVTFNEWLNDLTGMNDLATNNATILKRDSSDVSCVNETCQYVDYHVDDEGVITIDISTYRIPVEWDNGSAGNASYGVSKRDTKYETFCKKKICGINVSGFCNAYDFAVPAFDFGGNVYNLVSGITDRIKEATKRDKTECLGYELDHVRIDPAVDWSIFISTWKQGSANCDTQASADSLKCAAQKALESEHNHQKTAFCIHLDNGGSFNLDIRLISELSFSKYNPWALPCPKDKGSNSWQVVSDCFQ",5
